,v^0,v^1,v^2,v^3,v^4,v^5,v^6,v^7,v^8,v^9,v^10,v^11,v^12,v^13,v^14,v^15,v^16,v^17,v^18,v^19,v^20,v^21,v^22,v^23,v^24,v^25,v^26,v^27,v^28,v^29,v^30,v^31,v^32,v^33,v^34,v^35,v^36,v^37,v^38,v^39,v^40,v^41,v^42,v^43,v^44,v^45,v^46,v^47,v^48,v^49,v^50,v^51,v^52,v^53,v^54,v^55,v^56,v^57,v^58,v^59,v^60,v^61,v^62
1,0,0.0,-1.1007583466394295,-2.5262988194357026,-3.968411247598547,-5.303294032650361,-6.48713857908264,-7.51246904475681,-8.388094144896062,-9.129393850274326,-9.753545274843352,-10.277238100949953,-10.715672965060342,-11.08221790228042,-11.388391501607346,-11.643996621913445,-11.85731242553054,-12.035298055542375,-12.18378581657199,-12.307654662945728,-12.410981399873542,-12.497170184978373,-12.569062295518101,-12.62902858363209,-12.679047051574424,-12.720767789727962,-12.755567258800484,-12.784593625645249,-12.808804607467106,-12.828999052478807,-12.84584328872236,-12.85989310531613,-12.871612088863754,-12.8813869187846,-12.889540125622405,-12.896340732995604,-12.902013134178082,-12.906744496126933,-12.910690935224018,-12.913982668487778,-12.916728310216454,-12.919018455830308,-12.920928671163702,-12.922521985840644,-12.923850973005065,-12.924959484028362,-12.925884095432915,-12.926655315773928,-12.92729859230225,-12.927835150624018,-12.928282695062506,-12.928655992831448,-12.928967361295236,-12.929227074393774,-12.92944370164216,-12.92962439089123,-12.929775104178555,-12.929900814452365,-12.930005669659383,-12.930093129610782,-12.930166080142435,-12.9302269283362,-12.930277681944164
2,0,-0.3010299956639812,-1.4881406551655485,-2.93325329958762,-4.372225769684996,-5.696191115520001,-6.867001445178208,-7.879470964256601,-8.74332223777423,-9.474240434900013,-10.08942994806551,-10.605484372531194,-11.037460361591771,-11.398571163706846,-11.700187370104404,-11.951978144177776,-12.162105606830158,-12.337428321685932,-12.483693133171439,-12.6057068895733,-12.70748582297225,-12.792383344700136,-12.863198290317397,-12.922266053001893,-12.971535029043,-13.012630599489759,-13.046908607430709,-13.075500018755687,-13.099348201429873,-13.119240033998713,-13.135831860114182,-13.149671140663022,-13.161214515539033,-13.170842869839646,-13.178873901024518,-13.18557260141257,-13.191160001755405,-13.195820464319835,-13.199707766087881,-13.202950172778847,-13.205654671107757,-13.207910498924104,-13.209792089709437,-13.21136152858988,-13.212670600901559,-13.213762500903806,-13.21467325702032,-13.215432920636072,-13.216066557675264,-13.216595075678615,-13.217035913670399,-13.217403617577856,-13.217710320189887,-13.217966141491521,-13.218179522583858,-13.218357504207225,-13.218505959058199,-13.218629785565437,-13.218733069518745,-13.218819218884095,-13.218891076253128,-13.218951012637607,-13.219001005703516
3,0,-0.4996962098727386,-1.7510948878162218,-3.2139615409943563,-4.653323207690687,-5.971133953957398,-7.133647415642383,-8.137566524652847,-8.99341977905274,-9.717199785196238,-10.326182352508765,-10.836922758702507,-11.264392725998084,-11.621705736755327,-11.920133364084874,-12.16925358506629,-12.377147820912358,-12.550604838894449,-12.695311947932986,-12.81602564440364,-12.916719800269147,-13.000712307171112,-13.070772277544327,-13.129210263404605,-13.177953916086096,-13.21861130065763,-13.252523810592105,-13.280810356158602,-13.30440424812275,-13.324083975511499,-13.34049888387054,-13.354190596757489,-13.365610885041564,-13.375136572508964,-13.383081969047598,-13.389709241384052,-13.395237063431633,-13.399847831610543,-13.403693683184526,-13.406901516179746,-13.409577176515118,-13.411808950499507,-13.413670477932332,-13.415223181927681,-13.416518295636074,-13.417598552737568,-13.418499597485797,-13.419251160828573,-13.419878041412835,-13.42040092384274,-13.420837061190722,-13.421200844281172,-13.4215042765314,-13.421757370017279,-13.421968475832672,-13.422144559642733,-13.422291431523561,-13.422413937672045,-13.422516120311311,-13.422601351068243,-13.422672442224066,-13.422731739508478,-13.422781199499644
4,0,-0.6525650875190707,-1.95742798054229,-3.436829143141666,-4.878105225790512,-6.191988410822139,-7.348470430844593,-8.345920645205892,-9.195608237451301,-9.913828377925993,-10.51794691259404,-11.024507513569478,-11.448425023055448,-11.802739609242451,-12.098647526570726,-12.34565621248125,-12.551784081301049,-12.723765113156388,-12.867239734125857,-12.986924712575796,-13.086760458522557,-13.170036784983486,-13.239499297717506,-13.297438897775699,-13.345766823261433,-13.386077437666621,-13.419700700287363,-13.44774598128631,-13.471138632590794,-13.490650504039424,-13.506925403066903,-13.520500333707282,-13.53182321358952,-13.541267652461467,-13.549145279353944,-13.555716024874554,-13.56119669777992,-13.56576813875656,-13.569581187426277,-13.57276165944864,-13.575414497938018,-13.577627236171951,-13.579472885844716,-13.581012346166561,-13.582296413298687,-13.583367456427387,-13.58426081578128,-13.585005968720289,-13.585627502373107,-13.58614592491612,-13.586578342262952,-13.586939022492517,-13.587239866639875,-13.587490801383646,-13.58770010658765,-13.587874688503913,-13.588020307651927,-13.588141768893319,-13.588243079973328,-13.588327583760858,-13.58839806854994,-13.588456860062564,-13.58850589818839
5,0,-0.7784859031859732,-2.1299575237581356,-3.6249075314114307,-5.068887134120554,-6.3801218330395235,-7.531907124954998,-8.524127914922984,-9.36874682307109,-10.082354855580057,-10.6824172298759,-11.18548113690888,-11.60642092949161,-11.958219129547844,-12.252010811918316,-12.49724524453835,-12.701888463239358,-12.872628692561383,-13.015067097623938,-13.13388712309601,-13.233001083510816,-13.315675202265526,-13.384635329367363,-13.442155846967252,-13.490134194142108,-13.530153214205532,-13.563533252233647,-13.59137565653769,-13.614599086699592,-13.633969809810326,-13.650126976401259,-13.663603706014028,-13.674844676135326,-13.684220793864501,-13.692041433928201,-13.698564646604702,-13.704005672259212,-13.708544043377355,-13.712329508406643,-13.71548697285526,-13.718120620678155,-13.72031735193618,-13.722149650156215,-13.723677974002879,-13.724952752177325,-13.726016047366654,-13.726902944147811,-13.727642706641142,-13.728259744111737,-13.728774416379599,-13.729203705613928,-13.729561776678212,-13.729860444515221,-13.730109563993924,-13.730317355081473,-13.730490674069967,-13.730635239807256,-13.730755822396485,-13.73085640059089,-13.730940293076952,-13.731010267978187,-13.731068634192273,-13.7311173175757
6,0,-0.8863607457690303,-2.2795660130066313,-3.789232909899235,-5.236362667318508,-6.545770206802408,-7.6937392356440935,-8.681557294208453,-9.521843259934505,-10.23147685700764,-10.82802767430691,-11.328055952633619,-11.746406259798027,-12.096013857289782,-12.387962086165489,-12.631650346835665,-12.834999450046324,-13.004657954534592,-13.14619290981864,-13.2642587635956,-13.362743362273132,-13.444892374848637,-13.513414432260458,-13.570569516187916,-13.61824303498585,-13.658007787407419,-13.691175735464501,-13.718841232697986,-13.741917103120727,-13.761164745758185,-13.777219250377673,-13.79061034928011,-13.801779894573924,-13.811096436668137,-13.818867384550986,-13.82534914886532,-13.830755602348637,-13.83526513674317,-13.839026548998902,-13.84216395097743,-13.844780864651055,-13.846963637919437,-13.848784293750533,-13.85030290665577,-13.851569584913284,-13.85262612394464,-13.85350738540005,-13.854242447456189,-13.854855564282119,-13.855366966331907,-13.855793527870372,-13.856149323757737,-13.856446093864836,-13.856693630442992,-13.8569001012298,-13.857072318952643,-13.857215966121904,-13.857335782531608,-13.857435721654017,-13.857519081088785,-13.857588611370781,-13.857646606727009,-13.857694980777127
7,0,-0.9811865923380239,-2.4124187619782957,-3.9360848908630546,-5.386628458160589,-6.694774295166074,-7.839550547599354,-8.823557925714269,-9.66004088391233,-10.366160847425869,-10.959594446406841,-11.456921376491424,-11.872963910742989,-12.220617435993654,-12.510920333242467,-12.753228118036875,-12.955421546714096,-13.124113922657395,-13.264841910954877,-13.38223410244123,-13.480156509336085,-13.561836450951908,-13.629967182142872,-13.686795823433703,-13.73419703747154,-13.77373465082583,-13.80671313719168,-13.834220601789406,-13.857164655748045,-13.876302349445593,-13.892265145150429,-13.905579749318887,-13.916685490126675,-13.925948812730988,-13.933675370108118,-13.9401201081993,-13.945495678027216,-13.94997945229715,-13.953719377977183,-13.95683885795671,-13.959440822852592,-13.96161112731353,-13.963421382885736,-13.964931320912862,-13.96619076343606,-13.967241267126028,-13.968117494490329,-13.96884835760035,-13.969457972076363,-13.969966452808658,-13.970390577669976,-13.970744341119731,-13.971039415966306,-13.971285538524045,-13.971490829873417,-13.971662063824988,-13.97180489042853,-13.971924022402616,-13.972023390635812,-13.972106273890676,-13.97217540699002,-13.972233071055351,-13.97228116877501
8,0,-1.066080644688433,-2.5323948478378036,-4.069431675166274,-5.523545754290559,-6.8308380221404,-7.972884959507331,-8.953526854834346,-9.786607630845461,-10.489563671084444,-11.080179946318518,-11.5750600905591,-11.989009572596506,-12.334889414339571,-12.62369813529629,-12.864751892783218,-13.065895313652558,-13.233709800718641,-13.373704476537364,-13.490484468864006,-13.58789596476914,-13.66914961613113,-13.736924708280938,-13.793456675558923,-13.840610415850769,-13.879941602211565,-13.91274790310691,-13.9401117453189,-13.962936002492059,-13.981973772918188,-13.997853222154184,-14.011098306729588,-14.022146061034771,-14.031361016943237,-14.039047231541366,-14.045458319627302,-14.050805821910574,-14.05526618497997,-14.05898658332691,-14.062089775515897,-14.06467815473081,-14.066837127346213,-14.068637931001886,-14.070139985165286,-14.07139285174096,-14.072437870419082,-14.073309522723337,-14.074036569766008,-14.074643001252145,-14.075148827045787,-14.07557073741714,-14.075922653756097,-14.07621618792363,-14.076461025397679,-14.076665244856013,-14.076835584740993,-14.07697766560169,-14.077096175550079,-14.077195024950324,-14.077277475445515,-14.077346247579083,-14.077403610562106,-14.07745145714837
9,0,-1.1431323291891768,-2.6421150014155432,-4.191965459269285,-5.649740218307604,-6.956483597404476,-8.096158057330706,-9.073781313139119,-9.903774053212013,-10.603841205480444,-11.191876523375148,-11.684510800033662,-12.096536859183574,-12.44078561211526,-12.72821969153039,-12.968119444904282,-13.168296456865313,-13.335302874234687,-13.47462252047042,-13.590838951662478,-13.687780118080974,-13.76864133465946,-13.836089029917375,-13.892347881652606,-13.939273799190842,-13.978414949905158,-14.011062737593534,-14.038294361586606,-14.061008334265201,-14.079954115667347,-14.095756836419689,-14.108937921483824,-14.119932293601407,-14.129102723284516,-14.136751798448973,-14.143131908447188,-14.148453571838086,-14.152892382630649,-14.156594804176748,-14.159683001877493,-14.162258874157642,-14.164407414712008,-14.166199516963337,-14.167694313266813,-14.16894112604606,-14.169981095239692,-14.170848535758163,-14.171572069741371,-14.172175570977123,-14.172678952642688,-14.17309882436158,-14.173449040256202,-14.173741156079487,-14.173984810509573,-14.174188043188428,-14.174357559998546,-14.174498954330742,-14.174616891644245,-14.17471526340853,-14.174797315506527,-14.174865755336164,-14.174922841143763,-14.174970456537409
10,0,-1.2138173919014217,-2.7434438041351674,-4.30560931404104,-5.76709162436795,-7.07351927897643,-8.21110338950413,-9.185985570717047,-10.013143217347011,-10.7105437232302,-11.29618950608461,-11.78674086668486,-12.196981210947818,-12.539714710276167,-12.825871292208177,-13.064698351517928,-13.263976925466746,-13.430232046932735,-13.568924060113753,-13.684616485192695,-13.781120326115207,-13.861616642270066,-13.928759909983718,-13.98476480641491,-14.031478883529203,-14.070443329860291,-14.102943724160758,-14.130052405091373,-14.152663829748722,-14.171524075158374,-14.187255449925601,-14.200377025037438,-14.211321759720894,-14.2204507866868,-14.228065327743092,-14.234416632761475,-14.239714269854046,-14.244133040258404,-14.247818746073266,-14.250893001146592,-14.253457243851317,-14.255596084152007,-14.257380095401025,-14.258868142982234,-14.260109326637842,-14.26114460056748,-14.262008124756246,-14.262728392120508,-14.263329168662429,-14.263830277655076,-14.264248253732667,-14.264596888468821,-14.264887685444467,-14.265130239820946,-14.265332554942738,-14.265501306416539,-14.265642062380097,-14.26575946722896,-14.265857394863348,-14.265939076511664,-14.266007207348418,-14.26606403542442,-14.266111435843584
11,0,-1.2792205888224275,-2.8377611532972917,-4.411791795415096,-5.876999397663775,-7.18329310189124,-8.319014562655084,-9.29138249441302,-10.115913054035703,-10.810830345118266,-11.394244952947938,-11.882848408329858,-12.291417248268045,-12.632731628384791,-12.917691370822878,-13.155513266896767,-13.353949865727897,-13.519500858575677,-13.65760461845876,-13.772805903601135,-13.868899842795066,-13.949054137878662,-14.015912064374712,-14.071678926768511,-14.118194444086681,-14.156993263768273,-14.189355504808997,-14.21634894997092,-14.238864255318516,-14.257644326958136,-14.273308828391558,-14.286374624204148,-14.297272833201552,-14.306363052967237,-14.313945224842154,-14.32026953065104,-14.325544647642353,-14.329944633980753,-14.333614671965442,-14.33667585846789,-14.339229200649665,-14.34135894880084,-14.343135376268547,-14.344617098201608,-14.345853005620619,-14.346883878630065,-14.347743732001923,-14.348460937530003,-14.349059160187842,-14.349558138980331,-14.34997433825343,-14.35032149095318,-14.350611051759113,-14.350852575043804,-14.351054030129733,-14.35122206424579,-14.351362221859729,-14.351479127623907,-14.351576638970672,-14.351657973392625,-14.351725814607125,-14.351782401108574,-14.351829600029893
12,0,-1.340164809490828,-2.9261204595696615,-4.5116073501418805,-5.980537891402161,-7.286841331824661,-8.420886936050156,-9.390929105944506,-10.213006549215663,-10.905594624656576,-11.486911326873459,-11.9736806756219,-12.38067437850858,-12.72065081128115,-13.004481850008856,-13.241355646807065,-13.438997991415043,-13.60388472518201,-13.741433521332713,-13.856171451262831,-13.95187867321959,-14.031710290173814,-14.098299011837502,-14.153841300800053,-14.200169486453312,-14.238812045200069,-14.27104394509681,-14.2979286706688,-14.320353291903182,-14.339057723300604,-14.354659132834792,-14.36767230345532,-14.378526617616519,-14.387580224580516,-14.39513185762714,-14.401430690928201,-14.40668456124348,-14.411066825682703,-14.414722081792833,-14.41777093870187,-14.420313996743355,-14.42243516687114,-14.424204439391234,-14.425680193367231,-14.42691112290055,-14.42793784384493,-14.428794233970487,-14.429508550797443,-14.43010436398353,-14.430601333030479,-14.431015855970573,-14.431361610437374,-14.431650004974236,-14.43189055547141,-14.432091199153202,-14.432258556475338,-14.432398149574034,-14.432514584474836,-14.43261170307348,-14.432692709903366,-14.432760277872626,-14.432816636459632,-14.432863645277033
13,0,-1.3972904533354453,-3.0093463692838243,-4.605915637165731,-6.07855264757688,-7.384980558996834,-8.517505563111458,-9.48538074493057,-10.305152598475795,-10.995542561763454,-11.574875096557411,-12.059907618649783,-12.46540865337811,-12.804116654406547,-13.086877369062089,-13.322851975194501,-13.519740974771578,-13.683997632478162,-13.821020008800476,-13.935318408571494,-14.030658794341916,-14.11018432035932,-14.17651767482524,-14.231846933481718,-14.277997416181861,-14.316491745606982,-14.348600003687482,-14.375381597663845,-14.397720195778168,-14.416352874695164,-14.43189443512912,-14.444857685387445,-14.455670360818868,-14.464689236805393,-14.472211900657838,-14.478486570686457,-14.483720286361875,-14.488085739771664,-14.491726973765639,-14.494764134797418,-14.4972974372826,-14.499410470280022,-14.501172955602318,-14.502643048362156,-14.503869255863021,-14.504892038150066,-14.505745143033167,-14.506456719632364,-14.507050247188669,-14.507545309786957,-14.507958242554146,-14.508302670654363,-14.50858995886601,-14.508829586574974,-14.509029460557157,-14.50919617587122,-14.509335233469598,-14.509451221708453,-14.509547967745416,-14.509628663820811,-14.509695972589096,-14.509752114976012,-14.509798943460465
14,0,-1.4511065618377705,-3.088098009669477,-4.695405959274188,-6.171722920820417,-7.47836756051055,-8.609502385093284,-9.575345828412978,-10.392938632849917,-11.081243395441238,-11.658689972077047,-12.142069808884628,-12.546149587273444,-12.883649397461543,-13.165390404124727,-13.400508238067827,-13.596679380726295,-13.760335619655562,-13.896856343041929,-14.010735886214418,-14.105726687627085,-14.184960516575831,-14.251050511877214,-14.306176757204925,-14.352157892663495,-14.390510962549365,-14.422501392456649,-14.449184704075572,-14.471441323862587,-14.490005624085695,-14.505490149510031,-14.518405826649111,-14.529178821193076,-14.538164599243592,-14.545659656025641,-14.551911298932438,-14.557125807633755,-14.561475240464166,-14.565103111658129,-14.568129126749627,-14.57065313238214,-14.572758410854876,-14.57451442811158,-14.575979125844125,-14.577200833341214,-14.578219862165543,-14.579069836277386,-14.579778801493626,-14.580370150889827,-14.580863396680147,-14.581274814043944,-14.581617978142965,-14.581904212048526,-14.582142960358523,-14.582342100832177,-14.582508204325196,-14.582646751602349,-14.58276231418118,-14.582858705174203,-14.582939105106709,-14.58300616686157,-14.583062103214063,-14.583108759844757
15,0,-1.502025044474969,-3.1629115136204513,-4.780640686071811,-6.260603868707416,-7.567539726333961,-8.6973948767851,-9.661322868757631,-10.476846208231986,-11.163163965259637,-11.738810223015145,-12.220610876902377,-12.623331855285919,-12.959676202575498,-13.240441827855067,-13.474740049907258,-13.670224431511986,-13.83330624201053,-13.969347019003312,-14.082825825584953,-14.17748216407593,-14.256436912618842,-14.322294074295474,-14.37722608665855,-14.423045199094014,-14.46126311883653,-14.493140816555526,-14.519730096451047,-14.54190828340456,-14.560407162253053,-14.575837119381648,-14.588707280896523,-14.599442310715881,-14.60839642228635,-14.61586506597897,-14.62209467766621,-14.627290810077724,-14.63162491520439,-14.635240001527364,-14.638255352730452,-14.640770463590771,-14.64286832291502,-14.64461815184413,-14.646077687879435,-14.647295089993872,-14.648310527689349,-14.64915750643297,-14.649863973206212,-14.65045323864578,-14.650944746203436,-14.651354713703657,-14.65169666846839,-14.651981893665639,-14.652219800609894,-14.65241823929859,-14.652583757431286,-14.65272181645814,-14.652836971786362,-14.652933023090789,-14.653013139688293,-14.653079965112848,-14.653135704341716,-14.653182196551192
16,0,-1.5503843345548316,-3.2342295386559567,-4.862085464852294,-6.345655941888542,-7.652943242747539,-8.781613004469914,-9.743726308301525,-10.557275853136657,-11.24169271029435,-11.815613955933655,-12.295900180959638,-12.697317450120451,-13.032552882457399,-13.31238227889303,-13.545893723401411,-13.740718826113342,-13.903249181478138,-14.03882920060014,-14.151923289536896,-14.246258533640887,-14.324945356135785,-14.390578989910358,-14.445324532167326,-14.490988097067374,-14.529076268120722,-14.560845739133821,-14.587344745397123,-14.60944763417818,-14.62788370629397,-14.64326127601237,-14.656087740987871,-14.6667863233869,-14.675710034064936,-14.683153320297842,-14.689361781268737,-14.694540271820157,-14.698859661832497,-14.702462474246682,-14.705467587755995,-14.707974159333997,-14.710064896024615,-14.71180878394981,-14.7132633645811,-14.714476633382473,-14.715488623472725,-14.716332726561488,-14.717036794744876,-14.717624059515545,-14.718113898311017,-14.718522473893145,-14.718863267656037,-14.719147524459183,-14.719384623663853,-14.719582388615235,-14.719747344782204,-14.719884935072265,-14.71999969942612,-14.720095424617988,-14.720175269204324,-14.720241867743765,-14.72029741772729,-14.720343752086823
17,0,-1.5964661903806163,-3.3024223194715763,-4.9401308142927105,-6.427265917231591,-7.734953277886575,-8.862518544987484,-9.822905042179142,-10.634564891186605,-11.317156888899433,-11.889419821696167,-12.368249081739297,-12.768411593304455,-13.102579506938769,-13.381507513523504,-13.614261408119,-13.808451701075983,-13.97045105897949,-14.105587409177309,-14.218311047482306,-14.312337104094953,-14.390765935564175,-14.456184330017283,-14.510750316579545,-14.556264101716733,-14.594227335216422,-14.625892592613917,-14.652304672627931,-14.67433505532345,-14.69271064960591,-14.708037774460848,-14.72082216318269,-14.73148564964681,-14.740380086710081,-14.747798955748383,-14.753987050280282,-14.759148553139106,-14.76345377367967,-14.76704476730668,-14.770040022740163,-14.772538371675994,-14.774622249843183,-14.776360417059367,-14.777810226035061,-14.77901951478834,-14.780028185112,-14.780869519176383,-14.781571277710627,-14.78215661599804,-14.782644847909728,-14.783052083186664,-14.783391758998139,-14.783675083315636,-14.783911404732033,-14.784108520928562,-14.784272935967733,-14.784410074901931,-14.784524462778908,-14.784619873950623,-14.784699456612064,-14.7847658366794,-14.78482120443488,-14.784867386797615
18,0,-1.6405079105894727,-3.367803035433367,-5.015107920896825,-6.505762302973991,-7.813888777653598,-8.940419254670097,-9.899156009640574,-10.709000523790394,-11.38983522338838,-11.96049928762688,-12.437922899989985,-12.836874428474788,-13.170011874700739,-13.448069692040551,-13.680092221968955,-13.873669632608538,-14.035156328547323,-14.169864327531005,-14.282230304237014,-14.37595784716195,-14.45413759394551,-14.519348179550848,-14.573740809039878,-14.619109985123913,-14.656952594183535,-14.688517235649336,-14.714845390302951,-14.736805769987122,-14.755122974268833,-14.770401395732362,-14.783145160769307,-14.793774762890783,-14.80264093693175,-14.81003623171318,-14.816204662902393,-14.821349764522843,-14.82564130475441,-14.82922088760599,-14.832206625287116,-14.834697035445279,-14.836774291861078,-14.838506935860279,-14.839952137908929,-14.841157584014526,-14.842163049177579,-14.84300170981067,-14.843701238430192,-14.844284716740983,-14.844771397242198,-14.845177338484373,-14.845515934938689,-14.845798358962087,-14.846033929441248,-14.84623041927944,-14.846394311871785,-14.846531015031971,-14.84664503942892,-14.846740147421169,-14.846819477199967,-14.846885646337366,-14.846940838155726,-14.846986873768925
19,0,-1.68271139800037,-3.430639257154309,-5.087300429687777,-6.581426851078231,-7.890023531266531,-9.015579471963246,-9.972734369093745,-10.780829628226522,-11.459967373321573,-12.029085834463595,-12.505149880125813,-12.902929788821378,-13.235070116302511,-13.512285844215413,-13.743600601708291,-13.936584891087376,-14.09757545169489,-14.231868907405628,-14.343888751723899,-14.437327403674217,-14.51526609525539,-14.580275571026705,-14.634500431914939,-14.679729660710358,-14.717455533921855,-14.748922803040704,-14.775169737865593,-14.797062371253304,-14.815323067877458,-14.83055435602223,-14.843258806978241,-14.853855617102052,-14.862694439248735,-14.870066919747462,-14.87621632149026,-14.881345550606657,-14.885623851547672,-14.889192391478263,-14.892168918235214,-14.894651645541797,-14.89672249367466,-14.8984497925114,-14.899890536148627,-14.901092263483772,-14.902094626812461,-14.902930700198901,-14.903628070790495,-14.904209749085586,-14.904694928189878,-14.905099617113684,-14.905437169006575,-14.905718721759074,-14.905953565509334,-14.906149449181381,-14.906312836169255,-14.906449117603692,-14.906562790238274,-14.906657604824792,-14.906736689873265,-14.906802654880549,-14.906857676433567,-14.906903570028076
20,0,-1.7232500063486542,-3.49116162507502,-5.1569534018383605,-6.654503313591546,-7.963594594076418,-9.088228192306186,-10.043861250787595,-10.85026622594063,-11.527761158623901,-12.095381970809767,-12.570128028434306,-12.966771887127685,-13.297945260020693,-13.57434433121593,-13.804972678012481,-13.99738174359787,-14.157891139414993,-14.291782560970994,-14.403466718297791,-14.49662519773215,-14.574330109228294,-14.639144544896636,-14.693206700737568,-14.738300206156104,-14.775912866888998,-14.80728570260859,-14.833453869035857,-14.855280800895164,-14.873486695419087,-14.888672272860001,-14.901338596344127,-14.911903604224847,-14.920715900034327,-14.928066254849655,-14.934197201508333,-14.939311037197578,-14.943576498447174,-14.947134328763266,-14.95010192260771,-14.952577198952824,-14.9546418322228,-14.956363947229137,-14.957800367022369,-14.958998487830039,-14.959997842946489,-14.960831407176686,-14.961526684875697,-14.962106617484647,-14.962590340508406,-14.96299381491234,-14.963330353771621,-14.96361106155062,-14.963845200506691,-14.964040496308408,-14.964203392952404,-14.964339265389945,-14.964452596879353,-14.964547126915958,-14.964625974620725,-14.964691741659136,-14.964746598085892,-14.964792353948232
21,0,-1.7622737947664728,-3.549570533477184,-5.224280227181509,-6.725204207498896,-8.034808799476156,-9.158565314364225,-10.112729756387193,-10.917497264155307,-11.593398153166987,-12.159564666639104,-12.633030411349745,-13.028570500341813,-13.358804321102612,-13.63440985510317,-13.864371218314849,-14.056221341106047,-14.216263192883691,-14.349763962748716,-14.461121938318191,-14.554008179285905,-14.631485931423622,-14.696110850833065,-14.750014909824824,-14.794976535950177,-14.83247919075095,-14.863760267752305,-14.889851896785775,-14.911614988024867,-14.929767632647502,-14.944908794082677,-14.957538070008173,-14.968072176405109,-14.976858697203381,-14.984187553018193,-14.990300567310474,-14.995399445572625,-14.999652430799365,-15.00319985483775,-15.00615876878355,-15.00862680520661,-15.01068539964211,-15.012402477643734,-15.013834696060602,-15.01502931249129,-15.01602574459942,-15.01685687074216,-15.01755011482725,-15.018128351194472,-15.01861065937941,-15.019012953663262,-15.01934850818189,-15.01962839492024,-15.019861849044567,-15.020056573626656,-15.020218993815144,-15.02035446884014,-15.0204674688469,-15.020561722393108,-15.020640339476667,-15.020705914153428,-15.02076061013091,-15.020806232162178
22,0,-1.7999136176602337,-3.6060413508783205,-5.289468033365064,-6.7937161141613815,-8.103847863788285,-9.226766539161373,-10.179509666589517,-10.982687154049932,-11.657038076699271,-12.221789620675251,-12.694009317593922,-13.088475043222257,-13.41779430121991,-13.692627396202017,-13.921939512289306,-14.113245560607412,-14.272832309435803,-14.405952825401053,-14.516993302752057,-14.609614553726578,-14.68687119528934,-14.751311645171771,-14.805061817525038,-14.849895076464888,-14.887290654971093,-14.918482416961426,-14.944499546947354,-14.966200497777445,-14.984301310659625,-14.999399238985452,-15.011992454011434,-15.022496481900385,-15.031257914133954,-15.038565843515075,-15.044661403020326,-15.04974572220541,-15.053986563673993,-15.057523858577348,-15.060474323789789,-15.062935313106253,-15.064988029535083,-15.066700204678806,-15.06812833361145,-15.06931953899464,-15.070313125940777,-15.071141878927849,-15.071833143558717,-15.072409728858991,-15.07289065988546,-15.073291805478506,-15.073626401871673,-15.073905489435537,-15.074138276966721,-15.07433244554207,-15.074494401964145,-15.074629490160575,-15.074742167512818,-15.074836151932212,-15.07491454453651,-15.07497993197463,-15.075034471775988,-15.075079963540405
23,0,-1.8362843487506806,-3.660728548842609,-5.352681971852105,-6.860203882860517,-8.170872438251257,-9.292987260672088,-10.244351181105836,-11.045981377345397,-11.718822286220728,-12.282194653618683,-12.753199568457022,-13.146617808861302,-13.475045370504866,-13.749125346193837,-13.977804464035438,-14.168580063147242,-14.327723112066014,-14.460472905432468,-14.571203845018074,-14.66356675116462,-14.74060782762094,-14.804868434843574,-14.858468580534003,-14.903176692251554,-14.940467880415959,-14.971572567841207,-14.997517067583596,-15.019157436799528,-15.037207718145963,-15.05226349787125,-15.064821556591376,-15.075296260497135,-15.084033233517339,-15.09132076140841,-15.097399303983364,-15.102469429308712,-15.106698431647693,-15.110225851507353,-15.113168079924625,-15.115622198912572,-15.117669184785717,-15.119376580060706,-15.120800722094653,-15.121988601997133,-15.122979415152729,-15.123805854515208,-15.124495189346893,-15.125070164997549,-15.125549753411827,-15.125949779129192,-15.126283441431692,-15.126561749868525,-15.126793887528196,-15.126987514044327,-15.127149018333656,-15.127283729405208,-15.127396092196788,-15.127489814240457,-15.1275679879966,-15.12763319289302,-15.12768758043595,-15.127732945201295
24,0,-1.871487451878649,-3.7137690047160623,-5.4140686525170105,-6.924814002789629,-8.236025361566975,-9.357365690296815,-10.307387923322551,-11.10750938472309,-11.778876582593075,-12.340902436519977,-12.810721180039362,-13.20311657530383,-13.530673427528852,-13.804018029063238,-14.032079080401143,-14.222336754896315,-14.381046587759478,-14.5134344225391,-14.623863144499202,-14.715973816730155,-14.79280442784041,-14.856889447459492,-14.910343116311424,-14.954929042060206,-14.992118310039382,-15.023137983346437,-15.049011571510153,-15.070592792674663,-15.088593738233325,-15.10360836673904,-15.116132101073427,-15.126578174903559,-15.135291267500802,-15.142558876672398,-15.148620804997197,-15.153677072339208,-15.15789451570386,-15.161412294197987,-15.164346480731501,-15.16679389196699,-15.168835282889459,-15.17053801140415,-15.171958260883383,-15.173142893997694,-15.174130999000358,-15.17495517948671,-15.175642630185006,-15.17621603427599,-15.176694311849003,-15.17709324419088,-15.177425994506546,-15.177703542253234,-15.17793504541963,-15.178128142703576,-15.1782892055592,-15.17842354842997,-15.178535604104484,-15.178629069981152,-15.178707030067876,-15.178772056742162,-15.178826295629634,-15.17887153640114
25,0,-1.9056130523964294,-3.7652846709246712,-5.473758924299761,-6.987677335732788,-8.299434297439253,-9.420025391690155,-10.36873937880454,-11.167386948821703,-11.837313489605426,-12.398022706823777,-12.86668152601492,-13.258076723491277,-13.584782179662374,-13.85740775000359,-14.084864493596617,-14.274615787806047,-14.432902069816189,-14.564936026635685,-14.67506928080602,-14.766933354188248,-14.843558202728863,-14.907471558633869,-14.960782024223365,-15.005248494826802,-15.042338120569498,-15.073274679881502,-15.099078941403658,-15.120602336536153,-15.13855504901615,-15.153529446079217,-15.166019623218142,-15.17643770688888,-15.185127452819243,-15.19237558847875,-15.198421273901939,-15.203463993003323,-15.207670135750735,-15.211178488375518,-15.214104812771119,-15.216545666180547,-15.218581587206272,-15.220279753268434,-15.221696197196282,-15.22287765609207,-15.223863113472312,-15.224685085571156,-15.225370694248722,-15.22594256190631,-15.226419557936955,-15.226817421341611,-15.227149280054455,-15.227426084113342,-15.227656966968157,-15.227849546848883,-15.228010178137392,-15.22814416103711,-15.228255916458991,-15.228349131894312,-15.22842688308737,-15.228491735523015,-15.228545829077648,-15.228590948626739
26,0,-1.938741622119429,-3.815384752709166,-5.531870147557899,-7.048911351337206,-8.36121389331583,-9.48107735632774,-10.42851289267081,-11.225718092130402,-11.894234121758968,-12.45365408489957,-12.921177110822589,-13.311592973991553,-13.63746484922721,-13.909386475977064,-14.136251620362232,-14.325507200909376,-14.483378864236535,-14.6150664117939,-14.724910437329482,-14.816533120827481,-14.892956554087291,-14.956701873616108,-15.009872162145008,-15.05422170208095,-15.091213791417509,-15.122068993290673,-15.147805393357599,-15.169272184592472,-15.18717768338825,-15.202112699292467,-15.21457002846181,-15.224960713541137,-15.233627606233267,-15.240856679950852,-15.246886465764149,-15.251915922965313,-15.25611100393264,-15.259610129902699,-15.262528758325734,-15.26496319250796,-15.266993759242574,-15.268687459279066,-15.270100178085407,-15.271278529849388,-15.272261395564394,-15.27308120594974,-15.27376501153748,-15.274335375233981,-15.2748111168075,-15.275207933866808,-15.275538919820754,-15.275814995909588,-15.27604527156302,-15.276237344975797,-15.27639755381832,-15.276531184354923,-15.27664264586999,-15.276735616157014,-15.27681316287134,-15.27687784475084,-15.27693179604425,-15.276976796932937
27,0,-1.9709453619562287,-3.8641675002139038,-5.588508067001447,-7.108621971159265,-8.421467562308607,-9.54062171746198,-10.48680531951148,-11.282596679942571,-11.949729727918209,-12.507885575641065,-12.974295035700532,-13.36375082310929,-13.688805584509373,-13.960037225721427,-14.186322534415806,-14.37509227810168,-14.532557595258778,-14.66390565156221,-14.773466228035595,-14.864852347142179,-14.94107839248586,-15.004659036090702,-15.057691951132357,-15.10192689917423,-15.138823403033761,-15.169598874818373,-15.195268770844223,-15.216680090422255,-15.234539319947523,-15.24943574243496,-15.261860880694304,-15.27222471523811,-15.28086921182719,-15.288079604900522,-15.29409380914524,-15.299110269725203,-15.3032945101823,-15.306784594059268,-15.309695680453014,-15.31212382381245,-15.314149143358332,-15.315838466703529,-15.317247534902314,-15.318422841686763,-15.319403167577839,-15.320220859490652,-15.320902898055936,-15.321471787875263,-15.321946300084667,-15.32234209172875,-15.322672222381685,-15.322947585062117,-15.323177265660105,-15.323368842735857,-15.323528637582585,-15.323661922804439,-15.323773096291736,-15.32386582633418,-15.323943172659993,-15.324007687395019,-15.324061499272851,-15.324106383874705
28,0,-2.0022893456375526,-3.9117216949933473,-5.643768367633275,-7.166905101923356,-8.480288965584602,-9.598749176510504,-10.543704396893862,-11.338107746778613,-12.00388297696323,-12.560797819334484,-13.026114220131648,-13.414627739571943,-13.738880635678203,-14.009435228286161,-14.23515161045771,-14.423444680008862,-14.580511327094904,-14.711526312245914,-14.820808803690158,-14.911962837171314,-14.987995232692578,-15.051414319510213,-15.104312463338708,-15.148434990346903,-15.18523771959726,-15.215934971816004,-15.241539623767629,-15.262896522647978,-15.280710359519034,-15.295568919781614,-15.307962477021904,-15.318299969742608,-15.326922494547235,-15.334114560901668,-15.340113478787831,-15.345117188981934,-15.34929079431425,-15.352772007410607,-15.355675694667168,-15.358097666390425,-15.360117838161388,-15.361802867736552,-15.363208354492576,-15.364380673988018,-15.365358508174962,-15.36617412175204,-15.366854426773077,-15.367421870639445,-15.367895176776424,-15.368289962432911,-15.368619253989456,-15.368893916777816,-15.369123013594313,-15.369314103736686,-15.369473492431254,-15.369606438880723,-15.369717329797263,-15.369809824146824,-15.369886973880707,-15.369951324637986,-15.370004999741628,-15.370049770259847
29,0,-2.0328324729121934,-3.9581278921513756,-5.697737976799987,-7.2238479196283665,-8.537763254481638,-9.655542198661719,-10.599289896960514,-11.392328608769699,-12.056769036202597,-12.612464141081592,-13.076706426740294,-13.464294168785866,-13.787759341728277,-14.057648895481186,-14.282806484503574,-14.470631394199904,-14.627306505694575,-14.757994387620498,-14.867003780689226,-14.95792989242093,-15.03377211350154,-15.09703254350817,-15.149798335578796,-15.193810459915737,-15.230521098221667,-15.261141535294623,-15.286682114637387,-15.307985569959442,-15.325754829219008,-15.34057620708992,-15.352938750363581,-15.363250374241836,-15.37185132177674,-15.379025390478079,-15.385009296480282,-15.39000048522847,-15.394163646395315,-15.397636147990625,-15.400532568965456,-15.402948479867547,-15.404963596294639,-15.406644409196675,-15.40804637881668,-15.409215764661454,-15.410191151884144,-15.41100472444313,-15.411683327046601,-15.412249350922881,-15.412721472643085,-15.413115270375034,-15.41344373790162,-15.413717713364825,-15.413946236881957,-15.414136848834108,-15.41429583866919,-15.414428452429112,-15.414539065848588,-15.414631328737265,-15.414708285409136,-15.414772475132963,-15.41482601591828,-15.414870674401289
30,0,-2.062628269490921,-4.003459465412669,-5.75049616117824,-7.279529952225107,-8.593968118250885,-9.711076021702455,-10.653634598369484,-11.445329802703833,-12.108456481913441,-12.66295143700801,-13.126137126912395,-13.512814381127392,-13.835504964233596,-14.1047406434618,-14.329348865295765,-14.516713538100571,-14.67300375456473,-14.803370088830503,-14.912111026017902,-15.002813092701665,-15.078468375132498,-15.141572848430778,-15.194208541468342,-15.238112142418156,-15.274732257434849,-15.305277187016264,-15.330754784501918,-15.352005706081139,-15.369731146616665,-15.384515975089736,-15.396848032380293,-15.407134227809335,-15.41571396540792,-15.42287034284999,-15.428839492532116,-15.43381837300081,-15.437971267804764,-15.441435206204595,-15.444324484599665,-15.446734437860677,-15.448744585006617,-15.450421253020641,-15.451819765380723,-15.452986267517632,-15.453959249433444,-15.454770815720844,-15.455447744888932,-15.456012372949159,-15.45648333041625,-15.456876157042192,-15.457203814567194,-15.457477114406343,-15.457705074384013,-15.45789521628669,-15.458053814052525,-15.458186100786655,-15.458296441433204,-15.458388476801415,-15.458465243697969,-15.458529275129811,-15.458582683883437,-15.458627232238541
31,0,-2.0917255627568903,-4.047783492030452,-5.802115456840275,-7.33402399817554,-8.6489746733303,-9.765419512500154,-10.706805111644833,-11.497175883598803,-12.159008072834945,-12.71232092719934,-13.174466236334364,-13.560247192837572,-13.882175395956274,-14.150767591051913,-14.374835224027658,-14.56174704153501,-14.717658551314496,-14.847708515930236,-14.956185324615475,-15.046666960010283,-15.12213832020626,-15.185089353888225,-15.237597047953157,-15.281393877454775,-15.317924930614664,-15.348395571756212,-15.373811204231929,-15.395010440239322,-15.41269276952027,-15.427441638701305,-15.439743702219307,-15.450004879753967,-15.458563749861375,-15.465702721678635,-15.471657353289109,-15.476624124201878,-15.480766918398746,-15.484222431860358,-15.487104682996339,-15.48950877480551,-15.491514032901945,-15.493186622949366,-15.494581733868793,-15.495745398856815,-15.4967160143007,-15.497525606708809,-15.498200889459993,-15.498764144240383,-15.49923395625182,-15.499625827450771,-15.499952688052078,-15.500225323175481,-15.50045272871234,-15.500642408154757,-15.500800620181495,-15.500932585169826,-15.50104265744752,-15.501134468968697,-15.501211049153966,-15.501274924849527,-15.501328203703183,-15.501372643708438
32,0,-2.120169056036543,-4.091161506585886,-5.852662462467566,-7.387396910326849,-8.702848222485066,-9.818635898323205,-10.758862584051982,-11.547926105970788,-12.20848141096921,-12.760628799025293,-13.221748743525206,-13.606646582101439,-13.927823766477756,-14.195782156627928,-14.41931738391436,-14.605783230187475,-14.761321806017033,-14.891060231988972,-14.999276949929211,-15.089541526120554,-15.164831778863913,-15.227631721812104,-15.28001337664686,-15.323705069592483,-15.360148424695444,-15.390545915011412,-15.41590053139634,-15.437048873343539,-15.454688751579432,-15.469402212154543,-15.481674741230357,-15.491911284000045,-15.500449606185816,-15.507571438932121,-15.513511774804185,-15.51846662160971,-15.522599469882687,-15.526046687427659,-15.528922018921746,-15.5313203390428,-15.533320782961852,-15.534989357493636,-15.536381119062927,-15.537541990350853,-15.538510275563546,-15.539317924320862,-15.539991585868767,-15.540553488400048,-15.541022172497645,-15.541413102901243,-15.541739178783146,-15.542011159370436,-15.542238018957315,-15.542427243021702,-15.542585075216644,-15.542716723386466,-15.54282653140519,-15.542918122507372,-15.542994518840688,-15.54305824118496,-15.543111392127972,-15.543155725442686
33,0,-2.1479998194885095,-4.133650146748454,-5.902198519615545,-7.4397102685134495,-8.755648906365215,-9.870783394639307,-10.809863304791278,-11.597635008845119,-12.256929509090305,-12.80792675970301,-13.268035249748737,-13.652062218308645,-13.972498962521891,-14.239832570958963,-14.462843026776406,-14.648869326959812,-14.804040358203572,-14.933471756443772,-15.041432154228644,-15.131482820362663,-15.206594594431632,-15.269245640356226,-15.321503086260272,-15.365091169566572,-15.401448100346341,-15.431773502324912,-15.457067988874503,-15.478166176004756,-15.495764219807699,-15.510442786098197,-15.522686209730217,-15.532898475564334,-15.54141654829516,-15.548521490922463,-15.554447738707589,-15.55939083460848,-15.56351388142622,-15.566952923556183,-15.569821435919053,-15.572214068188163,-15.574209767857761,-15.57587438520096,-15.577262846070816,-15.57842096423832,-15.579386953067395,-15.580192686406244,-15.580864750299531,-15.581425320223694,-15.581892892790849,-15.582282896064553,-15.582608198625424,-15.582879534184002,-15.58310585575106,-15.583294631051965,-15.583452088932338,-15.583583424885578,-15.583692972483776,-15.58378434636865,-15.583860561520563,-15.583924132741014,-15.583977157631338,-15.584021385805242
34,0,-2.1752557120301534,-4.175301709458945,-5.950780299179768,-7.491020959657023,-8.807432265565993,-9.921915746752708,-10.859859227196463,-11.646352920598344,-12.304401280535913,-12.854262513235547,-13.31337243507098,-13.696539918948936,-14.01624607716216,-14.282963319976487,-14.505456130427053,-14.691048884862465,-14.845857406000757,-14.974985991103765,-15.082693591995888,-15.172533290832629,-15.247469042810767,-15.309973241769207,-15.362108189208088,-15.405594089831428,-15.441865786641339,-15.472120093221243,-15.49735527817871,-15.518404001346749,-15.535960786967697,-15.550604939629453,-15.562819658735592,-15.573007982041494,-15.58150608424777,-15.588594369412686,-15.594506723170358,-15.599438230032087,-15.603551610406956,-15.606982589736049,-15.609844376899382,-15.612231399665172,-15.614222420436073,-15.615883135099889,-15.617268340736544,-15.61842374370711,-15.619387467784628,-15.620191312089391,-15.620861800335327,-15.621421056008673,-15.62188753235643,-15.622276621271192,-15.622601161163322,-15.622871860578291,-15.623097651536604,-15.623285984255626,-15.623443072977508,-15.62357410101486,-15.62368339177977,-15.623774551439443,-15.623850587905652,-15.623914010083991,-15.623966910657963,-15.624011035139349
35,0,-2.201971745903036,-4.216164632418955,-5.998460309519884,-7.541381680522342,-8.85824972780124,-9.972082699308892,-10.908898421424377,-11.694126396638609,-12.35094196387443,-12.899680173965336,-13.357803462504739,-13.740122045833527,-14.059106799393756,-14.325215528778854,-14.547197348021271,-14.732362162474498,-14.886812878343596,-15.015642589653375,-15.12310068716769,-15.212732169748032,-15.287494196259924,-15.349853464863733,-15.401867512983225,-15.445252565021631,-15.481440140758465,-15.511624280270137,-15.536800937987996,-15.557800843097782,-15.575316909293951,-15.589927097709095,-15.602113487121766,-15.612278180548863,-15.62075657301251,-15.627828418234035,-15.63372705939742,-15.638647128553822,-15.642750968713733,-15.646173990528906,-15.649029140312809,-15.651410626826204,-15.653397029797153,-15.655053892744188,-15.656435885655684,-15.65758860888533,-15.658550097785252,-15.659352077723614,-15.660021010897571,-15.660578969482062,-15.661044363925251,-15.661432550421102,-15.66175633760371,-15.662026409182044,-15.662251676460494,-15.662439572377032,-15.662596296761029,-15.662727020903366,-15.662836058188805,-15.662927006420722,-15.663002866534574,-15.663066141617044,-15.663118919498046,-15.663162941640945
36,0,-2.2281804032775336,-4.256283912971037,-6.045287338802131,-7.590841375453929,-8.908149032073547,-10.021330405080146,-10.957025468610718,-11.740998600510864,-12.396593492698262,-12.944220626707809,-13.40136832996476,-13.782847850162668,-14.101119753420788,-14.366627296077784,-14.588104338454823,-14.772846450961252,-14.926943759170157,-15.055478279490774,-15.16268995300805,-15.25211579168041,-15.326706240259163,-15.388922370739477,-15.44081701492762,-15.484102465928533,-15.520206961293988,-15.550321801848254,-15.575440656448935,-15.596392347507026,-15.613868198088715,-15.628444842490039,-15.640603252728011,-15.650744608645624,-15.659203535232939,-15.666259143920676,-15.672144242154257,-15.677053015122896,-15.681147433107958,-15.684562595866753,-15.687411190394842,-15.689787209155355,-15.691769051461957,-15.693422110349116,-15.694800930286164,-15.695951006931082,-15.696910288309022,-15.697710426948623,-15.698377824291342,-15.698934501835746,-15.699398827760653,-15.699786123003134,-15.700109166789415,-15.700378618299295,-15.70060336837731,-15.700790832895876,-15.700947197449906,-15.701077621457303,-15.701186408399533,-15.701277147819663,-15.701352833763165,-15.701415963569769,-15.701468620275847,-15.7015125413465
37,0,-2.25391191256492,-4.295701474245351,-6.091306841835488,-7.6394456191797495,-8.957174599568882,-10.069701782376505,-11.004281805478888,-11.787009637097027,-12.441394818940472,-12.987921841629156,-13.444104178000588,-13.824753774240943,-14.142320795320689,-14.40723398663321,-14.628212055262061,-14.812536360017445,-14.966284370897592,-15.094527143145148,-15.20149527180735,-15.290717871821103,-15.365138750580106,-15.42721341885582,-15.478990057473009,-15.522177074047116,-15.558199462230435,-15.588245815624362,-15.613307544258118,-15.634211586091087,-15.651647692188334,-15.666191185549813,-15.678321944395233,-15.688440236207951,-15.696879924966703,-15.703919487335998,-15.709791201298886,-15.714688810417709,-15.718773916611324,-15.72218131238477,-15.725023428453717,-15.727394043517592,-15.729371378589294,-15.731020677982219,-15.732396362117113,-15.733543823182762,-15.734500922900475,-15.735299241812626,-15.735965121316811,-15.736520532828864,-15.736983802753493,-15.737370217183894,-15.737692526282938,-15.737961364988628,-15.738185603925379,-15.73837264209991,-15.738528651039474,-15.738658778428102,-15.738767317959981,-15.738857851014604,-15.738933364828199,-15.738996351060877,-15.739048888011643,-15.739092709194137
38,0,-2.2791944907330026,-4.334456486695654,-6.136561279858796,-7.687236952987013,-9.00536785928689,-10.117236828779488,-11.050706026806017,-11.832196845055524,-12.485382196634154,-13.030819150596336,-13.486045559873414,-13.865873716270414,-14.182743273402325,-14.447068487897013,-14.66755300015374,-14.851464068810039,-15.004866623198563,-15.132820865244701,-15.239548140341727,-15.32856975018189,-15.402822936436515,-15.464757709306475,-15.516417649684943,-15.559507322510562,-15.595448513362793,-15.625427138561456,-15.650432374310556,-15.671289294987458,-15.688686097070544,-15.70319680679277,-15.715300220696854,-15.725395704017124,-15.733816368154605,-15.740840062042283,-15.746698540068662,-15.751585109063589,-15.755661006665814,-15.759060721533306,-15.761896430942127,-15.76426170219709,-15.766234579986367,-15.767880161550524,-15.769252744636512,-15.770397619110666,-15.771352561346907,-15.77214908069917,-15.772813459186622,-15.773367618697407,-15.77382984432512,-15.77421538770525,-15.7745369702594,-15.774805202952448,-15.775028936412772,-15.775215552968326,-15.775371210234605,-15.7755010442918,-15.775609339155308,-15.775699668131526,-15.775775011722876,-15.775837855972842,-15.775890274495513,-15.775933996896864
39,0,-2.3040545568271575,-4.372585651746193,-6.181090420281517,-7.734255181147795,-9.052767535042515,-10.163972897574249,-11.096334151879482,-11.876595054418841,-12.528589431848257,-13.072945490575044,-13.527224679419003,-13.90623926355138,-14.222418257493066,-14.486161436022236,-14.706157446284989,-14.889659546956233,-15.042720232067136,-15.17038894998697,-15.276877886011679,-15.365700606622699,-15.439787854585315,-15.50158419614747,-15.553128659945834,-15.59612200823535,-15.63198285199491,-15.661894458239043,-15.686843792709894,-15.707654085704284,-15.725011995387183,-15.739490264801479,-15.751566620139247,-15.761639533833872,-15.770041372589768,-15.777049364182274,-15.782894744888702,-15.787770389380137,-15.791837174830224,-15.795229289231985,-15.798058659076032,-15.800418642486449,-15.802387109673306,-15.804029012344575,-15.805398526858188,-15.80654084182957,-15.807493649179097,-15.808288387817804,-15.808951281008294,-15.80950420162972,-15.809965393897192,-15.810350075349325,-15.810670938967505,-15.81093857199453,-15.811161805272139,-15.81134800462424,-15.811503313900232,-15.81163285769798,-15.811740910455473,-15.811831037490537,-15.811906212642358,-15.811968916396518,-15.812021217731367,-15.812064842386107
40,0,-2.3285169210208703,-4.410123453144517,-6.224931602209433,-7.780537633322198,-9.099409899364499,-10.209944942190178,-11.141199860052563,-11.920236814279553,-12.57104810357581,-13.114331618720135,-13.567671601230295,-13.945879898530784,-14.261374741516589,-14.524541415534038,-14.744053635495346,-14.927150749732366,-15.079872913331895,-15.207258913236396,-15.313511857758861,-15.402137650783116,-15.476060598436108,-15.537719875820999,-15.58915000380698,-15.63204797929629,-15.667829269916721,-15.69767451949835,-15.722568505136671,-15.743332631257788,-15.760652032908913,-15.775098182620978,-15.78714774681188,-15.797198313936757,-15.805581513362856,-15.812573957846556,-15.818406370674422,-15.82327119862973,-15.827328961983527,-15.830713551035316,-15.833536643968818,-15.835891391794737,-15.83785549196938,-15.839493752106465,-15.840860228374527,-15.842000009138832,-15.842950702700858,-15.843743678224897,-15.844405100797678,-15.844956794773758,-15.845416963893722,-15.84580079193635,-15.84612094372385,-15.846387983011374,-15.846610721049608,-15.846796507321494,-15.846951472046406,-15.847080728453353,-15.84718854149757,-15.847278468587277,-15.847353476964253,-15.847416041611165,-15.847468226916359,-15.847511754790517
41,0,-2.3526049528120376,-4.4471023807045995,-6.268119972638134,-7.826119397734252,-9.145328998916382,-10.25518573309445,-11.185334699675197,-11.963152594691405,-12.612787759572711,-13.155006303046987,-13.60741443695504,-13.98482318141565,-14.299639823013148,-14.562235136259128,-14.781267953071342,-14.963963791026265,-15.116350554096865,-15.243456452703914,-15.349475595192851,-15.437906290330925,-15.511666465567183,-15.573189954060313,-15.624506810383652,-15.667310300896457,-15.703012779019401,-15.732792289761715,-15.757631441921006,-15.77834983103908,-15.795631083220409,-15.810045412310622,-15.822068434819794,-15.832096863455057,-15.840461597111808,-15.847438639254042,-15.853258204954164,-15.858112317091914,-15.862161142359014,-15.865538276133423,-15.868355150604078,-15.870704711596845,-15.872664485422884,-15.874299136943373,-15.87566260325664,-15.876799873411256,-15.87774847286838,-15.878539701695056,-15.879199667343862,-15.879750146096553,-15.880209301596098,-15.880592284175762,-15.880911730760822,-15.881178181837479,-15.88140042924779,-15.881585806285875,-15.881740429667989,-15.881869401360198,-15.881976976923237,-15.882066705929384,-15.88214154908445,-15.882203975919413,-15.882256046275362,-15.882299478270117
42,0,-2.3763407314076996,-4.4835531303848635,-6.310688697424879,-7.871033529155718,-9.190556855331085,-10.299726050876687,-11.228768273996197,-12.005370966256525,-12.65383609050942,-13.19499649195375,-13.646479510900443,-14.023094912477683,-14.337238862673527,-14.5992675905387,-14.817825083018345,-15.000123096987325,-15.152177365037373,-15.279005599112576,-15.384792978813902,-15.473030280398193,-15.546629106505172,-15.608017994121969,-15.659222570130739,-15.701932402761749,-15.737556758372236,-15.767271105844413,-15.792055904633395,-15.81272895722059,-15.829972393972936,-15.844355181068492,-15.856351894300914,-15.86635837829682,-15.87470480787549,-15.881666582543469,-15.88747341360894,-15.89231690375992,-15.896356869204794,-15.899726612982409,-15.90253732344089,-15.904881743017928,-15.90683722837814,-15.908468302880138,-15.909828785594666,-15.91096356712321,-15.911910090812027,-15.912699588235954,-15.913358109718025,-15.913907383888168,-15.91436553464284,-15.914747679162682,-15.91506642672025,-15.915332294736599,-15.915554055815045,-15.915739027202704,-15.915893312230931,-15.91602200170144,-15.916129341862755,-15.916218874519835,-15.916293553899713,-15.916355844129454,-15.916407800542691,-15.916451137497587
43,0,-2.399745180873211,-4.519504784041784,-6.352669150518253,-7.9153112351102894,-9.235123644748127,-10.343594858683996,-11.271528407075342,-12.046918760330783,-12.694219085276023,-13.234327465356545,-13.684891507640849,-14.060719276689417,-14.374195626480057,-14.635662193279442,-14.85374814636357,-15.03565154286894,-15.18737601602311,-15.313928850802764,-15.419486363768824,-15.507531856628567,-15.580970657181444,-15.6422260487491,-15.693319266394573,-15.735936210349841,-15.77148308514544,-15.801132804638735,-15.825863696569675,-15.846491785074974,-15.863697717064799,-15.878049221296205,-15.890019841394663,-15.900004561037056,-15.908332836914804,-15.915279469538596,-15.921073670591014,-15.925906626020359,-15.929937804431047,-15.933300218924542,-15.936104816011436,-15.938444136412159,-15.940395368538528,-15.942022895409107,-15.943380419036716,-15.944512732384556,-15.945457197358596,-15.946244977604138,-15.94690206678407,-15.947450146267936,-15.947907300532252,-15.948288613877365,-15.94860666815032,-15.948871957896504,-15.94909323663857,-15.949277805708416,-15.949431755162516,-15.949560164729913,-15.949667271423472,-15.949756609344586,-15.949831126294772,-15.949893281041565,-15.949945124448199,-15.949988367144028
44,0,-2.422838192240864,-4.554984971705556,-6.3940910844060905,-7.958982043198766,-9.279057858846294,-10.386819456686846,-11.313641292283485,-12.08782121233491,-12.733961169850097,-13.27302296978072,-13.72267360391492,-14.097718972930881,-14.41053241265421,-14.671440907008565,-14.889058824628057,-15.070570575178023,-15.221967757163341,-15.348247293855929,-15.453576699205728,-15.541431853890417,-15.614711857109889,-15.675834777902772,-15.726817492772074,-15.769342261898549,-15.804812251399389,-15.834397839687218,-15.85907523914395,-15.879658709217628,-15.896827424758438,-15.911147886611461,-15.923092614167066,-15.93305573677012,-15.941365998504399,-15.948297605489323,-15.954079273622702,-15.958901775316777,-15.962924234244218,-15.966279375797964,-15.969077906510224,-15.971412166934915,-15.973359178524479,-15.974983185036315,-15.976337772325188,-15.977467636466633,-15.978410058552413,-15.979196134820505,-15.97985180270921,-15.980398696691049,-15.980854862125591,-15.981235350685697,-15.981552717003703,-15.981817432925206,-15.982038233038898,-15.98222240288379,-15.982376019343494,-15.982504151159569,-15.982611026180155,-15.982700170862342,-15.982774526631536,-15.982836546936928,-15.982888278205683,-15.982931427367085
45,0,-2.4456387344612023,-4.590020018817889,-6.434982784314843,-8.002073952021856,-9.32238644975404,-10.429425620861643,-11.355131625587264,-12.128102090289982,-12.773085331778958,-13.311105339402408,-13.75984758675842,-14.134115329672465,-14.44627016528211,-14.706624353775714,-14.923777470287146,-15.1049003209309,-15.255972527057166,-15.381980709505363,-15.487083634984451,-15.574749812403065,-15.647872155025771,-15.708863553994224,-15.759736558003722,-15.802169813036011,-15.837563468458804,-15.867085385359898,-15.891709675901692,-15.912248847482966,-15.929380613442417,-15.943670255514759,-15.955589276198094,-15.965530956630728,-15.97382333339836,-15.980740022491267,-15.986509247577558,-15.991321370498763,-15.995335172469277,-15.998683093236634,-16.001475601075505,-16.003804837808627,-16.005747659126342,-16.00736817052349,-16.008719842529764,-16.009847275027784,-16.010787668874595,-16.011572053384253,-16.01222631017365,-16.012772027154533,-16.013227210850086,-16.01360688053961,-16.013923563835924,-16.014187710047576,-16.01440803496506,-16.014591808447793,-16.014745094300974,-16.014872950357454,-16.014979595366352,-16.015068548195316,-16.01514274393933,-16.015204630767368,-16.01525625070239,-16.01529930700008
46,0,-2.468164955824854,-4.624635080537452,-6.475371208339941,-8.044613567826678,-9.365134960878768,-10.471437728045508,-11.396022725497424,-12.167783810389093,-12.811613232030078,-13.348595604744858,-13.796433959535428,-14.169928408761296,-14.48142857621591,-14.741231915475195,-14.957923205771639,-15.138659685551028,-15.289409049769736,-15.415147670343417,-15.520025617242064,-15.607504072766778,-15.680469803469162,-15.741330556095777,-15.792094579873725,-15.834436930421518,-15.86975476033746,-15.899213430098698,-15.923784965613747,-15.94428013389282,-15.961375196495256,-15.975634224165908,-15.987527709285375,-15.997448090436933,-16.005722701422556,-16.01262457203578,-16.018381436995078,-16.023183250307305,-16.02718845301065,-16.03052920111078,-16.033315726212557,-16.035639972731897,-16.037578631701635,-16.039195671275472,-16.040544447426516,-16.041669464485533,-16.04260784360953,-16.043390547634587,-16.0440434027282,-16.044587950551673,-16.045042159050517,-16.045421015326387,-16.045737020152647,-16.046000600450984,-16.046220453338965,-16.04640383310088,-16.0465567905507,-16.046684372685224,-16.04679078921525,-16.046879551469488,-16.046953588254723,-16.047015342494912,-16.04706685183811,-16.047109815890934
47,0,-2.490434277273503,-4.65885426494321,-6.515282115393684,-8.086626228710587,-9.407327645411389,-10.51287886894459,-11.436336641294112,-12.206887541159828,-12.849565305713812,-13.385513590490675,-13.832452037292482,-14.20517709870538,-14.516026176619597,-14.775281823935247,-14.991514012339062,-15.171866440722322,-15.322294921835848,-15.447765626615844,-15.552419974095411,-15.639711861171756,-15.712521943581992,-15.7732528543943,-15.823908569376885,-15.866160575673538,-15.901403047466696,-15.93079885997966,-15.955317965699782,-15.975769401964246,-15.992827987496668,-16.007056589514768,-16.018924696507735,-16.028823909697724,-16.03708086443553,-16.043968007931905,-16.04971258897026,-16.054504156237158,-16.05850081269193,-16.061834432347755,-16.06461501159889,-16.06693429867149,-16.068868820956144,-16.070482410112124,-16.071828308262294,-16.07295092477464,-16.07388730159755,-16.074668335499013,-16.075319797538977,-16.075863183413418,-16.07631642272813,-16.07669447060543,-16.077009801144733,-16.077272819018873,-16.077492202787646,-16.07767519125623,-16.077827822327446,-16.077955132228883,-16.078061321688708,-16.078149894543213,-16.078223773349734,-16.078285395819528,-16.078336795252763,-16.078379667629452
48,0,-2.5124634788478013,-4.6927007467385975,-6.554740182614306,-8.128136117972193,-9.448987574024502,-10.553770950545822,-11.476094250919404,-12.245433297555808,-12.886960852972468,-13.421878003666391,-13.867920032660296,-14.239879198653048,-14.550080419334149,-14.808791241930894,-15.02456680995528,-15.204537303325681,-15.354646690407296,-15.479850983710625,-15.584282992580466,-15.671389365878941,-15.744044681206477,-15.804646485970673,-15.855194506232083,-15.897356680660963,-15.932524221801662,-15.96185753366473,-15.986324507051297,-16.006732459425095,-16.023754774853504,-16.037953123852468,-16.04979599671412,-16.05967416204986,-16.067913560721923,-16.074786060663694,-16.080518427480605,-16.085299806838716,-16.089287965536755,-16.092614497195445,-16.095389164332992,-16.09770352009902,-16.09963392917034,-16.101244087486318,-16.102587123965534,-16.103707353552053,-16.10464173943503,-16.105421112689264,-16.10607118957984,-16.106613420098235,-16.107065695727997,-16.107442939793643,-16.10775759987192,-16.1080200585131,-16.10823897582446,-16.10842157521993,-16.108573881764418,-16.108700920977448,-16.10880688465548,-16.108895269184917,-16.108968990909077,-16.109030482356154,-16.109081772503067,-16.109124553723806
49,0,-2.5342687803812307,-4.726196872873362,-6.593769113677794,-8.169166367995906,-9.490136733082663,-10.59413478918872,-11.515315349739728,-12.283440026134024,-12.923818121152891,-13.457706513282709,-13.902855133358171,-14.274051494098927,-14.583607753073446,-14.841776336114547,-15.05709752916679,-15.236688006427263,-15.386479923503032,-15.511419171792026,-15.615629987772365,-15.70255180591127,-15.77505315521863,-15.835526522834847,-15.88596740666828,-15.928040215081763,-15.963133214226668,-15.992404349662655,-16.016819461172027,-16.037184155253907,-16.054170388755924,-16.068338641697604,-16.080156411351425,-16.09001363803708,-16.098235571731145,-16.105093504094942,-16.110813720062744,-16.115584964371116,-16.11956466940228,-16.122884149839265,-16.1256529355377,-16.12796238558282,-16.129888702781873,-16.131495448058466,-16.132835637714255,-16.133953492759293,-16.13488589803217,-16.1356636192553,-16.136312318183208,-16.136853399340016,-16.13730471628482,-16.137681160709306,-16.137995153805196,-16.138257056114938,-16.13847550938907,-16.138657721730095,-16.13880970543166,-16.1389364753607,-16.139042214428393,-16.13913041160986,-16.139203977066696,-16.13926533817085,-16.13931651959847,-16.139359210136195
50,0,-2.5558659174375205,-4.7593642613475735,-6.632391739287259,-8.209739155885854,-9.530796114514835,-10.633990195389504,-11.554018731221607,-12.320925682319798,-12.960154379229014,-13.493015822367154,-13.93727357221204,-14.30770982520636,-14.616623689322589,-14.874252342721341,-15.08912117580833,-15.268333363152292,-15.417809273187027,-15.54248470839764,-15.646475364897807,-15.733213492761735,-15.805561598899073,-15.86590713301536,-15.91624138427939,-15.958225247121977,-15.993244055050983,-16.022453306688632,-16.04681680042397,-16.06713843983123,-16.084088761249475,-16.0982270598025,-16.11001984441581,-16.119856231015586,-16.128060781944562,-16.13490421530449,-16.14061233762108,-16.14537349458861,-16.149344785747015,-16.152657248154675,-16.15542018009983,-16.157724747516863,-16.159646992105394,-16.161250340408888,-16.162587696642184,-16.163703188323463,-16.16463362230961,-16.16540969927828,-16.16605702673003,-16.166596963935675,-16.16704732670837,-16.167422975255878,-16.167736304509074,-16.167997653106212,-16.16821564452748,-16.16839747163605,-16.168549134014402,-16.16867563592707,-16.16878115144174,-16.168869162157154,-16.16894257208226,-16.169003803457063,-16.16905487667714,-16.169097476958754
51,0,-2.5772702134011825,-4.792223894339577,-6.670630110976574,-8.249875791922484,-9.570985798357688,-10.673356051371533,-11.592222260429468,-12.357907300630254,-12.995985985313107,-13.5278217332002,-13.97119069047447,-14.340869148514571,-14.64914286269095,-14.906233626787689,-15.120651889272573,-15.299487324162298,-15.448648532383643,-15.57306125470151,-15.676832675137378,-15.763387885811401,-15.835583395030365,-15.89580163538912,-15.94602970463106,-15.987924997876375,-16.022869928274226,-16.052017557800163,-16.076329652055318,-16.096608418877334,-16.113522980097922,-16.12763145095323,-16.139399356200403,-16.149214990858134,-16.15740223254326,-16.16423122822369,-16.169927308039895,-16.174678420331666,-16.17864133320436,-16.181946807265927,-16.184703910216665,-16.18700361565699,-16.188921804860406,-16.190521770558526,-16.19185630535346,-16.192969443667007,-16.193897914704134,-16.194672354372816,-16.195318316149198,-16.195857114242074,-16.196306526878402,-16.196681382915127,-16.196994051133405,-16.197254848359922,-16.197472379881777,-16.197653823387252,-16.19780516580146,-16.19793140083134,-16.198036693738516,-16.19812451877655,-16.19819777382774,-16.198258876021896,-16.198309841492122,-16.198352351899345
52,0,-2.5984966485635814,-4.824796206701902,-6.708505589252341,-8.289596801796453,-9.610725028858786,-10.712250382138542,-11.629942941139744,-12.394401058615015,-13.031328447984695,-13.562139206458863,-14.004620995129159,-14.373543592695615,-14.68117908536977,-14.937733735520364,-15.15170299496893,-15.330163029353312,-15.47901068594113,-15.603161666047857,-15.706714665717366,-15.793087642052317,-15.865131125312333,-15.925222548840253,-15.975344834205359,-16.017151890114658,-16.052023220203665,-16.081109458890236,-16.10537034658989,-16.125606401755398,-16.14248533701417,-16.156564092140542,-16.16830721141614,-16.178102172032983,-16.186272169452057,-16.19308678165125,-16.198770864174044,-16.203511969497313,-16.207466535536003,-16.210765047485427,-16.21351634332355,-16.215811205038854,-16.21772535408089,-16.21932194987179,-16.22065367381995,-16.221764467600217,-16.222690983057124,-16.223463791572193,-16.22410839279987,-16.224646056056184,-16.22509452212291,-16.225468588623915,-16.225780598288775,-16.22604084621447,-16.22625791956335,-16.22643898090578,-16.226590004556964,-16.22671597370594,-16.226821044841273,-16.226908684898948,-16.226981785657628,-16.227042759156074,-16.227093617280936,-16.22713603815116
53,0,-2.6195599269981806,-4.857101170794169,-6.746038927006807,-8.328922003475359,-9.65003228492817,-10.750690420827356,-11.66719697726725,-12.430422335177358,-13.066196482072314,-13.595982414879192,-14.037578210771256,-14.405746508935547,-14.712745396254673,-14.968765446364774,-15.182287051510164,-15.360372854306116,-15.508907956467025,-15.632798037273488,-15.736133324804,-15.822324660624865,-15.894216614601525,-15.954181636251027,-16.004198484184528,-16.04591759189236,-16.080715562920933,-16.109740612033637,-16.133950461073304,-16.15414394463391,-16.170987370752925,-16.185036507594198,-16.196754922177472,-16.2065292765492,-16.214682086251106,-16.22148236213673,-16.227154486708844,-16.231885617879463,-16.23583186445596,-16.239123437124142,-16.241868944892943,-16.24415897876727,-16.246069100896857,-16.24766233783151,-16.24899126015051,-16.25009971708595,-16.25102428337559,-16.2517954660861,-16.252438711226723,-16.252975243367942,-16.25342276596917,-16.253796045523597,-16.254107398794627,-16.25436709922084,-16.254583715899223,-16.254764396331822,-16.254915102265315,-16.255040806405283,-16.25514565649604,-16.255233112179965,-16.25530605915211,-16.255366904376874,-16.25541765550838,-16.255459987135218
54,0,-2.6404745419872557,-4.889158378567023,-6.783250349062409,-8.367870579477808,-9.688925345641898,-10.788692668991946,-11.70399982921636,-12.465985763856112,-13.100604059442025,-13.629364791968952,-14.070075326576031,-14.437490516436213,-14.743854105216103,-14.999340810243991,-15.212415893089105,-15.390128451942665,-15.538351845383344,-15.661981743261233,-15.765099921638479,-15.851110122603487,-15.922850970405745,-15.982689943753408,-16.032601649499856,-16.07423305543067,-16.108957873020838,-16.13792190410825,-16.162080857596074,-16.182231888927966,-16.199039905483744,-16.213059507099178,-16.224753286271174,-16.234507092185765,-16.24264276237186,-16.249428742148897,-16.25508894230545,-16.259810127295193,-16.26374807774081,-16.26703273058846,-16.269772466520166,-16.27205768609285,-16.273963792603183,-16.275553680101257,-16.27687980864807,-16.27798593529217,-16.27890855788085,-16.27967811934625,-16.28032001220289,-16.280855416401135,-16.28130199818274,-16.281674492997514,-16.281985191715524,-16.282244346177674,-16.282460507466283,-16.282640808057288,-16.28279119716411,-16.28291663703826,-16.28302126670435,-16.28310853853158,-16.283181332148466,-16.283242049459286,-16.2832926938975,-16.283334936531237
55,0,-2.66125484074731,-4.920987121774981,-6.820159628653463,-8.40646114526263,-9.727421351430571,-10.826272952398726,-11.740366265697714,-12.501105281578061,-13.134564455276148,-13.662299076232213,-14.102124638798877,-14.468787543465167,-14.774516832932244,-15.0294711903725,-15.242100667440193,-15.41944078977596,-15.567353169582471,-15.690723475100175,-15.793625042283553,-15.879454526398368,-15.951044617997894,-16.010757835602956,-16.06056464350535,-16.102108551623036,-16.13676038597869,-16.165663541046225,-16.189771717447833,-16.209880395372604,-16.22665308479697,-16.240643219945365,-16.252312421058978,-16.262045726355197,-16.270164296928133,-16.27693601387959,-16.282584317382085,-16.287295579346907,-16.2912252529761,-16.29450300211343,-16.297236979645614,-16.299517396124994,-16.30141949636494,-16.30300604222435,-16.304329383503244,-16.305433185281224,-16.306353868694135,-16.30712181268891,-16.307762356409835,-16.308296635291125,-16.30874227844346,-16.309113990345544,-16.309424036034432,-16.3096826458036,-16.309898352762616,-16.310078274396364,-16.310228347414107,-16.310353523637705,-16.310457933392286,-16.310545021790876,-16.31061766240953,-16.31067825210421,-16.310728790097524,-16.310770943945347
56,0,-2.681915089201601,-4.952606471177953,-6.856786161611127,-8.44471181438878,-9.765536861526536,-10.863446472851807,-11.776310411489563,-12.535794173328739,-13.168090290264548,-13.694797351306297,-14.133737789188753,-14.499648864320465,-14.804744546638043,-15.05916729698724,-15.27135186971967,-15.44832018307958,-15.59592209400351,-15.719033272167115,-15.82171862129221,-15.907367719079689,-15.978807331453,-16.03839502497613,-16.08809712857521,-16.129553700466,-16.164132686442073,-16.192975078009578,-16.21703257119629,-16.237098974021166,-16.253836401634768,-16.26779712480233,-16.27944179330573,-16.28915463589247,-16.297256138472395,-16.304013618972878,-16.309650047820437,-16.314351405109917,-16.3182728172281,-16.321543675421434,-16.324271905202497,-16.326547527470396,-16.328445628848346,-16.33002883924844,-16.331349398413614,-16.33245087962462,-16.333369627447677,-16.334135956962818,-16.334775154042863,-16.335308309688127,-16.335753015946878,-16.336123946384053,-16.336433340251393,-16.336691406334808,-16.336906659804395,-16.337086203181638,-16.337235960694816,-16.337360873755387,-16.337465064005155,-16.337551969314287,-16.33762445721764,-16.33768491953216,-16.337735351277413,-16.337777416503496
57,0,-2.702469537565941,-4.984035355590599,-6.893149038993312,-8.4826402610604,-9.803287908195458,-10.900227856515485,-11.811845791570015,-12.570065113136316,-13.201193569076844,-13.726871082357377,-14.164925799642997,-14.530085132522489,-14.834547592089729,-15.08843921828462,-15.300179372583635,-15.476776324248569,-15.62406816039465,-15.746920550389664,-15.849389969554105,-15.934858923876549,-16.00614826085725,-16.06561060093757,-16.11520814286935,-16.156577497656478,-16.191083734687744,-16.21986544573028,-16.24387232492958,-16.26389651040613,-16.280598724383935,-16.29453007575568,-16.306150245168286,-16.31584265300467,-16.32392711091263,-16.330670374414343,-16.336294944832215,-16.340986410979852,-16.344899572875388,-16.34816354954034,-16.350886039423894,-16.353156874031043,-16.355050982010948,-16.356630861509245,-16.35794864236212,-16.359047806176925,-16.35996462105488,-16.36072933829639,-16.361367190575567,-16.361899224519558,-16.362342995164912,-16.362713145204946,-16.36302188814137,-16.363279411281912,-16.363494211881704,-16.363673377519284,-16.36382281995901,-16.36394747021615,-16.364051441261,-16.36413816373084,-16.364210499127566,-16.36427083423598,-16.364321159878347,-16.364363136603792
58,0,-2.722932487549089,-5.015292641656303,-6.9292671188910475,-8.52026378064264,-9.840690048238471,-10.936631199157619,-11.846985372001173,-12.603930201716306,-13.233885715436315,-13.758531149032839,-14.195699103382202,-14.560106410495623,-14.863935721993881,-15.1172964478011,-15.32859245269252,-15.50481830857238,-15.651800312475743,-15.77439412689934,-15.876647798523853,-15.961936764050877,-16.03307595588621,-16.092413051771796,-16.14190612345945,-16.183188337546216,-16.21762188943306,-16.246342973202143,-16.270299282848686,-16.290281288048487,-16.306948319316227,-16.32085032468938,-16.33244601652977,-16.34211800756499,-16.350185435772666,-16.356914494763668,-16.362527217168196,-16.367208800862326,-16.37111371978219,-16.374370820963495,-16.377087575991467,-16.379353627143338,-16.381243745233004,-16.382820296755344,-16.384135301736407,-16.385232150190614,-16.38614703382135,-16.386910140205465,-16.38754664886505,-16.38807756209307,-16.388520397946856,-16.388889768275252,-16.389197860852537,-16.389454841527144,-16.389669189654928,-16.38984797788466,-16.38999710552769,-16.39012149321223,-16.39022524524471,-16.390311785035887,-16.39038396805995,-16.390444176073988,-16.390494395706675,-16.390536284009205
59,0,-2.7433183620234267,-5.046397215258942,-6.9651590981469855,-8.557599348715364,-9.877758412221427,-10.972670108701948,-11.88174159790701,-12.637401001084516,-13.266177604074278,-13.789787875225123,-14.226067572879643,-14.589722195957048,-14.892918121104334,-15.145747908429025,-15.35659981382352,-15.532454656593254,-15.679126917667233,-15.80146224123564,-15.903500240987134,-15.988609283298194,-16.059598385901037,-16.118810284825088,-16.168198925958855,-16.209394032594858,-16.24375492714151,-16.272415406863427,-16.296321166347344,-16.316261007452137,-16.332892869511117,-16.346765540149214,-16.358336763813245,-16.36798834588495,-16.376038750929972,-16.382753610863425,-16.38835448980315,-16.393026194837763,-16.39692287394653,-16.400173102283787,-16.40288412465787,-16.405145394190896,-16.407031523922118,-16.408604748746168,-16.409916978921103,-16.411011512903617,-16.41192446602858,-16.412685962173722,-16.413321127729542,-16.413850920671873,-16.41429282209296,-16.414661413009064,-16.414968855476886,-16.415225293893812,-16.415439189723312,-16.41561760069009,-16.41576641365728,-16.415890538870034,-16.415994071974243,-16.416080429156867,-16.41615245986676,-16.41621254083521,-16.41626265449891,-16.41630445441249
60,0,-2.763641778097369,-5.07736806554301,-7.000843584741168,-8.594663679223705,-9.914507751864825,-11.008357745447743,-11.91612642885383,-12.670488566409071,-13.298079589805004,-13.820651055861218,-14.256040544737973,-14.618941445187398,-14.921503428146297,-15.17380197321423,-15.384209606727135,-15.559693333177039,-15.706055785505708,-15.828132573214736,-15.929954868473233,-16.014883962779724,-16.085722956663044,-16.144809642955487,-16.19409384075176,-16.23520182941498,-16.269490057914155,-16.298089926360085,-16.321945129668475,-16.341842801671056,-16.358439490348804,-16.372282822773514,-16.383829575360927,-16.393460746050433,-16.401494125915605,-16.40819478510908,-16.413783819180765,-16.418445644385447,-16.422334082706872,-16.425577437385808,-16.428282726426797,-16.43053921377448,-16.432421354674695,-16.43399125240633,-16.435300707446387,-16.43639292668299,-16.437303949073467,-16.438063834788863,-16.438697657081807,-16.439226329605713,-16.439667296483403,-16.440035107894857,-16.440341900176207,-16.440597796271213,-16.44081123974885,-16.440989273407943,-16.44113777166202,-16.441261634371877,-16.44136494852187,-16.441451123074323,-16.44152300145199,-16.441582955359834,-16.441632963041982,-16.44167467455614
61,0,-2.7839176246214197,-5.1082243725930105,-7.036339171634247,-8.631473282287638,-9.95095248601406,-11.043706860292136,-11.950151371913641,-12.703203475341022,-13.329601533927182,-13.851129980895703,-14.285626841666996,-14.647772593317018,-14.949699754685092,-15.201466483038919,-15.411429445819564,-15.586541763379065,-15.732594182819911,-15.854412257530125,-15.956018705375874,-16.040767734842888,-16.111456523720427,-16.170417917640986,-16.219597605869076,-16.260618421454197,-16.294833938010076,-16.32337315693144,-16.347177772177368,-16.367033248488816,-16.383594741611343,-16.397408717329245,-16.408930983415583,-16.41854172985779,-16.426558073812533,-16.433244523315743,-16.438821705053986,-16.443473644201834,-16.44735383654209,-16.450590313230506,-16.453289865324933,-16.455541567473254,-16.4574197170285,-16.458986285570774,-16.460292963726904,-16.46138286675872,-16.462291957197845,-16.463050231468507,-16.463682709651966,-16.46421026105127,-16.464650292796563,-16.4650173242121,-16.465323465897185,-16.465578819328464,-16.465791810169126,-16.465969466282758,-16.466117649625367,-16.466241249666897,-16.46634434472468,-16.466430336531854,-16.466502062481286,-16.466561889248414,-16.46661179088224,-16.46665341394124
62,0,-2.804161145289489,-5.138985599929751,-7.071664512911127,-8.668044522246337,-9.987106745602429,-11.078729831272938,-11.98382751266712,-12.735555855034285,-13.360752828125177,-13.881233456649186,-14.314834791678289,-14.676223571721753,-14.977514701014544,-15.228748761249747,-15.438266422758247,-15.613006845141216,-15.758748845695118,-15.880307895105833,-15.98169823979647,-16.066266993439278,-16.136805402471488,-16.19564135874682,-16.244716416508947,-16.28564995830979,-16.319792678989348,-16.348271178409906,-16.37202514724201,-16.39183837919913,-16.408364636180234,-16.422149221340167,-16.433646972691015,-16.443237271336,-16.451236559737506,-16.45790878316644,-16.46347409890537,-16.468116140597672,-16.471988077449065,-16.475217668216594,-16.47791147674972,-16.480158388181323,-16.48203254178955,-16.483595777303904,-16.48489967537435,-16.485987259530766,-16.486894415790992,-16.487651076758922,-16.48828220928312,-16.488808638265194,-16.489247733799868,-16.489613984320133,-16.489919474658816,-16.490174284800677,-16.490386822482478,-16.49056410061534,-16.490711968683367,-16.490835305753716,-16.490938181466664,-16.491023990317853,-16.491095563663308,-16.491155263143135,-16.491205058606344,-16.49124659310822
63,0,-2.8243880286613576,-5.169671593119464,-7.106838403140963,-8.704393676539572,-10.022984418020494,-11.113438698737827,-12.017165544383127,-12.767555407040307,-13.391542416013456,-13.910969824600258,-14.343672244575117,-14.704301822581611,-15.004955369098262,-15.255655625246838,-15.464727116901775,-15.63909495880978,-15.784525988205015,-15.905825561172641,-16.00699943107358,-16.0913876011981,-16.161775374857566,-16.220485680901124,-16.269455931147743,-16.31030205161899,-16.34437185341914,-16.37278953077354,-16.39649276765744,-16.41626368392348,-16.432754645264772,-16.446509790240857,-16.45798298546408,-16.467552801786997,-16.475535005838253,-16.48219297917338,-16.487746408878277,-16.492378536404065,-16.496242203827983,-16.499464897048373,-16.502152952322742,-16.50439506494895,-16.506265215863362,-16.507825112722294,-16.509126226013134,-16.510211487378946,-16.511116706194596,-16.511871751135875,-16.512501535728813,-16.513026840398542,-16.513464998141895,-16.513830466448432,-16.51413530434096,-16.51438957027612,-16.514601654033935,-16.514778553547835,-16.51492610580899,-16.51504917946415,-16.515151835461925,-16.51523746104822,-16.51530888153204,-16.515368453509645,-16.515418142622984,-16.51545958841821
64,0,-2.844614506639044,-5.200302685966194,-7.141879860964695,-8.740536996067217,-10.058599191314851,-11.147845199439459,-12.050175795595466,-12.799211430239515,-13.421978812438272,-13.940346977704749,-14.372146585777479,-14.73201431061429,-15.032028372551727,-15.282193395002045,-15.490817602606244,-15.66481197341221,-15.809931307838069,-15.930970809985189,-16.031927713908377,-16.116134893058053,-16.186371692583442,-16.244956066372016,-16.293821274130753,-16.33457977741073,-16.36857649702626,-16.396933216132382,-16.42058560749352,-16.4403141133432,-16.45676970003782,-16.47049533893205,-16.481943923062865,-16.49149321121792,-16.499458292679044,-16.506101984024497,-16.51164350109102,-16.516265692259612,-16.52012107174671,-16.523336851981338,-16.52601914111952,-16.528256444199254,-16.530122583460713,-16.531679134191364,-16.532977456469492,-16.53406038984566,-16.534963666880177,-16.53571709217768,-16.536345525822306,-16.536869703663164,-16.537306921516162,-16.537671605858154,-16.537975789844193,-16.53822951035453,-16.53844113917237,-16.538617659219867,-16.538764894967265,-16.538887704617636,-16.53899014040847,-16.539075582319672,-16.53914684959971,-16.539206293789707,-16.539255876315142,-16.539297233205158
65,0,-2.864857463188373,-5.230899815977908,-7.176808218044423,-8.776490767723148,-10.093964598657532,-11.181960799855599,-12.082868256285613,-12.83053284195043,-13.452070120622079,-13.969372374281273,-14.4002647474825,-14.759367531950758,-15.058739843605526,-15.308367898424404,-15.516543453256908,-15.690163249576209,-15.834969987488508,-15.955748676038871,-16.05648799893593,-16.140513676300156,-16.21059907670096,-16.269057164276564,-16.317817034568662,-16.35848767474161,-16.392411107115684,-16.420706696965638,-16.444308100180912,-16.463994076659322,-16.480414189490286,-16.494110239547364,-16.505534143560265,-16.51506284597354,-16.523010756822238,-16.529640126122622,-16.53516969714052,-16.539781924084362,-16.543628992390307,-16.546837840250987,-16.549514347081278,-16.551746827125694,-16.55360894348312,-16.555162138700954,-16.556457662138683,-16.557538260996125,-16.558439590803605,-16.55919139191489,-16.559818470822325,-16.56034151867402,-16.560777794000646,-16.561141692179376,-16.56144522042498,-16.561698393980823,-16.561909566582738,-16.56208570609956,-16.56223262444554,-16.562355169350695,-16.562457384316968,-16.56254264203795,-16.562613755684538,-16.56267307172854,-16.56272254736712,-16.562763815102603
66,0,-2.885134555420548,-5.261484651070669,-7.211643214663707,-8.812271379871648,-10.129094063556137,-11.21579672903886,-12.115252602870962,-12.86152819733717,-13.481824047206679,-13.998053049465115,-14.428033217116692,-14.786367520071972,-15.085095436937085,-15.334184473433334,-15.54190974187412,-15.715153638911547,-15.859646693817295,-15.980163671579334,-16.080684669524526,-16.164528226754783,-16.23446171332192,-16.292793085881595,-16.341447261294718,-16.382029740366175,-16.41587963700178,-16.444113890353453,-16.467664132576385,-16.487307435519075,-16.503691954242058,-16.517358315167634,-16.528757455407717,-16.538265502302952,-16.546196184338857,-16.552811183049236,-16.558328767527115,-16.562930996472275,-16.566769725426166,-16.56997161741551,-16.5726423223387,-16.57486996300004,-16.576728042817727,-16.578277871149176,-16.57957058625981,-16.58064884268564,-16.58154821866592,-16.582298390085768,-16.582924109664113,-16.583446023696528,-16.58388135330207,-16.58424446265284,-16.584547332935355,-16.584799957682787,-16.585010672522433,-16.585186430218787,-16.58533303008749,-16.58545530935007,-16.585557302743315,-16.585642375649755,-16.58571333514213,-16.585772522605787,-16.585821890995234,-16.585863069273966
67,0,-2.9054643495528616,-5.292079729817442,-7.246405103462648,-8.847895391628072,-10.164000946314994,-11.249364011313315,-12.147338222192797,-12.89220570721721,-13.511247915221256,-14.026395624192686,-14.45545804298913,-14.81301984867085,-15.111100330197946,-15.359647966536308,-15.566921038064015,-15.739787479603894,-15.883965571714224,-16.00421978012075,-16.104521574506727,-16.188182280876084,-16.25796324514496,-16.316167395673833,-16.364715453553696,-16.405209419108292,-16.438985486114493,-16.467158157861995,-16.490657034663553,-16.51025749356285,-16.526606275960457,-16.540242829132385,-16.551617106657538,-16.561104415507266,-16.56901779989427,-16.575618370598384,-16.581123920645293,-16.585716111645826,-16.58954646792868,-16.592741376255262,-16.595406256090467,-16.5976290380335,-16.599483065183914,-16.60102951317695,-16.602319408740115,-16.603395313375394,-16.604292727722186,-16.605041262939356,-16.605665617757573,-16.606186393440645,-16.60662077354658,-16.60698309091771,-16.607285300608314,-16.60753737435464,-16.60774762960308,-16.607923003953424,-16.60806928407242,-16.60819129663108,-16.608293067566013,-16.608377954919515,-16.60844875964179,-16.60850781801137,-16.608557078723155,-16.608598167187743
68,0,-2.9258664747748204,-5.322708617974169,-7.281114763034037,-8.883379606924082,-10.198698592312297,-11.282673499155576,-12.179134234696956,-12.922573254352521,-13.540348674968325,-14.05440631163421,-14.482544836999827,-14.839329631241254,-15.136759220994454,-15.384762727631722,-15.591581401004689,-15.764068587885733,-15.907930234505217,-16.027920445599165,-16.12800201645375,-16.211479023283253,-16.28110675838533,-16.33918309777952,-16.387624546996328,-16.428029589500564,-16.46173148534287,-16.489842290640123,-16.51328956444358,-16.53284698114308,-16.549159861936037,-16.56276646949618,-16.57411576931942,-16.58358224421317,-16.591478250952324,-16.598064326922984,-16.60355778688166,-16.608139893513773,-16.61196183840342,-16.61514973076899,-16.61780875857617,-16.62002665933016,-16.6218766150704,-16.623419667091547,-16.62470673006733,-16.625780272035428,-16.626675715676505,-16.627422607123847,-16.628045590870137,-16.628565222939198,-16.628998649154276,-16.629360170882986,-16.62966171692658,-16.629913237123482,-16.63012303065519,-16.630298019886634,-16.630443978777123,-16.63056572339841,-16.63066727084621,-16.630751971788612,-16.630822621024983,-16.63088154970345,-16.63093070223962,-16.63097170047467
69,0,-2.9463617986840887,-5.353396084548652,-7.3157938234099875,-8.91874115448774,-10.233200382729251,-11.31573590662765,-12.210649517002306,-12.952638408288717,-13.569132912784275,-14.08209092094114,-14.509298774194404,-14.8653015171221,-15.16207631999735,-15.409532600669051,-15.615894368063174,-15.788000244949446,-15.931543749444405,-16.051268556679677,-16.151128734994295,-16.23442106925498,-16.30389476458175,-16.361842617197944,-16.410176894434276,-16.45049254414044,-16.484119877058365,-16.512168489165067,-16.53556388744937,-16.555078034645422,-16.571354824242537,-16.58493132805411,-16.596255518274006,-16.605701049192877,-16.613579586517414,-16.620151091211838,-16.62563239723785,-16.630204366248776,-16.634017855326967,-16.637198694682187,-16.639851839558407,-16.642064833347163,-16.64391069617725,-16.645450334293322,-16.646734549723604,-16.647805716547957,-16.648699179076566,-16.649444418073777,-16.650066023507907,-16.650584505923856,-16.651016973210808,-16.651377695095555,-16.651678573987574,-16.65192953771194,-16.65213886708873,-16.652313469167552,-16.652459105133214,-16.652580580402223,-16.65268190318271,-16.65276641672963,-16.652836909659037,-16.65289570796153,-16.65294475175081,-16.65298565927986
70,0,-2.966972628763439,-5.384168301345435,-7.350464805846337,-8.953997575057024,-10.267519788459051,-11.348561843769644,-12.241892724059518,-12.982408438787393,-13.597606857590284,-14.109454858115107,-14.535724588880736,-14.890939683636315,-15.187055339757045,-15.433960909690505,-15.63986293852376,-15.811585178746599,-15.954808617904817,-16.07426642560538,-16.173903884544558,-16.25701044152639,-16.32632917661493,-16.38414777517063,-16.43237424066794,-16.472599964066294,-16.50615228911416,-16.534138336927576,-16.55748155016855,-16.576952169692987,-16.593192652758855,-16.606738873211732,-16.618037804015874,-16.62746226600143,-16.635323229683383,-16.64188007616493,-16.647349155744262,-16.651910926649936,-16.65571590946682,-16.658889653731343,-16.66153688057731,-16.663744938124424,-16.66558668362485,-16.667122887467475,-16.668404238362985,-16.66947301587277,-16.67036448546902,-16.671108062157106,-16.671728281055646,-16.672245606959326,-16.67267710959693,-16.673037026865586,-16.673337234625617,-16.673587638557365,-16.673796501009935,-16.673970713626282,-16.674116024740457,-16.67423722905015,-16.674338325822898,-16.674422650856275,-16.67449298654614,-16.67455165369478,-16.674600588088378,-16.67464140437024
71,0,-2.9877229453954115,-5.415053070761002,-7.385151279785249,-8.989166917382102,-10.301670428041845,-11.381161852415175,-12.27287231111523,-13.01189032787614,-13.625776385100345,-14.136503123733265,-14.561826566932439,-14.916247823857738,-15.211699478681012,-15.458050439646652,-15.663489551767057,-15.834825539968504,-15.97772674952563,-16.096915760815843,-16.196329005651688,-16.27924854056878,-16.348411278100407,-16.40609975783429,-16.45421769052225,-16.49435288627847,-16.527829701936835,-16.555752767165405,-16.57904344647835,-16.598470247332124,-16.614674181147016,-16.62818991578969,-16.639463418313603,-16.648866670515993,-16.65670994307242,-16.663252033348375,-16.66870880474514,-16.673260309369528,-16.6770567290593,-16.680223330801287,-16.682864600053975,-16.685067688359865,-16.686905289005587,-16.688438035616105,-16.689716502826936,-16.69078287504919,-16.691672338389992,-16.69241424165614,-16.69303306474989,-16.69354922640981,-16.693979757949215,-16.6943388652228,-16.69463839736421,-16.694888237761045,-16.69509663016794,-16.695270450718183,-16.695415434809185,-16.695536366348147,-16.69563723560226,-16.695721370861857,-16.695791548260996,-16.695850083379025,-16.695898907645596,-16.69593963207028
72,0,-3.008638673223391,-5.446080087667918,-7.419878040471202,-9.024267844869787,-10.335666130621682,-11.41354644396404,-12.303596555715488,-13.041090780517901,-13.653647019495446,-14.163240307177785,-14.587608533791794,-14.941229129406196,-15.236011399480194,-15.481803411215486,-15.686776059064403,-15.857722871318673,-16.000299429381645,-16.11921763236283,-16.218404988946727,-16.30113610732282,-16.37014168510409,-16.427699077087798,-16.475707669005743,-16.515751663307928,-16.549152407602623,-16.577012021528823,-16.600249775968333,-16.6196324320694,-16.635799544650684,-16.649284566623383,-16.660532451643608,-16.66991433623149,-16.67773978601511,-16.684267010278294,-16.689711381902153,-16.694252543849544,-16.69804033669042,-16.701199742759368,-16.70383501008586,-16.70603309217233,-16.70786651711978,-16.709395780771466,-16.71067134283893,-16.71173529187493,-16.7126227340309,-16.713362951422486,-16.713980368324666,-16.714495357077208,-16.71492491029207,-16.715283201543077,-16.71558205303831,-16.715831325706734,-16.71603924457013,-16.716212670136738,-16.716357324771057,-16.716477981509506,-16.716578621551918,-16.716662565625533,-16.71673258355606,-16.716790985660968,-16.716839698981012,-16.716880330864957
73,0,-3.0297479993575185,-5.477281242582241,-7.454671311446348,-9.059319755100208,-10.369521005114283,-11.44572613974106,-12.334073580009845,-13.070016233874608,-13.68122393230159,-14.18967057690819,-14.6130738375453,-14.965886267505923,-15.259993201204612,-15.505221448649042,-15.709723687932033,-15.880278068955178,-16.022527276997593,-16.14117242889967,-16.240132030445416,-16.322673177090767,-16.391520298859806,-16.448945522329755,-16.496843872230844,-16.53679591345484,-16.570119959507306,-16.597915599276206,-16.62109999274056,-16.64043814034173,-16.65656812829015,-16.670022184528392,-16.681244240964034,-16.690604581874755,-16.6984120620315,-16.70492429779072,-16.710356167471552,-16.714886901521645,-16.7186659964312,-16.721818147537107,-16.724447363483495,-16.726640398100933,-16.728469612943726,-16.72999536493815,-16.731267997924817,-16.73232950380829,-16.73321490812554,-16.733953425751487,-16.734569424875552,-16.73508323105634,-16.735511797885597,-16.735869266390264,-16.736167431631024,-16.736416131893108,-16.73662357331119,-16.736796600639636,-16.73694092310266,-16.737061302776308,-16.73716171171838,-16.737245463030735,-16.73731532017866,-16.73737358817447,-16.737422189633826,-16.737462728214542
74,0,-3.051081749116937,-5.508690975046247,-7.489558977104896,-9.094342914923303,-10.403249517020685,-11.477711514692167,-12.364311373654507,-13.098672865109087,-13.708511938120711,-14.215797666179231,-14.638225326268417,-14.990221351332748,-15.28364638375109,-15.528305539412113,-15.732332997710692,-15.902491334686042,-16.04441019572173,-16.162779804701714,-16.26150957660589,-16.343859022957307,-16.412546247824825,-16.469838101375302,-16.51762520738087,-16.557484459963348,-16.590731110880192,-16.618462195236887,-16.641592742912533,-16.660885977635896,-16.676978503661942,-16.690401312833316,-16.701597306025118,-16.710935907529258,-16.71872525480098,-16.725222365882324,-16.730641620037222,-16.73516183145031,-16.738932149405954,-16.742076979635925,-16.744700089224118,-16.746888030515187,-16.74871299700361,-16.750235205436613,-16.751504882731155,-16.75256392326553,-16.75344727122984,-16.754184073647455,-16.754798642112572,-16.755311254977688,-16.7557388264598,-16.756095464743304,-16.756392937494823,-16.75664106015017,-16.756848019785213,-16.757020645257413,-16.757164632531286,-16.757284732622963,-16.757384908365115,-16.757468465164898,-16.757538160069487,-16.757596292737784,-16.757644781320174,-16.757685225749967
75,0,-3.0726738328696355,-5.54034668840312,-7.524570851705722,-9.12935861445368,-10.436866574639556,-11.50951324532926,-12.394317817663387,-13.127066597630751,-13.735515486751265,-14.241624853432107,-14.663065318610542,-15.014235902406767,-15.306971803421915,-15.55105598404355,-15.754603824677691,-15.924362117121941,-16.065947310577055,-16.184038614764322,-16.282536257130577,-16.364692086676396,-16.433217816969336,-16.490374968413334,-16.53804971955597,-16.57781525694056,-16.610983739929978,-16.63864962431209,-16.661725788580387,-16.68097366200304,-16.697028352079172,-16.710419602207942,-16.721589271936985,-16.73090591698571,-16.738676950331694,-16.745158785728826,-16.750565298403103,-16.75507488212014,-16.75883633549191,-16.761973771753617,-16.764590714017135,-16.76677351112956,-16.76859418684765,-16.770112816339974,-16.771379508432467,-16.772436059003464,-16.77331733008403,-16.774052400168475,-16.77466552369082,-16.775176931326094,-16.775603497523424,-16.77595929729674,-16.776256070645147,-16.77650360992684,-16.776710082968716,-16.776882302572503,-16.777025951310662,-16.777145769028976,-16.777245709242905,-16.777329069588106,-16.77739860062952,-16.777456596619178,-16.777504971197622,-16.77754532053649
76,0,-3.0945617813198725,-5.572289240062215,-7.559738992812822,-9.164389344067068,-10.470387626842806,-11.541142163044745,-12.424100709623572,-13.155203105642393,-13.762238651090142,-14.267154936361859,-14.687595566298484,-15.037930803439632,-15.329969617719113,-15.5734723342382,-15.776535214533869,-15.945889039498805,-16.08713689219472,-16.20494683549298,-16.303209802951432,-16.3851698944004,-16.453532361623992,-16.510553336284516,-16.558114502742026,-16.597785299233585,-16.630874758811075,-16.658474729681632,-16.681495915391856,-16.700697931103196,-16.716714371175147,-16.730073716899167,-16.741216775098863,-16.750511223415565,-16.75826374242074,-16.764730134967103,-16.770123766726822,-16.77462260644567,-16.778375098225716,-16.781505059604715,-16.784115767052658,-16.786293363692156,-16.788109701684686,-16.789624713070886,-16.79088838729338,-16.79194242065258,-16.792821592121413,-16.79355491091525,-16.794166573682364,-16.794676762898604,-16.795102312810016,-16.795457264897095,-16.795753331188582,-16.796000280712622,-16.79620626183636,-16.796378071130178,-16.79652137762794,-16.796640909882804,-16.79674061199106,-16.796823773731816,-16.796893139116833,-16.796950996932136,-16.796999256259063,-16.797039509466394
77,0,-3.1167873916435216,-5.60456352519153,-7.595098069173013,-9.19945899951989,-10.503828775117407,-11.572609314193762,-12.453667790781932,-13.183087816784212,-13.788685110019223,-14.292390198368812,-14.711817206854365,-15.061306239589442,-15.35263921704255,-15.595553316580173,-15.798125339498537,-15.967069811238705,-16.107976263760563,-16.22550146780183,-16.323526946119145,-16.405288953892676,-16.473486202459938,-16.53036936959922,-16.57781559137548,-16.617390512698908,-16.650400002812372,-16.67793327109137,-16.70089882008198,-16.720054429113894,-16.736032161288996,-16.74935922068043,-16.760475348784617,-16.769747334652923,-16.77748111768286,-16.78393188251277,-16.789312479161133,-16.793800446265937,-16.7975438691755,-16.80066626619035,-16.803270664186073,-16.805442998098044,-16.80725494643833,-16.808766296406265,-16.810026916631973,-16.811078402645958,-16.81195544936873,-16.812686995907367,-16.813297180432627,-16.813806136644185,-16.814230658103774,-16.814584752357003,-16.814880103127447,-16.815126455833862,-16.81533193915074,-16.815503333222825,-16.815646293383217,-16.81576553675736,-16.815864997909593,-16.815947958668417,-16.81601715641396,-16.81607487440085,-16.816123017096583,-16.816163173021586
78,0,-3.139397513673948,-5.637219176861872,-7.6306857957121155,-9.234593121645426,-10.537206903285641,-11.603926028709699,-12.483026775630973,-13.210725912589684,-13.814858125229483,-14.317332365711454,-14.735730704316513,-15.084361625472313,-15.374979140275057,-15.617296738606612,-15.819371396437806,-15.98790111946301,-16.128461687012482,-16.24569841851122,-16.343483297364592,-16.425044628889523,-16.493074497182103,-16.549818054204962,-16.597147827954178,-16.63662562026458,-16.669554095127772,-16.6970197885464,-16.71992897326777,-16.73903756877521,-16.75497608688554,-16.768270437749983,-16.779359283606095,-16.78860851329514,-16.796323315348452,-16.80275824810582,-16.808125639189004,-16.812602591503886,-16.816336826953787,-16.819451560688996,-16.82204956672687,-16.82421656909319,-16.82602407037991,-16.82753171105101,-16.828789237344317,-16.829838142702698,-16.83071303689515,-16.831442788003653,-16.832051474956824,-16.83255918204031,-16.83298266159951,-16.833335886801407,-16.833630512694295,-16.83387626077879,-16.834081239779245,-16.834252213199914,-16.83439482249408,-16.83451377320995,-16.834612990255295,-16.834695747404044,-16.834764775317996,-16.834822351647983,-16.834870376187393,-16.834910433557965
79,0,-3.1624450146059515,-5.670311412482383,-7.6665434518661,-9.269819178840876,-10.570539829262325,-11.635103999512511,-12.512185384785418,-13.238122326360118,-13.84076051060083,-14.34198255315426,-14.759335775071529,-15.10709551446946,-15.396986970320047,-15.638699372872813,-15.840269481368779,-16.008378495526355,-16.148588222128858,-16.265532354694322,-16.3630731958234,-16.44443098496981,-16.512291083183598,-16.568893037159043,-16.61610470077316,-16.655483977800355,-16.688330281170142,-16.715727435326937,-16.738579451381206,-16.757640362419828,-16.773539106832015,-16.78680028237946,-16.797861456637598,-16.807087605390127,-16.81478315558626,-16.821202030329115,-16.82655602738847,-16.831021807719704,-16.83474672459432,-16.837853685686074,-16.84044520854552,-16.842606803278915,-16.844409794047504,-16.845913672485818,-16.847168060692766,-16.848214348566632,-16.84908705950967,-16.849814989565182,-16.850422157574194,-16.85092859770312,-16.85135102049283,-16.85170336424104,-16.851997254911517,-16.852242389745445,-16.852446857232295,-16.852617403998384,-16.85275965741905,-16.85287831130007,-16.852977280754846,-16.853059831387757,-16.853128687046425,-16.853186119697906,-16.853234024394773,-16.85327398180442
80,0,-3.1859899734585913,-5.70390206559632,-7.702716504189834,-9.305166902912458,-10.603846484481501,-11.666155375638887,-12.541151382162994,-13.265281737917206,-13.866394592299947,-14.366341195192721,-14.782631294982103,-15.129505485768638,-15.418659204410375,-15.659756813321318,-15.860814434211973,-16.028496150085324,-16.168349554722862,-16.28499652393799,-16.382289523681248,-16.46344059951655,-16.53112828360082,-16.58758642952525,-16.63467814400358,-16.6739573719297,-16.706720224492532,-16.73404777233243,-16.756841729698024,-16.775854213904463,-16.79171256541438,-16.804940049166678,-16.81597312103197,-16.82517582952137,-16.83285182814541,-16.83925439488097,-16.84459478939702,-16.849049223818096,-16.852764677044956,-16.85586374448802,-16.858448683238286,-16.860604786152212,-16.862403196182505,-16.863903253817238,-16.8651544550838,-16.86619808472391,-16.86706857842851,-16.86779465908072,-16.868400284498488,-16.868905437948786,-16.869326787517107,-16.869678236089072,-16.869971380091144,-16.870215892127366,-16.870419840137313,-16.870589953606615,-16.870731845613516,-16.87085019803854,-16.870948916048224,-16.87103125695026,-16.87109993767195,-16.87115722440812,-16.871205007396725,-16.871244863289252
81,0,-3.21010117438045,-5.738060854755199,-7.739255360578511,-9.340668692029297,-10.637147128365152,-11.69709287294287,-12.569932617787456,-13.292208564488925,-13.891762157130792,-14.390407958957692,-14.805615182723914,-15.151588003065871,-15.439991092292868,-15.680463296375663,-15.880999645642891,-16.0482467680777,-16.18773778092259,-16.304082531167754,-16.401123476114044,-16.482064325914944,-16.54957666672202,-16.605888561787705,-16.65285828977459,-16.692035769332428,-16.724713753772647,-16.751970513132523,-16.774705425775835,-16.793668660702878,-16.80948593330821,-16.822679153070688,-16.833683645275006,-16.84286251541124,-16.850518630415564,-16.856904612182298,-16.86223117314089,-16.8666740689624,-16.87037989781889,-16.873470937554163,-16.876049180376302,-16.878199698202327,-16.879993449698915,-16.881489621640785,-16.882737581842637,-16.88377850810379,-16.884646746914235,-16.885370946754435,-16.885975003382907,-16.886478848302698,-16.886899106422952,-16.88724964461576,-16.887542029268637,-16.887785907930066,-16.887989327640767,-16.888159000454532,-16.88830052490971,-16.88841857075908,-16.888517033053333,-16.888599160662594,-16.888667663476316,-16.88872480181909,-16.888772461032442,-16.888812213683764
82,0,-3.234857993163846,-5.772866958753141,-7.776216292192109,-9.376360098901829,-10.670463607614334,-11.727929907494843,-12.598537077954798,-13.31890694669679,-13.916864385793305,-14.414181633532836,-14.828284252470239,-15.173338236741452,-15.460976433001404,-15.700811476554444,-15.900816815074352,-16.06762125200699,-16.20674313840051,-16.322780059457443,-16.419564273574174,-16.50029099872973,-16.567624745235427,-16.62378767815345,-16.67063315835092,-16.709707003481792,-16.742298546680136,-16.769483205440526,-16.792157978931034,-16.811071051717278,-16.826846484001102,-16.840004804675562,-16.85098018748278,-16.86013477741214,-16.867770640245794,-16.87413972963463,-16.879452200625238,-16.883883343974635,-16.88757937006921,-16.890662233299953,-16.893233656082273,-16.895378485298583,-16.897167491913695,-16.89865970613983,-16.899904365202566,-16.90094253797654,-16.90180848009748,-16.902530764264075,-16.903133223025115,-16.903635735160286,-16.904054881602047,-16.904404492541435,-16.90469610377028,-16.904939337317085,-16.905142218936298,-16.905311442926802,-16.90545259301755,-16.905570326608736,-16.905668528447794,-16.905750438810813,-16.905818760418992,-16.90587574761782,-16.905923280761694,-16.905962928258187
83,0,-3.2603528077230832,-5.808410992238116,-7.813662571332181,-9.41228042837572,-10.703819673487926,-11.758680758613673,-12.626972945097155,-13.345380728199773,-13.941701766456916,-14.437659988476659,-14.85063402654725,-15.194749838332777,-15.481607317543402,-15.720792142684035,-15.920255644808968,-16.0866083977055,-16.22535366680343,-16.341076517672402,-16.43759879876962,-16.51810706178992,-16.585258596895457,-16.641269551031076,-16.687988267450447,-16.726956379657018,-16.759459731298485,-16.786570829540484,-16.80918424616775,-16.828046141123753,-16.843778885899958,-16.856901600847976,-16.867847284850143,-16.87697710294649,-16.884592303543226,-16.890944158517108,-16.89624225424593,-16.900661407159077,-16.904347432005352,-16.907421953173632,-16.90998641782393,-16.912125443247515,-16.913909608906764,-16.91539778528132,-16.916639076363445,-16.917674439897628,-16.918538038825687,-16.9192583685301,-16.919859197070068,-16.920360349434368,-16.92077836168836,-16.92112702659933,-16.921417848743847,-16.92166042411373,-16.921862756746172,-16.922031522825645,-16.922172290971822,-16.922289705982234,-16.922387642092385,-16.922469330810365,-16.922537467543933,-16.922594300538474,-16.922641705060197,-16.9226812452727
84,0,-3.2866941165653176,-5.8447975110946695,-7.851665890663668,-9.448473477227155,-10.737241375073463,-11.789360771060894,-12.655248670527596,-13.371633426947994,-13.966273982248834,-14.460839591538765,-14.872658495056582,-15.215814651815814,-15.501873799945464,-15.740393855434927,-15.939303449653114,-16.105194480672292,-16.243554774682714,-16.358956591215094,-16.45521113391142,-16.535496094178324,-16.602461381122346,-16.658316989798305,-16.704906134479216,-16.74376617172973,-16.776179378366603,-16.803215286737803,-16.825765987466546,-16.844575571023466,-16.860264682782535,-16.873351003353907,-16.884266330736825,-16.893370828316257,-16.900964909017805,-16.907299147843084,-16.912582549905306,-16.916989446800084,-16.920665248875448,-16.92373124320882,-16.92628859560798,-16.928421688687767,-16.930200906166426,-16.93168495525302,-16.93292280375548,-16.933955295826628,-16.93481649966126,-16.935534831613143,-16.936133993823482,-16.936633756298693,-16.93705060924322,-16.93739830717171,-16.93768832275407,-16.93793022536875,-16.93813199685465,-16.938300294880584,-16.93844067262232,-16.93855776199555,-16.93865542649104,-16.938736888654645,-16.93880483641873,-16.93886151179342,-16.9389087848441,-16.93894821539631
85,0,-3.314010628754525,-5.882148228461145,-7.890308153756171,-9.484988461329182,-10.770757553603225,-11.819986609717219,-12.68337306447815,-13.397668195101016,-13.990579763595925,-14.483715571441259,-14.894349804137327,-15.236522339881729,-15.52176347194576,-15.759602479055852,-15.95794465285534,-16.123362722172228,-16.26132868071306,-16.376401662495333,-16.47238196387971,-16.552438198965007,-16.619212715697795,-16.674909207457212,-16.72136563481195,-16.760114973459103,-16.792435846747594,-16.81939473996828,-16.841881202339863,-16.860637204617117,-16.87628162415157,-16.889330666860392,-16.90021490070723,-16.909293463106167,-16.916865911220484,-16.92318210625969,-16.92845045796204,-16.93284480131985,-16.93651013246342,-16.939567392970343,-16.942117460466307,-16.944244477192832,-16.94601862637231,-16.947498447979772,-16.948732770332896,-16.949762321235376,-16.95062107183494,-16.951337357538254,-16.95193481296829,-16.952433151814425,-16.95284881730691,-16.953195524779122,-16.953484714219794,-16.953725927747925,-16.953927124465277,-16.954094943075532,-16.95423492093564,-16.954351676766745,-16.95444906305404,-16.954530293163597,-16.954598047370915,-16.954654561299478,-16.9547016996876,-16.954741017917502
86,0,-3.3424567099070694,-5.920606198539039,-7.929683762829607,-9.521881193567548,-10.804400473351926,-11.850576585716587,-12.711355409662215,-13.423487763298082,-14.014616692356435,-14.506281305419297,-14.915697846562416,-15.25685989392422,-15.541260905907635,-15.778400568431682,-15.976160126621654,-16.14109259095314,-16.27865368305933,-16.39338905331917,-16.48908779611275,-16.568909204330485,-16.63548786223628,-16.69102099305044,-16.73734116331924,-16.775976850936473,-16.8082029282976,-16.835082752348075,-16.857503263111347,-16.876204255087945,-16.891802790451035,-16.904813561093277,-16.915665872136966,-16.924717807662283,-16.932268046246843,-16.93856571627107,-16.9438186162195,-16.948200071236734,-16.95185465218813,-16.954902945936922,-16.957445534240875,-16.95956631255744,-16.9613352582659,-16.962810739647107,-16.964041441808266,-16.965067973100926,-16.965924205037524,-16.966638389918685,-16.96723409304849,-16.967730970297282,-16.968145416668307,-16.968491107268697,-16.968779448534434,-16.96901995459805,-16.969220561217725,-16.969387887626276,-16.969527454939872,-16.96964386833327,-16.96974096899254,-16.969821960859164,-16.969889516347536,-16.969945864524203,-16.969992864658323,-16.97003206757025
87,0,-3.3722197574008916,-5.960341340825438,-7.96990258315664,-9.559215603275124,-10.83820664060503,-11.881151081634277,-12.739205607335126,-13.449094362835682,-14.038380938521776,-14.528528001737818,-14.936689716140611,-15.27681098194908,-15.560346914128239,-15.796766554611388,-15.993926316164568,-16.158358876045522,-16.2955031894438,-16.409891019319975,-16.50529992531733,-16.584879603487718,-16.651256645431634,-16.706621613662968,-16.752801521985447,-16.791320218205865,-16.82344871347928,-16.850247144440182,-16.872599765220293,-16.891244130099135,-16.906795432719626,-16.919766806450493,-16.930586256456245,-16.939610782524646,-16.947138158825165,-16.953416759370768,-16.958653753427047,-16.96302194130605,-16.966665456109336,-16.969704519560516,-16.9722394088536,-16.974353765408818,-16.97611735471249,-16.97758836830505,-16.978815343874203,-16.97983876680853,-16.98069240605682,-16.98140442837114,-16.98199832769936,-16.98249370039339,-16.982906891812096,-16.983251535654087,-16.983539003816414,-16.983778781622608,-16.983978780801223,-16.98414560054189,-16.984284745242732,-16.984400806133923,-16.984497612770355,-16.984578359391897,-16.984645710320834,-16.984701887874042,-16.98474874569077,-16.98478782989546
88,0,-3.4035303796620777,-6.001557856274954,-8.011093845379598,-9.597065730226305,-10.872217887097039,-11.911733116803054,-12.766934369065165,-13.474489615897003,-14.061866900555218,-14.550444132493705,-14.957308968188686,-15.296355065843064,-15.578997546973941,-15.814673643738832,-16.01121405596961,-16.175130434118916,-16.311844407044,-16.425873391939497,-16.520983035486978,-16.600313123369446,-16.66648199394428,-16.721673332121544,-16.767708418267485,-16.806106319490755,-16.83813406013297,-16.864848451802327,-16.887130975408002,-16.90571687217175,-16.921219406455922,-16.934150102434746,-16.9449356230513,-16.953931848549033,-16.961435619285822,-16.96769453038168,-16.972915101426622,-16.977269590837203,-16.980901679718958,-16.983931212784732,-16.986458152763102,-16.98856587877802,-16.990323937533894,-16.99179033808479,-16.993013465906063,-16.99403367942569,-16.994884641694348,-16.995594431134265,-16.996186468017186,-16.99668028724163,-16.997092182908037,-16.99743574596028,-16.99772231263359,-16.99796133850587,-16.998160710494798,-16.99832700709522,-16.998465715443665,-16.998581412372406,-16.99867791542697,-16.998758408830238,-16.998825548549263,-16.998881549931838,-16.998928260804263,-16.998967222442403
89,0,-3.4366767510426066,-6.044504371308487,-8.053411375308718,-9.635518393396826,-10.906482834357538,-11.942349115493293,-12.794553474148291,-13.499674378359384,-14.08506670466793,-14.57201464788385,-14.977534597292381,-15.315466182650765,-15.597182710709188,-15.832088298776082,-16.02798693810504,-16.191368463247876,-16.327636537426038,-16.441293707619682,-16.53609327426478,-16.615164753261123,-16.681117930892167,-16.736129365672177,-16.782014397237027,-16.820287139203277,-16.85221048502471,-16.878837801136587,-16.90104769502368,-16.919573011277606,-16.935025015275325,-16.947913563857124,-16.958663929251152,-16.967630831708362,-16.9751101440373,-16.981348654324417,-16.98655220901199,-16.990892505042982,-16.994512755196766,-16.997532413554403,-17.000051117017733,-17.002151972937938,-17.003904301333208,-17.005365922178118,-17.006585063236454,-17.007601951388633,-17.008450139961223,-17.00915761585534,-17.009747723004786,-17.01023993263443,-17.010650485734395,-17.010992928949104,-17.01127856156354,-17.01151680833533,-17.011715530474884,-17.011881285034555,-17.012019541265655,-17.01213486108235,-17.012231049586962,-17.01231128062344,-17.01237820150177,-17.012434020348856,-17.012480578968052,-17.01251941361143
90,0,-3.472025358764898,-6.089488111358049,-8.097040748264323,-9.674676845007442,-10.941058921900431,-11.973029976633024,-12.822076123587447,-13.5246485101434,-14.10796949189974,-14.593219862793612,-14.997339591752848,-15.334111223143418,-15.61486421658295,-15.848968097495812,-16.04419901097849,-16.207024068925495,-16.342828231873764,-16.456098570827496,-16.550575538985882,-16.62937796663648,-16.69510674213334,-16.749931009595024,-16.795659927938388,-16.83380245722626,-16.865617193208074,-16.892153918031088,-16.91428824973269,-16.932750539505868,-16.948149973030496,-16.960994672492696,-16.97170846325447,-16.98064485873883,-16.988098725139604,-16.99431601092526,-16.999501862211662,-17.003827391798385,-17.007435325229732,-17.010444710183048,-17.012954844578,-17.015048553020048,-17.016794919688586,-17.018251567844526,-17.01946656117242,-17.020479989693808,-17.021325292580986,-17.022030361518766,-17.022618461020794,-17.02310899606746,-17.023518152394193,-17.023859430557387,-17.024144091399865,-17.02438152761459,-17.02457957366678,-17.024744764300543,-17.02488255015984,-17.024997477638408,-17.025093338892965,-17.02517329696947,-17.025239990171297,-17.02529561911294,-17.025342019331582,-17.02538072185274
91,0,-3.5100518511257777,-6.136895194625698,-8.142209312678547,-9.714665908606667,-10.976015296845976,-12.003812605572792,-12.849517440151525,-13.54941053117128,-14.130560375887757,-14.614033836626684,-15.016688834367672,-15.352247434765523,-15.631992952853558,-15.86525862893917,-16.059791446166276,-16.222034739467247,-16.357353907176563,-16.47021983673237,-16.56435954833961,-16.64288070022773,-16.70837487810799,-16.763003474631653,-16.808569187088143,-16.846575587798856,-16.878276779530392,-16.90471879728811,-16.926774133839096,-16.94517053369425,-16.960515008349706,-16.973313866527565,-16.983989420988962,-16.99289392349992,-17.000321187906682,-17.00651628491399,-17.01168362849387,-17.01599372076352,-17.019588777896022,-17.02258742270114,-17.025088598715655,-17.027174834953534,-17.028914969040663,-17.0303664185872,-17.031577075743925,-17.0325868874557,-17.033429173554303,-17.034131726182288,-17.034717726824976,-17.03520651120858,-17.035614207303546,-17.035954267484303,-17.03623791240504,-17.036474501237283,-17.03667184048593,-17.036836441573353,-17.036973735690793,-17.03708825300645,-17.037183772143223,-17.037263444858567,-17.037329900040053,-17.03738533044841,-17.03743156507002,-17.03747012946634
92,0,-3.551388450609211,-6.18722052646821,-8.189200634851579,-9.755639435722236,-11.011437068975292,-12.034742179329902,-12.876895196796916,-13.573957089833984,-14.15281887070891,-14.634421940727476,-15.035535956983171,-15.36981868423989,-15.648504655010333,-15.880888853610665,-16.074687556931092,-16.236319079693732,-16.371128241808034,-16.483568909319793,-16.577353975295093,-16.65557934917652,-16.72082683407561,-16.77524967137472,-16.820643763519072,-16.858507017278118,-16.890088810774778,-16.916431238673873,-16.93840350733949,-16.956730620206542,-16.97201730249272,-16.98476795595935,-16.995403302781767,-17.00427426802197,-17.011673558923,-17.017845323171198,-17.0229932048478,-17.027287063902886,-17.030868580876728,-17.033855931806784,-17.03634768757611,-17.038426066367435,-17.04015964654169,-17.04160562945555,-17.04281172688231,-17.043817735313635,-17.044656849087897,-17.045356755673414,-17.045940549246435,-17.046427492708546,-17.046833653286953,-17.04717243269009,-17.04745500931149,-17.047690707072977,-17.047887303077616,-17.04805128422363,-17.048188061246623,-17.048302147252677,-17.048397306633227,-17.04847667927511,-17.048542884164696,-17.048598105804043,-17.048644166290984,-17.048682585441203
93,0,-3.596899744343125,-6.2411133373441,-8.238376030881176,-9.79779154659777,-11.047431826058867,-12.06587562582701,-12.904230916304018,-13.598282110395445,-14.174716428762874,-14.654337066885466,-15.053818447995916,-15.386749650891902,-15.66431333867417,-15.89576390313301,-16.088785070183505,-16.249768642984264,-16.384037641169474,-16.49602790073546,-16.58943735132223,-16.667349458469893,-16.732335664073485,-16.786540576195197,-16.83175290063606,-16.869464543607865,-16.900919879227683,-16.92715682883579,-16.949041118076792,-16.967294847237604,-16.982520320076723,-16.995219918641993,-17.00581268047663,-17.0146481254948,-17.02201778890643,-17.028164840804315,-17.03329210985773,-17.03756877588034,-17.041135952109393,-17.04411134139378,-17.046593119929035,-17.04866317668821,-17.05038981543774,-17.05183000849446,-17.053031276589067,-17.05403325686415,-17.054869010744728,-17.055566114835763,-17.056147570842167,-17.05663256453499,-17.057037098806692,-17.057374521703938,-17.057655966860878,-17.05789072086546,-17.05808652968046,-17.05824985422991,-17.05838608358431,-17.058499712778836,-17.0585944911319,-17.058673545957962,-17.058739485756693,-17.058794486283187,-17.058840362339428,-17.058878627655606
94,0,-3.647809700692248,-6.299449396996477,-8.290208021848871,-9.84137438216141,-11.084140090089637,-12.097287215595474,-12.931551603559932,-13.62237536120333,-14.196212405519482,-14.67371344381898,-15.071449690110766,-15.402936387550445,-15.679300632003606,-15.909753389597634,-16.101943583294126,-16.262234677371872,-16.39592639106289,-16.507435290543217,-16.60044331346908,-16.678020626239213,-16.74272759747988,-16.7966996086442,-16.84171767433534,-16.879267287850574,-16.910587475427302,-16.936711698291603,-16.958501962174378,-16.976677264710872,-16.99183732179813,-17.004482356976215,-17.0150296073885,-17.023827091239802,-17.03116509116497,-17.037285732483156,-17.042390972416708,-17.046649263903976,-17.05020111389419,-17.05316371953023,-17.055634835197246,-17.057695998035342,-17.059415218346373,-17.06084922366776,-17.062045330559158,-17.06304300586365,-17.0638751689591,-17.064569277968616,-17.06514823577115,-17.065631145706806,-17.06603394191221,-17.066369915084664,-17.066650151023072,-17.066883896415895,-17.067078863945678,-17.067241486777338,-17.06737713082744,-17.067490271818404,-17.06758464295984,-17.067663358129817,-17.067729014620678,-17.067783778839473,-17.067829457790967,-17.067867558701657
95,0,-3.7059272691983547,-6.36345131920204,-8.345335097786709,-9.886727813685026,-11.121753093797674,-12.129078061953072,-12.958892620998228,-13.646219909722529,-14.21724706362025,-14.692455971492684,-15.088305256669788,-15.418230094450278,-15.69329745130064,-15.92267133373102,-16.11396303605668,-16.27350538353718,-16.406572903429815,-16.517561327296058,-16.610135301887098,-16.687350614076767,-16.751755659557247,-16.805475843484043,-16.850283864299254,-16.887658281275254,-16.91883233819503,-16.944834673732014,-16.966523271413074,-16.984613774090572,-16.99970309950189,-17.012289137271363,-17.02278717783568,-17.03154361565597,-17.03884737900317,-17.044939463520713,-17.050020884166987,-17.05425930793648,-17.057794586221227,-17.060743369362584,-17.063202955657395,-17.065254501821627,-17.066965700844534,-17.06839301559242,-17.06958354186221,-17.070576562358358,-17.07140484286824,-17.072095713404877,-17.072671969990292,-17.073152626834993,-17.073553543732444,-17.073887949370125,-17.07416687782444,-17.074399532642005,-17.07459359052064,-17.07475545461034,-17.07489046579216,-17.07500307890634,-17.075097009744628,-17.075175357656814,-17.075240707817166,-17.075295216525035,-17.07534068235432,-17.07537860549932
96,0,-3.7740775400023274,-6.434901834334576,-8.404657640968361,-9.934332988703206,-11.16054527537594,-12.16139343336404,-12.98630278936204,-13.669787262054763,-14.237728548621362,-14.710420469887081,-15.104197592026692,-15.432407176038888,-15.706050211536137,-15.934239172208827,-16.124544048622397,-16.283264027391926,-16.41564597334417,-16.52606273806039,-16.618159978747624,-16.69497768952171,-16.7590511161185,-16.81249470649765,-16.857072025190515,-16.89425401556294,-16.925267570284955,-16.951136031207234,-16.972712964086863,-16.990710327062985,-17.005721964523396,-17.018243202643145,-17.028687193699113,-17.037398548717984,-17.04466470840875,-17.050725427638476,-17.055780686432424,-17.059997288545688,-17.06351436534076,-17.066447966580952,-17.06889488961975,-17.0709358733352,-17.072638262197106,-17.07405822837095,-17.0752426251795,-17.07623053307897,-17.077054549161087,-17.07774186272944,-17.078315152440044,-17.078793334608147,-17.07919218737257,-17.079524871312508,-17.07980236369507,-17.08003382068212,-17.080226879447785,-17.080387910175226,-17.08052222624781,-17.080634259569898,-17.08072770680236,-17.080805651337904,-17.080870665040937,-17.080924893109042,-17.080970124856105,-17.08100785275262
97,0,-3.857008393503818,-6.516553922242279,-8.469522014492252,-9.984918720641739,-11.200939559790713,-12.19445733609937,-13.013854268010576,-13.693027167994746,-14.25750626867586,-14.727373529321452,-15.118824662677603,-15.44510859267676,-15.71715244169981,-15.944010929987344,-16.133207724519004,-16.291004266900295,-16.422616373381373,-16.532391210104155,-16.623953113913046,-16.70032434652377,-16.76402538805313,-16.817158382711035,-16.86147663847963,-16.898442546680137,-16.929275868160612,-16.954993996819475,-16.976445537565773,-16.99433831085745,-17.009262709918435,-17.021711182342308,-17.03209447939549,-17.040755209426777,-17.047979142712233,-17.05400464080964,-17.059030521583242,-17.06322261942774,-17.066719257160344,-17.06963581013514,-17.072068513179538,-17.07409763596742,-17.075790131604403,-17.07720184581829,-17.07837935964948,-17.07936152644287,-17.08018075385619,-17.08086407318571,-17.081434031293195,-17.081909434564047,-17.082305969444356,-17.082636720032212,-17.08291259980169,-17.083142711704745,-17.083334648532972,-17.08349474345001,-17.083628278961143,-17.083739661215272,-17.08383256539057,-17.08391005696096,-17.083974692844798,-17.08402860577312,-17.084073574661407,-17.084111083306855
98,0,-3.963562930837665,-6.613013373889556,-8.54212273944135,-10.039703141388701,-11.243656579467117,-12.228650924078035,-13.041664201556149,-13.715843315386186,-14.27630903793655,-14.742899729037466,-15.131651575820364,-15.455700220556167,-15.725887458696027,-15.951201164588454,-16.139111319845163,-16.295835587930576,-16.426553756429875,-16.535583177561392,-16.626523436635622,-16.70237620708214,-16.76564482426151,-16.818417145640115,-16.862434569341072,-16.89914955595902,-16.929773584728633,-16.955317142635995,-16.976623073912286,-16.994394394214513,-17.00921748916656,-17.021581463660777,-17.031894280832198,-17.040496223454497,-17.047671122042086,-17.053655720196133,-17.058647486241135,-17.062811128918494,-17.066284032135894,-17.06918078810118,-17.071596978417872,-17.073612327904456,-17.075293335201525,-17.07669546696664,-17.077864988056906,-17.078840488088087,-17.079654154740854,-17.080332835828152,-17.080898925167926,-17.081371101491392,-17.081764944768025,-17.08209345028353,-17.082367457433374,-17.082596007380403,-17.08278664137778,-17.082945649600838,-17.08307827869821,-17.08318890491069,-17.083281178470028,-17.083358144042318,-17.083422341190023,-17.083475888167584,-17.083520551815568,-17.08355780585944
99,0,-4.112981479765317,-6.732987259735536,-8.62657226968044,-10.101061483262253,-11.290127125402714,-12.264727124449356,-13.069951869699043,-13.738023427835898,-14.293571428090386,-14.756142550213635,-15.141580759434921,-15.462884290934625,-15.730790936011518,-15.954206832841773,-16.140536190320432,-16.29594297343476,-16.425562745397503,-16.53367624695752,-16.62385266086671,-16.69906836794262,-16.761805639405996,-16.81413477901862,-16.857782551145313,-16.894189214172975,-16.92455607133483,-16.949885122718555,-16.97101213407002,-16.988634217089857,-17.003332833008976,-17.01559297932692,-17.025819193220077,-17.034348899875685,-17.041463546295603,-17.04739788799123,-17.052347735018706,-17.05647641295501,-17.0599201520078,-17.06279258208146,-17.06518848212025,-17.067186907442874,-17.06885379825878,-17.07024415543691,-17.07140385531911,-17.072371163459735,-17.073177997239153,-17.07385097901225,-17.074412314541906,-17.074880525702238,-17.07527106162786,-17.07559680847484,-17.075868514613397,-17.07609514528201,-17.076284178405178,-17.07644185133565,-17.076573366662636,-17.076683063876857,-17.07677456255678,-17.076850881800492,-17.076914539844154,-17.076967637153892,-17.077011925732986,-17.077048866931097
100,0,-4.359947650288397,-6.8969553174690486,-8.732870205419218,-10.175074091984811,-11.344056614364348,-12.304617070744024,-13.099246569348098,-13.758965374690867,-14.307766602654178,-14.764813314443439,-15.145692736152862,-15.463217456286317,-15.72798368065883,-15.94878574799159,-16.132937642479735,-16.28652953928356,-16.41463616747609,-16.52148787465883,-16.61061198119094,-16.684950033976154,-16.74695529018026,-16.798673872985187,-16.841812387547787,-16.877794282258268,-16.90780684147224,-16.932840373268238,-16.953720891635065,-16.971137374593155,-16.985664499191454,-16.99778160429665,-17.007888507240683,-17.01631869639482,-17.023350335062347,-17.02921543981865,-17.034107536169444,-17.038188044144256,-17.04159160453005,-17.044430521492252,-17.046798468173527,-17.048773577541198,-17.050421020469454,-17.0517951561231,-17.052941325597203,-17.05389734799564,-17.054694768313464,-17.055359898298207,-17.05591468463449,-17.056377433098685,-17.056763412577823,-17.057085358883093,-17.05735389498172,-17.05757788151328,-17.057764709156103,-17.05792054249072,-17.058050523406887,-17.05815894076578,-17.058249371915643,-17.05832480073027,-17.05838771606513,-17.058440193879882,-17.058483965736883,-17.058520475935996
