,v^0,v^1,v^2,v^3,v^4,v^5,v^6,v^7,v^8,v^9,v^10,v^11,v^12,v^13,v^14,v^15,v^16,v^17,v^18,v^19,v^20,v^21,v^22,v^23,v^24,v^25,v^26,v^27,v^28,v^29,v^30,v^31,v^32,v^33,v^34,v^35,v^36,v^37,v^38,v^39,v^40,v^41,v^42,v^43,v^44,v^45,v^46,v^47,v^48,v^49,v^50,v^51,v^52,v^53,v^54,v^55,v^56,v^57,v^58,v^59,v^60,v^61,v^62,v^63,v^64,v^65,v^66,v^67,v^68,v^69,v^70,v^71,v^72,v^73,v^74
1,0,0.0,-2.534521834657252,-5.732121895407535,-8.818750571209563,-11.57831493549121,-13.976128757991304,-16.035415867294095,-17.79579779834498,-19.298138705030066,-20.579601171504347,-21.672543437859122,-22.60466575207693,-23.399627318677744,-24.077610100118093,-24.655826419307243,-25.148938543426567,-25.56945587751854,-25.928056311764934,-26.233851720589367,-26.49461560880267,-26.716978409802365,-26.906594867155306,-27.068287268755768,-27.206167847047034,-27.323743272989294,-27.424003810450774,-27.509499358895024,-27.582403693644785,-27.644568213485957,-27.697573267478436,-27.742767468040306,-27.781301351552965,-27.814156243361253,-27.842169007635114,-27.866053242009674,-27.88641740073122,-27.903780272700722,-27.918584189817842,-27.9312062931996,-27.94196814054544,-27.951143898015367,-27.958967324871782,-27.96563772871612,-27.97132504302143,-27.976174156323655,-27.980308603367504,-27.983833712246664,-27.98683928771488,-27.989401899028337,-27.991586830604078,-27.993449745188734,-27.99503810190813,-27.996392365323562,-27.99754703629637,-27.99853153092293,-27.99937092993146,-28.000086617631993,-28.000696826697684,-28.001217102655442,-28.00166069991976,-28.002038919458816,-28.00236139669486,-28.002636346973816,-28.002870774857232,-28.003070652568702,-28.00324107214063,-28.003386375137577,-28.003510263260782,-28.003615892651695,-28.003705954297143,-28.00378274258412,-28.00384821375096,-28.003904035724005,-28.003951630609325
2,0,-0.6931471805599453,-3.4265024152298698,-6.668889868744586,-9.747812867015886,-12.482662718003192,-14.85210911347708,-16.884327351350755,-18.620541394794802,-20.101891338617136,-21.365331021371723,-22.442869245064575,-23.361846396826554,-24.14559577347026,-24.814016160495,-25.384077232447574,-25.870233964095696,-26.28481922079549,-26.638360500623925,-26.939841401808188,-27.19692595670483,-27.416151168474556,-27.60309205599006,-27.762502892872607,-27.898437898442257,-28.014354267246194,-28.113200070310185,-28.19748922691981,-28.269364823775064,-28.33065207131224,-28.382909031110426,-28.42746531864745,-28.46545526399561,-28.497846362932258,-28.525463679067105,-28.549010742889255,-28.56908742209988,-28.586205183066273,-28.600800113723803,-28.613244031225456,-28.623853953877692,-28.63290017744564,-28.64061316121569,-28.647189399167154,-28.652796425826075,-28.65757708434059,-28.661653165519045,-28.6651285105415,-28.668091656390605,-28.670618091396683,-28.672772178358645,-28.674608794233773,-28.67617472816881,-28.67750987348805,-28.678648244005227,-28.679618840550553,-28.680446389788337,-28.681151974147,-28.681753568909546,-28.682266500147154,-28.68270383516213,-28.683076715387237,-28.68339464022178,-28.683665709035875,-28.683896827507866,-28.684093883551654,-28.684261897315587,-28.684405149074465,-28.68452728827273,-28.68463142649669,-28.684720216744566,-28.6847959210136,-28.684860467925912,-28.684915501861852,-28.68496242485159
3,0,-1.150593043878592,-4.031976566087871,-7.314717837552829,-10.393319938306796,-13.113332809521383,-15.464099385148184,-17.47798425749637,-19.197661628773005,-20.664597450625536,-21.915648499845492,-22.982596546377277,-23.892536873566574,-24.668578682043048,-25.33042579808838,-25.894880933473047,-26.376256394074506,-26.786763659160624,-27.1368269054224,-27.435341617787476,-27.689896619309625,-27.90696470943282,-28.0920661102457,-28.249908341050716,-28.384505738748175,-28.499281482927067,-28.597154636631846,-28.680614382293854,-28.751782703698325,-28.81246678971044,-28.86420938251947,-28.908327045828084,-28.945942975043454,-28.978015162239714,-29.005360559802078,-29.028675777263633,-29.048554778605904,-29.0655039952561,-29.079955221709323,-29.09227661424306,-29.102782069765237,-29.111739222660688,-29.11937626307,-29.12588775025649,-29.13143956917133,-29.136173156504107,-29.140209103889873,-29.143650230070563,-29.14658420027866,-29.149085759573396,-29.151218637026563,-29.153037169267513,-29.154587684749092,-29.15590968399905,-29.15703684592534,-29.15799788581102,-29.158817286857417,-29.15951592391176,-29.160111595269324,-29.160619476098187,-29.161052505037798,-29.1614217138204,-29.16173650831262,-29.162004908136776,-29.16223375097673,-29.16242886677302,-29.162595226244683,-29.16273706752223,-29.16285800411702,-29.16296111697821,-29.163049032982155,-29.163123991853997,-29.163187903226355,-29.163242395288748,-29.163288856266707
4,0,-1.502586642729767,-4.50707562359938,-7.82723440729818,-10.908643287240107,-13.618397027186086,-15.955098328557908,-17.95486512925355,-19.66171316662887,-21.117441124301745,-22.358854912096355,-23.417565383716358,-24.32047729583875,-25.090524985053204,-25.747260282958273,-26.30735590254179,-26.785013064745574,-27.192348830574737,-27.539707074895077,-27.83591480934865,-28.088502400793754,-28.303892734270452,-28.487563422332606,-28.644185623912293,-28.77774265763253,-28.89163124734633,-28.988747894349075,-29.07156254123839,-29.142180755271344,-29.202395695787278,-29.25373819288816,-29.297514665749098,-29.33483965500099,-29.36666376404954,-29.393797637776714,-29.416932502908843,-29.436657731324754,-29.453475837913224,-29.4678152773474,-29.48004135812467,-29.4904655490249,-29.499353414151656,-29.506931378483454,-29.513392496274218,-29.518901369276282,-29.523598340099966,-29.52760306754747,-29.531017575009805,-29.53392884958785,-29.53641105815294,-29.5385274368027,-29.540331901847317,-29.54187042336737,-29.54318219633564,-29.544300639137905,-29.54525424493116,-29.546067307527704,-29.546760540298084,-29.547351603859454,-29.547855555992864,-29.54828523525135,-29.548651588031586,-29.548963947441344,-29.549230271067483,-29.549457343701206,-29.549650950185654,-29.549816022789106,-29.549956766858116,-29.550076767951857,-29.550179083186897,-29.550266319119466,-29.550340698149387,-29.55040411513747,-29.550458185678295,-29.550504287258903
5,0,-1.7925300357820275,-4.904339067021273,-8.259561313477597,-11.34534170341594,-14.047432368570497,-16.372772183854906,-18.360928320583003,-20.057169648898157,-21.50361974249275,-22.737055695070943,-23.788948736923864,-24.68604500301694,-25.451133334096816,-26.103639409855408,-26.660128246255283,-27.13470904682624,-27.53942074315017,-27.884540815070185,-28.178839664774653,-28.429799321257832,-28.643801384493162,-28.82628821705656,-28.98190089410259,-29.114597068825237,-29.22775157424108,-29.32424224271897,-29.40652309664607,-29.476686116655834,-29.536512842620834,-29.58752425064238,-29.631018371535415,-29.66810258899991,-29.69972139508615,-29.726680216394772,-29.749665825670583,-29.76926379472366,-29.785973397271704,-29.80022032403261,-29.81236752673651,-29.822724464689898,-29.831554988671176,-29.839084062845718,-29.845503495951657,-29.85097682779206,-29.85564349553944,-29.859622386002687,-29.863014864356497,-29.8659073564939,-29.86837355078973,-29.870476275366226,-29.872269098686004,-29.873797694248108,-29.875101004154125,-29.876212231187154,-29.877159684677082,-29.877967501701793,-29.878656261996987,-29.879243512240176,-29.879744213065365,-29.880171120196046,-29.880535109406914,-29.88084545359211,-29.881110058999134,-29.881335666646248,-29.88152802405497,-29.88169203167254,-29.88183186771413,-29.88195109460629,-29.88205274974222,-29.88213942286157,-29.882213322026182,-29.88227632987186,-29.882330051570072,-29.882375855720728
6,0,-2.0409210402228544,-5.248824785349956,-8.63713108517351,-11.728121694347234,-14.424187873286414,-16.739936947330886,-18.718152489216063,-20.40528053541107,-21.84375540686952,-23.070335945658524,-24.116373018207437,-25.008474971540345,-25.76930478543456,-26.418179424029304,-26.97157130099506,-27.443510513475633,-27.845968898904232,-28.189166965681352,-28.48182654449949,-28.731388180375014,-28.944198032664332,-29.125668198125567,-29.280413918841887,-29.41237080774489,-29.524894898601772,-29.62084799130922,-29.702670436309987,-29.772442544043606,-29.831935866505816,-29.882662920063012,-29.925914537009763,-29.962791958781203,-29.994234431201203,-30.02104290025006,-30.04390031370426,-30.063388979683218,-30.0800053881097,-30.094172855744283,-30.106252310084823,-30.11655148449713,-30.12533275818266,-30.132819840613454,-30.139203470754254,-30.14464627630001,-30.149286916742923,-30.153243615826998,-30.156617173385126,-30.159493533289062,-30.161945972933104,-30.164036970029574,-30.16581979427486,-30.16733986443416,-30.168635905418217,-30.169740934828912,-30.170683104107088,-30.171486415711477,-30.172171334598854,-30.172755309584048,-30.17325321786141,-30.173677744012245,-30.17403970315401,-30.174348316463348,-30.174611446092356,-30.17483579546284,-30.175027080040785,-30.175190172942234,-30.17532922907933,-30.175447791009915,-30.175548879186863,-30.17563506890614,-30.175708555914543,-30.175771212347925,-30.175824634425247,-30.175870183113435
7,0,-2.259265620963159,-5.554728947261474,-8.97441426509131,-12.071066333151554,-14.762210820185157,-17.069611693890597,-19.039080714992284,-20.71817363689439,-22.149618321926923,-23.370159601329078,-24.41104048516449,-25.29874610584483,-26.055827691867368,-26.701506144365037,-27.252172262047814,-27.72178643469045,-28.122261443356994,-28.463767690525284,-28.75498429018352,-29.003315294332833,-29.2150756768552,-29.395650897224243,-29.549633458995803,-29.680939574030837,-29.792908727627402,-29.88838860666617,-29.969807526497274,-30.039235522466107,-30.098435345950048,-30.148912069049523,-30.1919501922199,-30.22864555356904,-30.25993278259582,-30.286608881685513,-30.30935343155642,-30.328745867111785,-30.345280227448622,-30.35937773929253,-30.371397548000935,-30.38164586741754,-30.390383781165816,-30.3978338940855,-30.404186003312972,-30.40960193352358,-30.414219659540134,-30.418156821344613,-30.42151372104327,-30.4243758781366,-30.426816208191784,-30.428896880420456,-30.43067090148536,-30.432183465884147,-30.43347310731276,-30.434572680339677,-30.4355101974004,-30.436309542434888,-30.436991079348665,-30.4375721707983,-30.438067620517884,-30.438490050455208,-30.438850222325105,-30.43915731177216,-30.43941914212695,-30.439642383711295,-30.43983272376953,-30.439995011355332,-30.44013338086486,-30.44025135736361,-30.440351946390148,-30.440437710524208,-30.440510834670494,-30.44057318172069,-30.44062634001196,-30.440671663791072
8,0,-2.454741400389067,-5.830983463522723,-9.280554510331259,-12.383092772732049,-15.070088268962511,-17.37005425618316,-19.331672966551736,-21.003548606152965,-22.428683752946682,-23.64380963647502,-24.68006975417929,-25.563836706158607,-26.317560630717367,-26.960376023589237,-27.50860047944752,-27.97613187399975,-28.37483008676588,-28.714820672869653,-29.00474451277931,-29.251972985919053,-29.462793137187525,-29.642566565481648,-29.795865403888254,-29.92658848284637,-30.038060461640967,-30.13311638306506,-30.214173780043765,-30.283293480332578,-30.34223034269126,-30.392482772444495,-30.43532960186959,-30.471861831444432,-30.503009956439485,-30.529567446597365,-30.55221086597126,-30.571517075041875,-30.58797791687584,-30.60201274543239,-30.613979109189103,-30.624181860430255,-30.63288092188572,-30.640297908598384,-30.646621773787274,-30.652013622588935,-30.656610816334194,-30.660530471930223,-30.663872445499642,-30.66672187628876,-30.669151355652755,-30.671222776373973,-30.672988909426063,-30.67449474835381,-30.675778655516748,-30.67687333939875,-30.677806687880686,-30.678602478704924,-30.679280985230854,-30.67985949291364,-30.680352739664052,-30.680773291307606,-30.68113186170815,-30.681437585711716,-30.681698251863217,-30.68192050082549,-30.682109994555127,-30.682271560544866,-30.68240931480779,-30.68252676673549,-30.68262690850265,-30.6827122912948,-30.682785090301643,-30.682847160131715,-30.682900082059806,-30.68294520431111
9,0,-2.6321594605105605,-6.083622793322987,-9.561754801729144,-12.670262765644265,-15.35366421236102,-17.646888992871638,-19.601354183099946,-21.26665582313119,-22.68605146253949,-23.896256651442357,-24.928320976470285,-25.808512605238572,-26.55918894746477,-27.199405746672568,-27.745414075919186,-28.21105500791521,-28.608140409885387,-28.946755168102467,-29.235505490666018,-29.4817331178926,-29.691699750731132,-29.87074533146633,-30.023423502310244,-30.153617315373673,-30.264637971163598,-30.359309034399647,-30.44003824994198,-30.508878085184804,-30.567576226452832,-30.617625029819703,-30.660298186580267,-30.696682308814555,-30.727704140284672,-30.754153944273128,-30.776705546268754,-30.795933469478772,-30.81232756317322,-30.82630548099719,-30.83822332159736,-30.84838470108095,-30.857048488190166,-30.864435399321547,-30.870733621493777,-30.87610360656767,-30.880682158879182,-30.884585920431064,-30.887914342433447,-30.890752218896523,-30.893171846820437,-30.89523486801477,-30.896993839469083,-30.898493572281176,-30.89977227325272,-30.900862518236046,-30.901792082027814,-30.902584645952615,-30.903260401162157,-30.90383656301978,-30.904327809674662,-30.904746655998355,-30.90510377241055,-30.905408256715678,-30.905667865876527,-30.905889213628292,-30.906077938968533,-30.906238849814784,-30.906376045489747,-30.906493021154663,-30.906592756851026,-30.906677793419398,-30.90675029722924,-30.906812115368684,-30.906864822700495,-30.906909761982924
10,0,-2.7949178322091255,-6.316940296264834,-9.82244560097173,-12.936914341611827,-15.617125417067504,-17.904148523639957,-19.852016611782,-21.511264491918098,-22.92538437948366,-24.131072366353568,-25.15928783609931,-26.036200825861304,-26.784082769288627,-27.4219169018468,-27.965893238603236,-28.429800713006852,-28.82540717486169,-29.16276025685558,-29.450434404168746,-29.695744195137003,-29.904928097070563,-30.083306194670108,-30.235415173522988,-30.36512361600539,-30.475730379946192,-30.570048503851236,-30.650476756257287,-30.719059935679436,-30.777539143348484,-30.827401190559986,-30.86991505837897,-30.90616333739381,-30.93706933232009,-30.96342036622865,-30.985887753031577,-31.00504387222793,-31.02137674436325,-31.035302463535547,-31.047175798593493,-31.057299231815442,-31.065930665221945,-31.073289990968654,-31.079564693313582,-31.08491462493163,-31.08947607928191,-31.09336526278397,-31.09668125526133,-31.09950853407286,-31.101919126235735,-31.103974443366834,-31.105726846189,-31.107220978459292,-31.108494904301462,-31.10958107791785,-31.110507170384032,-31.111296774590027,-31.111970006286523,-31.11254401654854,-31.113033428711713,-31.113450710912574,-31.113806493723605,-31.114109840974827,-31.114368480661664,-31.114589001821308,-31.11477702239324,-31.114937332340503,-31.11507401567748,-31.11519055451318,-31.115289917760563,-31.115374636771815,-31.115446869826354,-31.11550845711461,-31.1155609676183,-31.115605739081264
11,0,-2.9455142584735863,-6.534113304726178,-10.065917714637559,-13.186275437698608,-15.863590372446227,-18.144838796907763,-20.08656349942951,-21.740187737757452,-23.149417707411178,-24.350925049403553,-25.37558129613857,-26.249463359256957,-26.99476228118238,-27.630394005171283,-28.172492059066556,-28.634797131504797,-29.029036392779112,-29.365223076690775,-29.651902296165165,-29.89636353585254,-30.10482379084408,-30.282584789678726,-30.434167541766016,-30.563427251909633,-30.6736513667999,-30.7676431932065,-30.84779320087756,-30.91613909645755,-30.974415885741813,-31.024105256681295,-31.066471840023752,-31.102594511282387,-31.133393396954627,-31.159653102098087,-31.182042618469534,-31.201132343392988,-31.217408606450036,-31.231286059672062,-31.24311824228793,-31.253206588166464,-31.261808105438718,-31.269141924118266,-31.275394878649173,-31.28072626766389,-31.28527191223477,-31.289147616015523,-31.29245211542383,-31.29526959502415,-31.297671832191515,-31.299720025693134,-31.301466354772167,-31.30295530845245,-31.304224818929473,-31.305307227920775,-31.3062301105954,-31.307016978071545,-31.307687876379614,-31.3082598971499,-31.30874761303424,-31.30916344895523,-31.309517998640317,-31.309820294504686,-31.31007803775892,-31.310297794602914,-31.31048516350467,-31.31064491782543,-31.310781127424587,-31.310897262342333,-31.310996281201522,-31.311080706580807,-31.31115268927907,-31.311214063108793,-31.311266391613586,-31.311311007900873
12,0,-3.0858435124887866,-6.737567387299756,-10.294691957630777,-13.420822700299329,-16.095453831586088,-18.371269753572882,-20.307227308487512,-21.95558998435575,-23.36025697826317,-24.55786959049314,-25.57921285736312,-26.450274608720065,-27.19317020931579,-27.826752753327963,-28.367103178013796,-28.827917238899378,-29.220884267070193,-29.5559855276456,-29.841738869262976,-30.085410441371717,-30.29319726383786,-30.470383984902735,-30.621477025891465,-30.75031914217233,-30.86018716096804,-30.95387533251804,-31.033766403608855,-31.10189147925315,-31.159979885381716,-31.209508545148438,-31.2517380452463,-31.287743806700046,-31.318442999485427,-31.344617699458002,-31.36693473716721,-31.385962665017857,-31.402186238688742,-31.41601876797616,-31.427812647619838,-31.437868335668213,-31.44644200825576,-31.453752086025617,-31.459984798602136,-31.465298928938267,-31.469829858428632,-31.473693015849328,-31.47698681799028,-31.47979517689524,-31.48218963758271,-31.48423120070837,-31.4859718766016,-31.487456010267255,-31.48872141110728,-31.48980031614327,-31.490720211278315,-31.491504531520878,-31.492173258008773,-31.492743427043493,-31.493229564102567,-31.493644053886836,-31.493997455829884,-31.494298773107396,-31.494555681999714,-31.494774727450718,-31.494961489805178,-31.495120726972065,-31.495256495635875,-31.495372254603723,-31.495470952920805,-31.49555510499972,-31.49562685467686,-31.495688029828308,-31.49574018893621,-31.49578466079242
13,0,-3.2173801684330887,-6.929201362852964,-10.510748040053013,-13.642503896233054,-16.314600509998698,-18.585260499509957,-20.515767225796907,-22.15917778302826,-23.55956313222952,-24.75352765935373,-25.771770512525,-26.64019375661766,-27.380841128063576,-28.01250672080322,-28.551222256635363,-29.01064141700497,-29.40241814769748,-29.736503845858177,-30.021390882136142,-30.264323588561926,-30.47148030129183,-30.64812968885651,-30.79876452312294,-30.927215910711556,-31.03675074237063,-31.13015479434241,-31.20980358725233,-31.277722047284065,-31.335634178448437,-31.385012448834672,-31.427113665695884,-31.463010020556407,-31.493615918160263,-31.51971106802529,-31.541960278314807,-31.560930374904352,-31.577104640546263,-31.590895128919552,-31.602653163712468,-31.61267828977258,-31.62122590463032,-31.628513765082307,-31.634727534748013,-31.64002551399495,-31.644542672756742,-31.648394088990017,-31.651677880369252,-31.654477703906668,-31.656864887176003,-31.658900245435326,-31.66063563094047,-31.66211525391971,-31.663376808861955,-31.664452434811707,-31.665369534134925,-31.666151470614682,-31.666818164660665,-31.6673866007964,-31.66787126035254,-31.668284490389468,-31.668636818247776,-31.668937219740037,-31.669193347816265,-31.66941172752848,-31.669597922261268,-31.669756675463027,-31.669892031488935,-31.670007438633743,-31.670105836979747,-31.670189733297576,-31.670261264907918,-31.670322254131406,-31.67037425471356,-31.6704185914077
14,0,-3.3412963376334925,-7.110532928160638,-10.715673046878141,-13.852882356769719,-16.52254395992916,-18.788272699680693,-20.71359762138172,-22.35232396547474,-23.74867296203025,-24.93920497398936,-25.954533301833493,-26.820477004679116,-27.559011725376298,-28.188875940854427,-28.72605512101486,-29.184163373201248,-29.5748214055498,-29.90795258693419,-30.192025373054868,-30.43426360540455,-30.640828064942813,-30.816972402032658,-30.96717655914726,-31.095260693755254,-31.20448235692379,-31.297619359925903,-31.377040431345446,-31.44476468783466,-31.502511123657627,-31.551748022904253,-31.593728645007566,-31.62952214875585,-31.660040340831,-31.686060706693027,-31.708246153386092,-31.7271618836803,-31.743289795618765,-31.75704076200241,-31.768765099630393,-31.778761494860714,-31.787284613269215,-31.79455158758101,-31.80074754932339,-31.806030345193264,-31.81053455831634,-31.814374936849593,-31.81764931727402,-31.82044111685075,-31.822821458737256,-31.82485098390231,-31.826581395999348,-31.82805677855545,-31.829314718031526,-31.83038726136545,-31.83130173239126,-31.83208142793424,-31.83274621131453,-31.833313018380036,-31.833796288959626,-31.834208334728498,-31.834559652857138,-31.834859193434507,-31.835114587478188,-31.835332341340163,-31.835518002461022,-31.835676300695027,-31.835811268806676,-31.835926345208367,-31.83602446155645,-31.836108117437423,-31.836179444046703,-31.836240258482317,-31.83629211003703,-31.836336319667467
15,0,-3.4585404767117827,-7.282796574862445,-10.910761501175566,-14.053234430922162,-16.720520325571805,-18.981500677099532,-20.901874849230026,-22.536151563886875,-23.928680550280625,-25.115970611031514,-26.12854880599107,-26.99215351605038,-27.72869542178135,-28.356860396083327,-28.89259029031683,-29.349461847843543,-29.739064439870425,-30.07129503643795,-30.354599561331103,-30.59618253835158,-30.802188190215595,-30.97785599843853,-31.127653800480932,-31.255391422676624,-31.364317603645965,-31.457202639406,-31.536408850038335,-31.6039498687662,-31.66153995527811,-31.710643449581905,-31.752510268326535,-31.78820671156419,-31.81864213561801,-31.84459192755393,-31.86671720039469,-31.885581625149804,-31.901665793072585,-31.915379462545715,-31.927072000156148,-31.937041282101024,-31.945541283209486,-31.952788547269886,-31.958967703674148,-31.96423617099032,-31.968728167313518,-31.97255812956873,-31.97582362887459,-31.978607856239233,-31.980981741912412,-31.983005762386114,-31.984731481077663,-31.986202861946197,-31.987457389506694,-31.988527023775895,-31.989439014477362,-31.990216595248167,-31.990879575533118,-31.99144484524495,-31.991926805047306,-31.992337733222367,-31.992688098469085,-31.992986826601022,-31.993241527938142,-31.993458691185225,-31.993643848736504,-31.99380171761739,-31.993936319654352,-31.99405108393373,-31.994148934160332,-31.994232363141077,-31.994303496290794,-31.994364145779134,-31.99441585669661,-31.994459946417017
16,0,-3.5698918571574483,-7.447011559426752,-11.09708497899454,-14.2446173576473,-16.90955367910549,-19.165934231770763,-21.08155779286749,-22.711592368763093,-24.100494112616055,-25.284712379098,-26.294687263510003,-27.156078460549754,-27.89073450110845,-28.51729136916563,-29.051649662297717,-29.507350732426882,-29.895954312563575,-30.227332431568854,-30.509909717119285,-30.750872422065825,-30.95634910008811,-31.13156582126696,-31.28097896407821,-31.40838857494057,-31.51703505030801,-31.60968157208968,-31.688684393990187,-31.756051956519695,-31.81349402959365,-31.862471223611795,-31.904230295751816,-31.93983484270247,-31.97019190218969,-31.99607487493848,-32.01814317544258,-32.03695902440313,-32.05300177577026,-32.06668013277855,-32.07834256234982,-32.08828617362252,-32.096764287430325,-32.103992889960224,-32.1101561351859,-32.11541103632585,-32.11989146586679,-32.12371156606145,-32.12696865678525,-32.12974571483146,-32.13211348780621,-32.1341322964759,-32.13585357148341,-32.1373211635816,-32.138572460763825,-32.139639340750556,-32.14054898309792,-32.14132456161694,-32.14198583474363,-32.142549648899575,-32.14303036766705,-32.14344023771195,-32.143789700776594,-32.14408765969079,-32.1443417051781,-32.144558309235045,-32.14474299001008,-32.14490045238243,-32.145034707822376,-32.1451491765865,-32.14524677485113,-32.14532998900423,-32.145400938987805,-32.14546143230518,-32.145513010068285,-32.14555698625873
17,0,-3.6759992514394026,-7.604030378470976,-11.275541865342705,-14.427917824605291,-17.090502790087136,-19.342403630218943,-21.253451246502426,-22.879428902113034,-24.26487675501235,-25.44617653320227,-26.453680393622182,-27.312971076574502,-28.04583752320357,-28.670868301881352,-29.203924900132776,-29.65851505367192,-30.046170388796394,-30.376739308841096,-30.65862625930399,-30.899000164298393,-31.103974708326923,-31.278763231238276,-31.42781123359011,-31.554909477730295,-31.663290441014446,-31.75571055213352,-31.83452030620986,-31.901723212400817,-31.959024770399605,-32.007882054445965,-32.049538827597736,-32.08505612312312,-32.11533877869315,-32.1411583094567,-32.16317251724615,-32.18194224570346,-32.19794567396996,-32.21159050344141,-32.223224346838904,-32.23314358501094,-32.24160091785219,-32.248811802133,-32.25495994043978,-32.26020196113068,-32.26467140855355,-32.26848214518357,-32.27173125235245,-32.27450150346656,-32.276863472720365,-32.27887733302625,-32.280594388963785,-32.28205838380202,-32.283306613891355,-32.28437087881584,-32.285278291510956,-32.286051968985724,-32.286711621245566,-32.28727405341932,-32.287753593882286,-32.28816245928218,-32.28851106576719,-32.28880829434514,-32.28906171713376,-32.28927779026586,-32.28946201836419,-32.289619094775695,-32.289753021138004,-32.289867209324214,-32.28996456836278,-32.29004757854711,-32.29011835462303,-32.290178699663365,-32.290230151002625,-32.29027401940169
18,0,-3.7774090598621277,-7.7545741537453585,-11.446893749968073,-14.60388751942432,-17.26409538155969,-19.511612573637432,-21.418237719859743,-23.04032520269051,-24.422476377210263,-25.600996921140446,-26.60614989531296,-27.46344261745897,-28.19460679880564,-28.818185867882306,-29.350004162255594,-29.80353741086874,-30.190290524873326,-30.520089479208433,-30.801319549200905,-31.041133184882316,-31.245629926555264,-31.420011001170412,-31.56871155800294,-31.69551352478194,-31.80364184328101,-31.89584651613684,-31.974472558924646,-32.041518786193436,-32.098686625726884,-32.14742979151107,-32.18898920283845,-32.224423456584795,-32.254635297830156,-32.28039444744847,-32.30235717241116,-32.32108300567557,-32.337049008209405,-32.35066192788375,-32.36226856442466,-32.372164605528056,-32.380602160109746,-32.387796181068545,-32.39392994138353,-32.39915970312261,-32.40361869832782,-32.40742052319643,-32.41066203202655,-32.41342580465119,-32.4157822502206,-32.417791400927165,-32.41950444136995,-32.42096501252031,-32.42221032350771,-32.423272099549834,-32.4241773901761,-32.42494925833427,-32.42560736793604,-32.42616848480994,-32.42664690382299,-32.42705481305318,-32.42740260428955,-32.42769913777089,-32.42795196790678,-32.428167535731845,-32.42835133299566,-32.428508042069375,-32.42864165523245,-32.42875557637898,-32.42885270773438,-32.42893552379167,-32.42900613435117,-32.429066338269045,-32.42911766928459,-32.42916143509332
19,0,-3.874586180846821,-7.899258988864095,-11.611792591516554,-14.773169682593508,-17.430953722914385,-19.6741628398133,-21.57650122290198,-23.194849858356537,-24.5738480531102,-25.749716803491534,-26.752628787909295,-27.608017282688035,-28.33755897152125,-28.959754256824993,-29.490392132491163,-29.942917789349007,-30.328810696905922,-30.657875499131674,-30.93847922722862,-31.177758637799933,-31.381799788592716,-31.55579235698222,-31.704161621577725,-31.830681085725168,-31.938568505700395,-32.03056775674291,-32.10901862960575,-32.17591546014182,-32.23295578449399,-32.281590117554316,-32.323056672581494,-32.35841172618259,-32.388556028940535,-32.414257590749706,-32.4361712146968,-32.45485518361561,-32.47078549198086,-32.48436797822951,-32.49594866669744,-32.505822583994785,-32.514241275400835,-32.52141921325541,-32.527539260807174,-32.532757330781024,-32.53720635736272,-32.54099968279163,-32.54423394483631,-32.54699153871264,-32.54934271616267,-32.551347375169584,-32.553056585903086,-32.554513891769815,-32.55575641871371,-32.55681582102698,-32.55771908776646,-32.558489230319864,-32.55914586863795,-32.559705731067154,-32.560183080516616,-32.560590077816315,-32.56093709152327,-32.561232962068104,-32.561485226971634,-32.56170031286868,-32.56188369923147,-32.56204005796307,-32.56217337241776,-32.56228703887977,-32.56238395308627,-32.56246658399826,-32.56253703669929,-32.562597106024,-32.562648322282826,-32.562691990247835
20,0,-3.9679297761203047,-8.038615952486175,-11.770801352515937,-14.936319288144219,-17.59161408235997,-19.830573021004067,-21.72874536224301,-23.34349353854757,-24.719471073206403,-25.89280547415089,-26.89357767047655,-27.747148168837395,-28.475140705616337,-29.096014637753672,-29.62552529207108,-30.077088669245615,-30.462159970309994,-30.790523521307904,-31.07052896235928,-31.309298074270043,-31.512904039897286,-31.686525504335304,-31.834578316939883,-31.960827933506717,-32.06848524642508,-32.160288277915164,-32.238571827928766,-32.30532595176339,-32.36224445872107,-32.41077481329066,-32.45215264973667,-32.4874320312458,-32.517511804011676,-32.54315834341763,-32.56502505382541,-32.58366902355164,-32.599565228037285,-32.61311863677723,-32.624674533253476,-32.63452731244143,-32.642927981095184,-32.65009055240637,-32.65619749814827,-32.66140439726746,-32.66584389936399,-32.669629104034,-32.672856442163834,-32.6756081325775,-32.67795427662201,-32.67995464405074,-32.68166019570237,-32.683114381765684,-32.68435424870534,-32.68541138304789,-32.68631271607208,-32.68708120990274,-32.68773644248817,-32.688295106362716,-32.688771433901465,-32.68917755990053,-32.68952383071981,-32.68981906786437,-32.69007079271868,-32.6902854181594,-32.69046841192826,-32.690624435926814,-32.69075746498162,-32.690870888106225,-32.690967594838604,-32.69105004885416,-32.69112035072989,-32.69118029145809,-32.69123139807303,-32.691274972553536
21,0,-4.057785369603329,-8.173106468832128,-11.924409920952964,-15.093818617785548,-17.74654173566454,-19.981292987298737,-21.875407318552792,-23.48668254353321,-24.85976212037148,-26.030671113834867,-27.029397299257703,-27.881229611137325,-28.60774082635007,-29.227351127842443,-29.755783742056156,-30.206426723069608,-30.590712090868553,-30.918404794891934,-31.19783787487697,-31.436118799452352,-31.639308437942937,-31.812574880979593,-31.960324956465787,-32.08631642085008,-32.193753599843085,-32.285368916215845,-32.36349239539459,-32.430109994999896,-32.48691194892261,-32.53534280935528,-32.576635749508675,-32.611842718060316,-32.641860740070136,-32.6674546270201,-32.689276444715546,-32.707882138313316,-32.72374570805942,-32.73727129191301,-32.748803464407715,-32.75863601609151,-32.76701943839192,-32.77416730513209,-32.78026171347442,-32.785457922965904,-32.78988831088064,-32.793665744624256,-32.79688645711313,-32.79963249837817,-32.801973825850126,-32.80397008657676,-32.805672136775364,-32.80712333743262,-32.8083606589578,-32.809415623031164,-32.81031510564214,-32.81108202177502,-32.811735909185025,-32.812293426137224,-32.81276877578797,-32.813174068020956,-32.81351962795528,-32.81381425898569,-32.814065467055435,-32.81427965187574,-32.81446226996317,-32.81461797364849,-32.814750729598124,-32.814863919868046,-32.814960428064005,-32.81504271280362,-32.81511287035144,-32.81517268802287,-32.81522368971727,-32.81526717474052
22,0,-4.144454264701439,-8.303134338091901,-12.073047566868228,-15.24608944311991,-17.896142698449594,-20.126715196967954,-22.01686878546504,-23.624789415101553,-24.99508559263792,-26.163670863633204,-27.16043844753322,-28.010606860663987,-28.735699841326472,-29.354100180877236,-29.881500478527613,-30.331261994209143,-30.714794580718785,-31.041844691109713,-31.320729501982843,-31.558542786883056,-31.761333623022058,-31.934259990347474,-32.081720074148095,-32.207464255064174,-32.314690568314866,-32.40612607286816,-32.484096220615065,-32.55058304119433,-32.60727333287216,-32.655608864651796,-32.696820458863705,-32.73195804176284,-32.76191689462002,-32.787460330568926,-32.80923913272229,-32.827808150770316,-32.84364045048252,-32.85713937302855,-32.86864881363119,-32.878461983684474,-32.886828880839175,-32.89396265792349,-32.900045053154585,-32.905231020036666,-32.90965267490587,-32.91342266268727,-32.91663702660585,-32.91937765495805,-32.9217143672767,-32.923706693035015,-32.92540538820413,-32.92685372829888,-32.92808861085359,-32.92914149541394,-32.93003920499222,-32.93080460940335,-32.93145720789046,-32.93201362588225,-32.93248803853825,-32.9328925318715,-32.93323741064862,-32.93353146091134,-32.93378217380738,-32.9339959364331,-32.934178194549325,-32.93433359131628,-32.93446608558145,-32.93457905273415,-32.934675370696084,-32.93475749323855,-32.93482751249395,-32.934887212254615,-32.934938113416024,-32.934981512722906
23,0,-4.228200967931596,-8.429055243365948,-12.217092810056805,-15.393502668587603,-18.04077300128977,-20.267183641232087,-22.153464629047875,-23.758141342831834,-25.125761785562,-26.2921188126774,-27.287009726149865,-28.135583761899287,-28.859317496084426,-29.47655803887135,-30.002968755558843,-30.4518851842138,-30.83469596102635,-31.16112987082428,-31.43948891837169,-31.67685375898497,-31.87926216458922,-32.051862418763044,-32.19904441796031,-32.324551469221944,-32.43157557528583,-32.52283865146368,-32.60066176388319,-32.66702317245635,-32.72360636940001,-32.771850461987356,-32.81298402520509,-32.848055049083214,-32.87795714332671,-32.90345218389095,-32.925189723330426,-32.94372356039033,-32.95952586438073,-32.972999212125984,-32.98448684721255,-32.99428142548037,-33.00263247092571,-33.009752732538686,-33.01582360421919,-33.02099974590057,-33.02541302361498,-33.02917586887342,-33.032384142939854,-33.035119578967254,-33.03745186421011,-33.03944041535871,-33.041135892223146,-33.04258148832958,-33.043814031307186,-33.0448649210992,-33.045760929899714,-33.04652488419515,-33.04717624628575,-33.04773161010215,-33.048205123947994,-33.048608850938464,-33.04895307631705,-33.049246569479564,-33.04949680738133,-33.049710165017814,-33.04989207783245,-33.05004718018865,-33.05017942343354,-33.05029217656155,-33.05038831204193,-33.05047027899708,-33.0505401655958,-33.05059975225078,-33.05065055697617,-33.05069387405983
24,0,-4.309259108421189,-8.551184355495355,-12.356881325024341,-15.536386044529594,-18.180746092722334,-20.403000986055766,-22.28548981057648,-23.887026891167274,-25.25207344412639,-26.41629239676246,-27.409383850345474,-28.256428906711648,-28.978858831807887,-29.594986707730335,-30.120447990943674,-30.568553498767965,-30.950671546924113,-31.276514035941776,-31.55436845052095,-31.791302869708744,-31.993344216916462,-32.165631468084534,-32.31254656287541,-32.43782601844503,-32.54465604730115,-32.63575362780859,-32.713435616643196,-32.77967665228032,-32.83615704144738,-32.88431334467256,-32.92537198747008,-32.96037910475013,-32.990226702422895,-33.01567527662361,-33.0373731982429,-33.05587325684816,-33.07164676096261,-33.085095553511046,-33.09656225241465,-33.10633898010599,-33.11467480581036,-33.1217820907801,-33.127841898325045,-33.13300860651179,-33.137413841047525,-33.141169828537414,-33.14437225553878,-33.14710270624631,-33.149430740909786,-33.151415667932824,-33.153108054798295,-33.154551016312304,-33.15578131298587,-33.15683028753596,-33.15772466336448,-33.158487225356645,-33.15913740034273,-33.15969175201106,-33.16016440288006,-33.160567394079905,-33.16091099210927,-33.16120395038185,-33.16145373222616,-33.16166670101931,-33.16184828229865,-33.1620031019815,-33.16213510421366,-33.1622476518496,-33.16234361212352,-33.16242542969427,-33.162495188924964,-33.16255466698357,-33.16260537911753,-33.162648617256025
25,0,-4.387836207462899,-8.669802479348155,-12.492712338140432,-15.67503039288195,-18.316338794362515,-20.53443431904703,-22.41320496669692,-24.011701428931026,-25.374271054898205,-26.536437569216908,-27.527802706113416,-28.373380611117774,-29.09455908564432,-29.70961879244649,-30.234168545890824,-30.681495379915976,-31.062948139163787,-31.388222586450233,-31.665592304220468,-31.902113306903797,-32.10380210001061,-32.27578871832757,-32.422447457888474,-32.54750831362293,-32.654151936380735,-32.74509056262516,-32.82263700594319,-32.88876242295973,-32.94514404745972,-32.99321600277464,-33.0342026580011,-33.069148369627136,-33.09894360366027,-33.12434753045196,-33.14600738530265,-33.16447498797384,-33.18022081983611,-33.19364601862354,-33.20509260108154,-33.21485217711896,-33.22317337899651,-33.23026819541048,-33.23631737202498,-33.24147501607606,-33.245872522355576,-33.249621920585895,-33.25281872945804,-33.25554439004085,-33.25786834055207,-33.25984978534855,-33.261539203200805,-33.26297963327721,-33.264207771598514,-33.265254905896015,-33.26614771268987,-33.266908936892975,-33.26755797125444,-33.26811135040436,-33.26858317208548,-33.268985456303845,-33.26932845154721,-33.26962089587291,-33.26987023951623,-33.27008283469076,-33.27026409741578,-33.27041864549308,-33.27055041614912,-33.27066276633886,-33.270758558266294,-33.270840232301616,-33.270909869151254,-33.27096924286544,-33.27101986603336,-33.27106302831767
26,0,-4.464117558259294,-8.78516106823815,-12.624853852492896,-15.809694671361333,-18.447796119508812,-20.661719801187374,-22.53684093691359,-24.132391542363283,-25.492577151635796,-26.65277301038189,-27.64248147662688,-28.486650970345135,-29.20662768488379,-29.820661439437,-30.34433562319614,-30.79091436639716,-31.17172785207233,-31.496456420749976,-31.77336034135404,-32.00948404902392,-32.210834039200805,-32.38253175265454,-32.528944138557534,-32.6537949233384,-32.76025941289266,-32.85104528670588,-32.928461473006585,-32.99447577854037,-33.05076246952544,-33.09875333714455,-33.13967078306768,-33.174557458247044,-33.20430234929717,-33.22966335192457,-33.25128660945696,-33.269723009138396,-33.28544223704855,-33.29884475292934,-33.310271995551965,-33.320015082086925,-33.32832222469997,-33.33540505391464,-33.34144401001219,-33.346592939854034,-33.35098301623139,-33.35472607958446,-33.357917487218764,-33.3606385426025,-33.362958566632656,-33.36493666363601,-33.36662322709563,-33.36806122346211,-33.36928728675561,-33.3703326518446,-33.37122395017735,-33.371983888237565,-33.372631826008956,-33.373184270185085,-33.37365529468964,-33.374056899219944,-33.374399314948256,-33.37469126516827,-33.374940187527635,-33.37515242350741,-33.375333379976006,-33.37548766693327,-33.37561921495334,-33.37573137531933,-33.37582700539945,-33.375908541440644,-33.375978060633834,-33.376037334031864,-33.37608787166832,-33.37613096102686
27,0,-4.538269409546167,-8.897486350360454,-12.753546951231941,-15.940610119009076,-18.575335185954906,-20.78506644564815,-22.656602453973704,-24.24929864101944,-25.60718983798578,-26.765493574361923,-27.75361202313069,-28.596429182948448,-29.31525152263082,-29.928299570999126,-30.451132466599166,-30.896992262854518,-31.277191256913945,-31.60139505695831,-31.877851182406307,-32.11359295161134,-32.31461723795981,-32.48603721854516,-32.63221277823844,-32.756861616629806,-32.863153901090065,-32.9537929302897,-33.03108389735495,-33.09699138445697,-33.153186789157665,-33.20109967190347,-33.24195055254428,-33.27678044609664,-33.30647691734351,-33.331796635959265,-33.35338469478032,-33.371791084012095,-33.38748472476668,-33.40086542468123,-33.41227406663647,-33.422001293896344,-33.43029491458808,-33.437366214752245,-33.443395340959306,-33.44853588964747,-33.45291882009221,-33.456655790685936,-33.459842003516684,-33.462558629711246,-33.46487487732973,-33.46684975449204,-33.4685335726534,-33.46996922832593,-33.4711932958988,-33.472236959398145,-33.473126806922885,-33.473885507996364,-33.47453239108913,-33.47508393602602,-33.47555419382194,-33.47595514464179,-33.47629700300397,-33.476588478003,-33.47683699517977,-33.477048885693094,-33.477229547610406,-33.47738358342751,-33.47751491732075,-33.47762689511808,-33.47772236953662,-33.47780377285779,-33.477873178891365,-33.477932355807305,-33.47798281118127,-33.47802583040123
28,0,-4.610441599125832,-9.006982751596649,-12.879009369193014,-16.06798366591233,-18.699148394824974,-20.904659189411735,-22.772671158622575,-24.36260191376083,-25.71828568042358,-26.874773122585953,-27.861365666749236,-28.702884287760217,-29.420597656469933,-30.032698551440582,-30.5547229992269,-30.999891754393694,-31.379499975912776,-31.70319920940149,-31.979224768020362,-32.214599296126494,-32.41531041588179,-32.58646335651922,-32.73241120891532,-32.85686587709115,-32.96299258747247,-33.05349042652911,-33.13066099610169,-33.19646577325985,-33.25257337994341,-33.30041124445828,-33.341198087681484,-33.37597335547615,-33.40562324579032,-33.430903248683464,-33.452457446129955,-33.47083496520978,-33.48650399106054,-33.4998637039686,-33.51125445204106,-33.520966422642275,-33.52924703521433,-33.536307244404746,-33.54232691423395,-33.54745940023238,-33.55183545627301,-33.55556656561786,-33.55874778103531,-33.561460146339385,-33.56377276104093,-33.56574454070852,-33.56742571788645,-33.56885912180585,-33.570081269490764,-33.57112329605682,-33.57201174790085,-33.57276925899015,-33.57341512747957,-33.57396580734619,-33.57443532756662,-33.574835649515414,-33.575176971690105,-33.57546798952534,-33.5757161169155,-33.575927675089304,-33.57610805364755,-33.57626184786732,-33.57639297576996,-33.57650477793581,-33.576600102607586,-33.57668137825176,-33.57675067542549,-33.57680975952543,-33.576860135762715,-33.57690308750921
29,0,-4.680769748681839,-9.113835755643189,-13.001438478051142,-16.192000745731796,-18.819406003190476,-21.020661381179607,-22.88520806002093,-24.472460753485283,-25.826022087255897,-26.980766857420317,-27.965895482252034,-28.806167422792853,-29.522815537594546,-30.134006390954344,-30.655254006000774,-31.09975857033351,-31.478798829884127,-31.802012922480383,-32.07762448114328,-32.31264590210893,-32.51305591232982,-32.683952096524024,-32.829681011396225,-32.95394898778769,-33.05991650119858,-33.1502785880635,-33.2273333972515,-33.293039415112666,-33.349062575606226,-33.39682827147633,-33.43755350530269,-33.4722762181819,-33.50188129400259,-33.52712308772648,-33.54864470850003,-33.566994452845414,-33.58263979777626,-33.595979320008624,-33.607352853162226,-33.61705014600088,-33.62531824403032,-33.63236778308012,-33.63837835534162,-33.64350308457884,-33.6478725270558,-33.651597997549324,-33.65477440517395,-33.65748267126158,-33.65979179089255,-33.661760590595904,-33.66343922699918,-33.66487046460526,-33.66609076524998,-33.6671312169941,-33.66801832611472,-33.66877469237227,-33.66941958475618,-33.66996943237654,-33.67043824300779,-33.670837959947264,-33.67117876627939,-33.67146934429735,-33.67171709669089,-33.671928335135384,-33.67210844108625,-33.67226200287573,-33.672392932603906,-33.672504565802335,-33.67259974640928,-33.67268089922104,-33.67275009166545,-33.67280908647118,-33.67285938657452,-33.67290227340772
30,0,-4.749377105717901,-9.218214310373378,-13.121013797326247,-16.312827616552966,-18.93625818422071,-21.1332167765423,-22.994355532521624,-24.579016740038128,-25.930539261311715,-27.083613241712158,-28.06733818816386,-28.906413689142198,-29.622038852301284,-30.232355568164657,-30.75285694010373,-31.19672327651133,-31.575217618201084,-31.897965340093172,-32.173178907481564,-32.407860879996704,-32.607981432745184,-32.77863079869115,-32.92414925133435,-33.04823776323884,-33.15405224262563,-33.244283832622074,-33.32122736279894,-33.38683843874274,-33.44278038906751,-33.49047666632199,-33.53114263385748,-33.56581479038313,-33.5953767565935,-33.6205817952395,-33.6420720793129,-33.660395106201676,-33.67601767167555,-33.68933777183375,-33.700694745389825,-33.710377919203474,-33.71863397907994,-33.72567325416769,-33.7316750751772,-33.736792342928524,-33.74115542359929,-33.74487546989472,-33.74804725274392,-33.75075157565936,-33.75305733326602,-33.75502326644293,-33.75669945879078,-33.75812861254832,-33.75934713646379,-33.76038607333444,-33.76127189084486,-33.76202715585079,-33.76267110928647,-33.763220156341475,-33.763688284395414,-33.76408741935634,-33.7644277294824,-33.76471788442554,-33.764965276097385,-33.76517620698361,-33.76535605070444,-33.76550938891154,-33.765640128009096,-33.76575159867222,-33.7658466406984,-33.76592767535355,-33.76599676705536,-33.76605567596605,-33.76610590283361,-33.766148727224575
31,0,-4.816376099438596,-9.320272865408286,-13.237899118916925,-16.430613270238897,-19.0498366412071,-21.24245110532178,-23.100238915438,-24.682395248002706,-26.03196179209952,-27.183435568999283,-28.165815697073054,-29.003743682897493,-29.718387038118408,-30.327864532992095,-30.847649414628478,-31.29090275678024,-31.66887259130344,-31.99117217045583,-32.26600329379565,-32.500359083869455,-32.700201496657584,-32.87061369730924,-33.01592991975756,-33.13984598701098,-33.24551341839793,-33.33561961597691,-33.41245621986105,-33.47797606100471,-33.53383994059803,-33.58146946598752,-33.62207843931532,-33.656701977634626,-33.68622248768644,-33.711392181517375,-33.7328523314949,-33.75114966634015,-33.766750326648996,-33.78005175016707,-33.79139279969322,-33.801062396377134,-33.80930688013009,-33.81633628519077,-33.822329690824624,-33.827439783464726,-33.83179674649779,-33.83551157677788,-33.838678912352364,-33.84137944343602,-33.84368196805412,-33.845645144723,-33.847318986819175,-33.84874613670708,-33.84996295208483,-33.851000432223415,-33.85188500769617,-33.852639213716934,-33.85328226424148,-33.853830541457256,-33.85429801313139,-33.854696588450345,-33.855036421414916,-33.85532616952103,-33.85557321431581,-33.855783849448,-33.85596344100327,-33.856116564209124,-33.85624711999254,-33.856358434358455,-33.85645334312268,-33.856534264156174,-33.85660325898193,-33.85666208529423,-33.856712241736815,-33.85675500608213
32,0,-4.881869663057,-9.4201531077988,-13.352244314197948,-16.545490990550118,-19.160255818261227,-21.34847325382886,-23.2029677626157,-24.782706727665015,-26.130399935666965,-27.28034323224166,-28.261436373679302,-29.09826474219054,-29.811966521337883,-30.420638936306258,-30.93973642562176,-31.382401429646603,-31.759867661447593,-32.08173689180596,-32.356200749340026,-32.59024330926841,-32.78981863241917,-32.96000309292535,-33.105125122923454,-33.22887559965691,-33.334401827752835,-33.424387616856045,-33.501121544402054,-33.56655376957084,-33.622342639531844,-33.669908011953034,-33.710462205302285,-33.745039014400454,-33.774519679917326,-33.79965540355606,-33.82108659165443,-33.83935923395613,-33.85493884129514,-33.8682223147656,-33.87954805976444,-33.88920460751645,-33.89743796549673,-33.90445788450772,-33.91044320215245,-33.91554639881734,-33.919897482209485,-33.923607299394824,-33.92677036070853,-33.92946724747542,-33.931766664879135,-33.9337271922774,-33.93539877555462,-33.93682399953018,-33.93803917283805,-33.93907525291642,-33.93995863467095,-33.940711822904625,-33.94135400564441,-33.94190154297018,-33.94236838379995,-33.942766421248905,-33.94310579561515,-33.94339515271153,-33.94364186412396,-33.94385221500793,-33.94403156420771,-33.94418448077669,-33.94431486037745,-33.94442602452673,-33.94452080521333,-33.94460161704536,-33.94467051876388,-33.94472926569114,-33.94477935444854,-33.944822061084174
33,0,-4.945952364108143,-9.517985448938152,-13.464186878466265,-16.657579604073597,-19.267613728416553,-21.451376084302915,-23.30263677119379,-24.880047691708764,-26.225950615594705,-27.374432724814735,-28.354296034604488,-29.19007194343994,-29.90287171000905,-30.510772620439365,-31.02921134061601,-31.47131223408281,-31.84829538565172,-32.16975173287673,-32.44386322428078,-32.67760526987923,-32.87692435240936,-33.04689032628705,-33.191826055183576,-33.315417670660885,-33.42080843368169,-33.510678707435844,-33.587314131156084,-33.652662292340054,-33.708379153112524,-33.7558829185276,-33.79638450101724,-33.83091643161327,-33.86035883169058,-33.885461932049864,-33.90686530685815,-33.925114235966035,-33.940673625346854,-33.95393986071002,-33.96525090819112,-33.97489492455705,-33.98311759803332,-33.99012840722859,-33.99610595766832,-34.00120253186474,-34.005547968813026,-34.009252971731996,-34.01241192830977,-34.01510531530007,-34.017401748727124,-34.01935973192962,-34.02102914597673,-34.022452520425006,-34.02366611679052,-34.02470085233752,-34.025583087718815,-34.02633529853267,-34.02697664790559,-34.02752347468678,-34.02798970969261,-34.028387230604416,-34.028726164561185,-34.02901514615605,-34.02926153740862,-34.0294716153182,-34.02965073177472,-34.029803449902325,-34.02993366030819,-34.030044680198664,-34.030139337887434,-34.03022004484915,-34.03028885715323,-34.03034752784404,-34.03039755160076,-34.03044020281557
34,0,-5.00871137597078,-9.613890305213866,-13.573853256520778,-16.76698445410243,-19.371992396728245,-21.551236892769744,-23.39932640219913,-24.974501425660815,-26.318698165151964,-27.465788394907186,-28.444478712094472,-29.279248869435317,-29.991185765449018,-30.59834839398386,-31.116156676390993,-31.55771740842552,-31.934237744843966,-32.25529845223282,-32.52907228925775,-32.76252637731051,-32.96159993299806,-33.13135655846072,-33.27611377923301,-33.39955317879927,-33.50481414338554,-33.594573733877574,-33.67111477423276,-33.73638237806523,-33.792030186974394,-33.83947485317432,-33.879925961432825,-33.91441483677509,-33.94382052719535,-33.96889233133541,-33.99026902451339,-34.00849520533724,-34.02403519945655,-34.03728489815135,-34.048581846170116,-34.05821384106124,-34.06642626479286,-34.07342833485635,-34.079398434143336,-34.0844886553435,-34.088828675605065,-34.092529060152984,-34.095684079018994,-34.0983741086407,-34.10066767951086,-34.10262322204243,-34.104290555126674,-34.10571215530613,-34.106924238895964,-34.1079576846214,-34.10883882027605,-34.10959009344191,-34.110230643358115,-34.11077678850721,-34.11124244234041,-34.111639467733305,-34.11197797920115,-34.11226660057382,-34.11251268469403,-34.11272250073668,-34.11290139392044,-34.11305392168144,-34.113183969777054,-34.113294851278674,-34.11338939097448,-34.11346999733306,-34.11353872386105,-34.113597321417515,-34.11364728281848,-34.113689880867554
35,0,-5.070227317310401,-9.707979206671196,-13.681359984588845,-16.873798114844895,-19.473457888556077,-21.648117482209802,-23.493103187683438,-25.066138425282585,-26.408714817323748,-27.55448296219922,-28.53205719238817,-29.36586816115734,-30.076981165071377,-30.68343860447719,-31.20064468026081,-31.641689077087193,-32.017766734243814,-32.338448931759245,-32.61189973161095,-32.845078339682544,-33.04391701514897,-33.21347337314928,-33.3580598298882,-33.48135361716359,-33.58649041435972,-33.676144123317655,-33.75259487487928,-33.8177854047239,-33.87336709381136,-33.92075514539299,-33.96115789637208,-33.9956055232072,-34.02497604580471,-34.05001786891773,-34.07136900200172,-34.089573390813385,-34.10509480499927,-34.118328662180836,-34.12961210343446,-34.13923258219363,-34.147435187044735,-34.1544288853393,-34.16039184669413,-34.16547598195581,-34.16981081322938,-34.173506773546535,-34.17665802022851,-34.179344833613726,-34.18163566225894,-34.18358886671694,-34.18525420631478,-34.18667410680945,-34.18788474121544,-34.18891695133894,-34.18979703349566,-34.190547408428976,-34.1911871924949,-34.1917326846653,-34.192197781756384,-34.192594332460196,-34.19293243919909,-34.19322071549207,-34.19346650539072,-34.19367607057442,-34.19385474987101,-34.194007095267715,-34.19413698787605,-34.194247736806204,-34.19434216346905,-34.19442267345361,-34.1944913178112,-34.1945498453076,-34.19459974697402,-34.19464229409228
36,0,-5.1305749810883094,-9.80035576151202,-13.7868146770703,-16.97810085054441,-19.572059856765573,-21.742063796296907,-23.58401969754904,-25.155016547179986,-26.49606093466378,-27.640577792428985,-28.617093327559378,-29.449991854064375,-30.160320058838977,-30.76610551266571,-31.282737719772424,-31.72328965074522,-32.098944771205566,-32.41926559101908,-32.692407975409566,-32.9253235865265,-33.12393803347079,-33.293303209279664,-33.43772664968846,-33.56088143133151,-33.66589969475605,-33.755452326097995,-33.83181688530428,-33.89693382463246,-33.952452319289286,-33.999786233263315,-34.04014273760601,-34.074550917629864,-34.10388781006777,-34.12890096381329,-34.15022765532118,-34.16841120581126,-34.18391485318721,-34.19713356212936,-34.20840408771086,-34.218013554312854,-34.22620676998132,-34.23319246287538,-34.239148598670766,-34.24422691432908,-34.24855678369699,-34.25224851339817,-34.255396152975756,-34.2580798908746,-34.26036809730113,-34.26231906600515,-34.26398249935627,-34.265400774548375,-34.26661002319023,-34.267641051784636,-34.26852012654699,-34.26926964255652,-34.26990869428756,-34.27045356205519,-34.270918126768485,-34.27131422355681,-34.27165194327862,-34.271939889593405,-34.27218539814634,-34.27239472344926,-34.272573198218915,-34.27272536923201,-34.27285511315753,-34.272965735317854,-34.273060053894355,-34.27314047172238,-34.27320903750559,-34.273267498007925,-34.27331734255391,-34.27335984097022
37,0,-5.189823970793683,-9.89111649916977,-13.890316881217084,-17.07996080990587,-19.667830488169624,-21.833105013572787,-23.672114110352673,-25.241180837312672,-26.580784952650603,-27.724122909426672,-28.69963810557068,-29.531671486673975,-30.241254409706734,-30.846401460945188,-31.362488475331855,-31.802572035784337,-32.17782491722596,-32.49780161997973,-32.770650323476005,-33.003315518778535,-33.20171647300483,-33.37089962357828,-33.51516785640453,-33.63819029108179,-33.74309569868475,-33.8325520941268,-33.90883458964692,-33.97388144754425,-34.02933968654048,-34.07662194906572,-34.116934325458,-34.15130486761755,-34.18060967389186,-34.20559547535135,-34.22689884841471,-34.24506251819875,-34.26054921523054,-34.27375347205547,-34.28501167548584,-34.29461063597576,-34.302794893924606,-34.30977294929162,-34.31572257318356,-34.32079533666755,-34.325120472145024,-34.328808165640346,-34.3319523638714,-34.33463316761219,-34.33691887231923,-34.33886770800923,-34.34052932271164,-34.341946047289014,-34.34315397384697,-34.34418387520726,-34.34506198886822,-34.345810685424254,-34.346449038473494,-34.346993310531616,-34.34745736733155,-34.34785303106321,-34.348190381552605,-34.348478013052734,-34.34872325318866,-34.34893234963407,-34.349110629275444,-34.34926263391841,-34.34939223599356,-34.3495027372096,-34.349596952666595,-34.34967728257298,-34.349745773392506,-34.34980416997941,-34.34985396002985,-34.34989641198219
38,0,-5.248039258395966,-9.98035161066341,-13.991958818573616,-17.179433928836886,-19.76078264483738,-21.92125193125204,-23.757409290127196,-25.32466297172526,-26.66292298519541,-27.805156702756204,-28.779731444968807,-29.61094795272528,-30.31982589334461,-30.92436881479071,-31.439939917600164,-31.87957963681046,-32.254450899386846,-32.57410101663533,-32.84667100901938,-33.079098572412335,-33.27729694308472,-33.44630737314456,-33.59042833304022,-33.713325186729584,-33.81812350795046,-33.90748858722037,-33.9836932142461,-34.0486735541325,-34.10407451179235,-34.15130763665796,-34.191578027703635,-34.22591276181304,-34.25518704387867,-34.280146825465685,-34.301428016276276,-34.3195727740952,-34.33504334672962,-34.348233855641695,-34.35948033733275,-34.36906930363082,-34.37724504033234,-34.38421583031682,-34.39015925960286,-34.39522674144658,-34.399547373696095,-34.40323122765287,-34.40637215221973,-34.409050164771536,-34.41133348965736,-34.41328029626611,-34.41494018093492,-34.41635543045244,-34.41756209934608,-34.41859092839767,-34.41946812778758,-34.42021604481863,-34.42085373322992,-34.421397438604956,-34.42186101224,-34.422256264016035,-34.422593263264154,-34.422880595289236,-34.42312558008695,-34.423334458826126,-34.42351255284701,-34.423664399226354,-34.423793866362956,-34.42390425252772,-34.42399836988984,-34.424078616158646,-34.424147035667154,-34.4242053714529,-34.42425510966316,-34.42429751741556
39,0,-5.305281675995213,-10.068145601707505,-14.091826028524762,-17.27656349122003,-19.850906852248222,-22.00649434995353,-23.83991120465637,-25.405480197562998,-26.74249800369935,-27.883705257856764,-28.857401654632017,-29.687851045004436,-30.39606551157411,-31.000039637203653,-31.515125034489525,-31.95434612015563,-32.32885690141802,-32.64819840166947,-32.9205050307211,-33.152708071001975,-33.350715044793844,-33.51956229560008,-33.66354411880157,-33.78632232932152,-33.89101948011511,-33.98029828787453,-34.056429348132504,-34.1213468211638,-34.17669353267167,-34.223880082342006,-34.26411067267048,-34.29841146495143,-34.32765681599025,-34.35259193675924,-34.37385210420725,-34.3919789381433,-34.407434228813266,-34.42061170807158,-34.43184708041809,-34.441426574661534,-34.44959423529924,-34.456558139473096,-34.46249569778354,-34.46755817392039,-34.47187453820814,-34.475554753218795,-34.47869257515038,-34.481367942335865,-34.48364901173159,-34.48559389526622,-34.487252140285115,-34.4886659918057,-34.48987146874028,-34.490899281504724,-34.491775614388736,-34.49252279262021,-34.4931598511168,-34.493703019414454,-34.49416613512706,-34.49456099646963,-34.49489766282665,-34.49518471102245,-34.495429453821835,-34.49563812622863,-34.49581604432651,-34.495967740710576,-34.49609707995827,-34.496207357082554,-34.49630138147463,-34.49638154847541,-34.496449900398495,-34.496508178559615,-34.49655786763797,-34.49660023349957
40,0,-5.361608351127048,-10.154577871461303,-14.189997926442548,-17.37137926383913,-19.938166526535756,-22.088796960707434,-23.919606408664364,-25.48363358700722,-26.819518441623096,-27.959781186674274,-28.932664459241455,-29.76239860385306,-30.46999284281142,-31.073435028530362,-31.588066247892232,-32.02689488340602,-32.401067072977895,-32.720118561851386,-32.99217772564202,-33.22416982387063,-33.42199699062384,-33.59069094707721,-33.734542062712194,-33.857208817576634,-33.96181092680123,-34.05100868925762,-34.127070639284796,-34.1919290245059,-34.247224615687884,-34.29436722602663,-34.334560263607266,-34.368829034989226,-34.398047095032794,-34.42295895399337,-34.44419929101455,-34.46230921816468,-34.47775009403609,-34.49091528298621,-34.50214017636138,-34.51171073601611,-34.51987077884315,-34.526828187921716,-34.532760208388005,-34.53781796285234,-34.542130301351385,-34.54580708389741,-34.54894197924375,-34.55161485116656,-34.55389379305347,-34.5558368626332,-34.55749356103942,-34.55890609388828,-34.560110446498136,-34.56113730064167,-34.56201281618712,-34.56275929754008,-34.56339576186463,-34.563938423559854,-34.56440110733351,-34.564795600396586,-34.56513195275149,-34.565418733223005,-34.56566324775562,-34.56587172553772,-34.56604947769489,-34.56620103259468,-34.566330251210196,-34.56644042548115,-34.56653436217852,-34.566614454409134,-34.566682742581676,-34.5667409663879,-34.56679060912221,-34.56683293547002
41,0,-5.417073094048957,-10.239723227702813,-14.286548286544603,-17.463896070111588,-20.02249033039778,-22.168092835045005,-23.996458115040127,-25.55910528582819,-26.89397597563883,-28.033381755320768,-29.005521426589326,-29.83459512693477,-30.541614803236843,-31.144564020519283,-31.65877442199606,-32.097238140775204,-32.4710946727192,-32.789875642731175,-33.06170400484263,-33.293499398407086,-33.491158908059155,-33.6597099324512,-33.8034391765647,-33.926002010209785,-34.03051550253557,-34.11963769814122,-34.1956352095722,-34.26043846386175,-34.31568618735375,-34.362787597613,-34.40294541966394,-34.43718416803675,-34.466376642959005,-34.491266695260784,-34.512488442630136,-34.530582520864705,-34.54600988386208,-34.55916355148374,-34.57037862152727,-34.57994080560189,-34.588093707239246,-34.595045027598715,-34.60097185670492,-34.60602518491578,-34.61033374950617,-34.614007314345216,-34.61713946621297,-34.61980999899323,-34.622086946482305,-34.624028315600235,-34.62568356416004,-34.627094860842085,-34.628298159472344,-34.62932411497269,-34.63019886431772,-34.63094469239349,-34.63158059972138,-34.632122786510536,-34.63258506537016,-34.63297921319581,-34.63331527119463,-34.63360180069254,-34.63384610124018,-34.63405439657461,-34.63423199317337,-34.63438341544111,-34.634512520971995,-34.634622598824826,-34.634716453314255,-34.63479647545276,-34.63486470386348,-34.634922876715585,-34.634972476005515,-34.635014765311745
42,0,-5.471726744013935,-10.323652347510594,-14.381545657558078,-17.55411158412831,-20.103759494555714,-22.244272791082224,-24.070399994023315,-25.631854195820118,-26.965842052273,-28.10448596116966,-29.075957521724586,-29.904429600498762,-30.610923708732127,-31.21342184102932,-31.727247302189838,-32.16537547675107,-32.53894070712379,-32.85747186096185,-33.129087129258735,-33.36070095024648,-33.55820571602761,-33.72662482122499,-33.87024158442698,-33.99270850410822,-34.097140207373286,-34.18619265837157,-34.262130696003815,-34.3268830184583,-34.3820862990751,-34.429149389496665,-34.46927445504423,-34.503485283226915,-34.532653968610205,-34.557523745878974,-34.57872820954241,-34.59680755228018,-34.61222235168364,-34.6253653073315,-34.63657124410714,-34.64612564096113,-34.65427190305481,-34.66121756240814,-34.66713956483073,-34.67218877771823,-34.67649383350494,-34.680164406670734,-34.68329400778045,-34.685962365735485,-34.68823745892686,-34.690177247034995,-34.6918311475955,-34.69324129494749,-34.694443613636906,-34.69546873362085,-34.696342770588544,-34.697087991277755,-34.69772338073624,-34.69826512598,-34.69872702836953,-34.69912085520955,-34.69945663952987,-34.69974293568423,-34.6999870372787,-34.70019516298183,-34.70037261494969,-34.700523913902344,-34.70065291429241,-34.700762902500166,-34.70085668055651,-34.70093663752669,-34.70100481037365,-34.701062935851006,-34.70111249474829,-34.70115474961502
43,0,-5.525617480462955,-10.406432191145136,-14.475053717527182,-17.642002985196623,-20.181785510815942,-22.3171670175538,-24.141326048055504,-25.701809047422014,-27.035062377051776,-28.173049939601377,-29.143937309934138,-29.971872137788775,-30.67789427778154,-31.279987237911914,-31.79346711443432,-32.231291621532975,-32.604591835186376,-32.92289552084648,-33.19431682298015,-33.4257654191632,-33.62312939117934,-33.79142847380043,-33.93494290006471,-34.05732255537141,-34.16167984513149,-34.25066884082012,-34.32655276772463,-34.39125868591202,-34.4464211795285,-34.49344902016835,-34.533543952428325,-34.567729104573914,-34.59687591676425,-34.62172705356212,-34.642915627187946,-34.66098142262164,-34.676384671458464,-34.68951777883751,-34.70071531874927,-34.7102625562525,-34.718402714136154,-34.72534316891912,-34.731260733824094,-34.73630616319866,-34.74060799308968,-34.74427581579492,-34.747403071809245,-34.750069430290985,-34.75234281869306,-34.75428115326509,-34.75593381451289,-34.75734290520302,-34.75854432296229,-34.759568674795915,-34.76044205682394,-34.76118671909895,-34.76182163244281,-34.7623629717421,-34.76282452801558,-34.76321805975044,-34.763553592458415,-34.76383967408326,-34.76408359276576,-34.76429156251462,-34.764468881512926,-34.76462006709313,-34.764748970819696,-34.7648588766103,-34.764952584396156,-34.76503248145242,-34.76510060321559,-34.76515868513796,-34.76520820689941,-34.76525043010339
44,0,-5.578791104190457,-10.488126375684198,-14.567131572527966,-17.72752185979151,-20.25626722175128,-22.386510407414164,-24.20907310686635,-25.768856766658487,-27.101547846761317,-28.238999525952995,-29.20939893385836,-30.036868671856382,-30.742478929042026,-31.344218310139325,-31.857396853827588,-32.29495302099391,-32.66801714189451,-32.986117964661055,-33.25736637646017,-33.48866776278894,-33.68590631279523,-33.85409848116335,-33.99752174743736,-34.119823668716165,-34.22411467155598,-34.31304714165742,-34.38888286701794,-34.45354735759108,-34.50867303042249,-34.55566894700859,-34.59573659069933,-34.629898501513765,-34.65902551959409,-34.68385978918053,-34.70503398463903,-34.7230875217198,-34.738480318918974,-34.75160451497424,-34.76279445687164,-34.77233521613671,-34.780469850539546,-34.78740559589317,-34.793319145447306,-34.79836115125657,-34.80266006215016,-34.80632539606226,-34.80945053008379,-34.81211507931378,-34.814386925113084,-34.81632394443245,-34.81797548427052,-34.8193836188253,-34.820584221365124,-34.821607878127075,-34.82248066752361,-34.82322482450965,-34.82385930703446,-34.82440027900912,-34.82486152209461,-34.82525478679934,-34.825590091832325,-34.82587597933711,-34.82611973250912,-34.826327561140594,-34.82650475981945,-34.82665584281302,-34.82678465907226,-34.82689449028649,-34.826988134487166,-34.82706797732944,-34.827136052868745,-34.82719409537974,-34.827243583538284,-34.827285778091856
45,0,-5.6312912928191885,-10.568795514029867,-14.657834002585906,-17.81058625555025,-20.326696274539596,-22.451867537416163,-24.27338783647007,-25.832821464832524,-27.165158701911444,-28.30221755571344,-29.272244149756766,-30.099332239231448,-30.804600135221076,-31.40604580739833,-31.918974393956248,-32.35630242057205,-32.72916305860315,-33.04708878681165,-33.318188114557366,-33.549362641267464,-33.74649313199285,-33.91459319140844,-34.05793792136399,-34.1801728725269,-34.28440676690983,-34.373290538116315,-34.44908473599432,-34.513713401951726,-34.56880664178184,-34.61577430844239,-34.65581781069384,-34.689959174884905,-34.71906869988004,-34.7438880646546,-34.765049555012325,-34.78309226010424,-34.79847582174823,-34.81159214331058,-34.8227753712078,-34.83231040596014,-34.840440159522906,-34.84737174337507,-34.85328174475238,-34.8583207253179,-34.8626170568307,-34.86628019151328,-34.86940345042958,-34.87206640090888,-34.8743368835827,-34.876272740675105,-34.87792328957618,-34.879330579239024,-34.88053046140782,-34.88155350396757,-34.88242576968354,-34.88316948016952,-34.88380358199973,-34.884344229386954,-34.884805195722926,-34.88519822446572,-34.88553332831302,-34.885819044283046,-34.88606265120123,-34.88627035513382,-34.88644744749208,-34.88659843983468,-34.88672717880312,-34.88683694411774,-34.886930532131174,-34.88701032706713,-34.88707836176056,-34.88713636944557,-34.88718582791086,-34.88722799714734
46,0,-5.683159834332616,-10.648497524135829,-14.747211656657823,-17.891067804955348,-20.392096373353606,-22.51242756135678,-24.33385590503536,-25.893421954512238,-27.22567417712921,-28.36252033210444,-29.33232073799502,-30.159127738222526,-30.864137245692355,-31.465361778323356,-31.978102696031048,-32.41524993366146,-32.78794502427633,-33.10572801575554,-33.376706028120964,-33.60777743230048,-33.80482011349363,-33.972845330035675,-34.116126245315,-34.23830677916408,-34.34249426897386,-34.43133846875202,-34.507098922424454,-34.571698269833384,-34.62676404969392,-34.673707626257524,-34.71373055672201,-34.74785443202014,-34.77694907469425,-34.80175576100058,-34.82290644428245,-34.840939935523636,-34.85631564119711,-34.869425264500855,-34.88060278126998,-34.89013294657607,-34.89825854834461,-34.905186592294136,-34.91109357548175,-34.91612998268085,-34.92042412009216,-34.92408538404177,-34.927207047935305,-34.929868638467575,-34.93213796162448,-34.93407283009055,-34.935722536069825,-34.93712910704134,-34.938328376440126,-34.93935089654042,-34.94022271679746,-34.94096604747656,-34.941599825476146,-34.94214019675918,-34.94260092768342,-34.94299375570965,-34.94332868842217,-34.94361425847937,-34.94385774098949,-34.94406533884943,-34.94424234076804,-34.94439325600009,-34.944521929222596,-34.94463163848102,-34.94472517869977,-34.944804932885106,-34.94487293283377,-34.944930910894755,-34.944980344102,-34.94502249180301
47,0,-5.734436841931369,-10.727287912668293,-14.83531119706189,-17.936875514088605,-20.42048344194209,-22.566085350397074,-24.38971456310725,-25.95016804398936,-27.2827256006422,-28.419608134799546,-29.38938832185868,-30.216042647250614,-30.920901690132084,-31.521998737334776,-32.0346323591007,-32.471657306654144,-32.84423288689761,-33.161912520936305,-33.432803048397474,-33.66380024497505,-33.86077977952029,-34.02875118101477,-34.17198621051165,-34.29412761463685,-34.39828173577058,-34.48709748016938,-34.56283366864587,-34.62741157323133,-34.68245570657803,-34.729380054800856,-34.76938659525905,-34.80349656487847,-34.83257938414967,-34.857376000214074,-34.87851809993775,-34.89654427295284,-34.911913738821696,-34.92501804181317,-34.93619102230999,-34.94571731987273,-34.9538396239184,-34.96076485616305,-34.966669442036675,-34.97170380523992,-34.97599619990125,-34.9796559779489,-34.98277637493393,-34.98543688527576,-34.98770528744154,-34.98963937065286,-34.991288407108904,-34.99269440723209,-34.993893189914644,-34.99491529503131,-34.99578676146535,-34.99652979046818,-34.99716331125282,-34.9977034632294,-34.998164007168775,-34.998556675768114,-34.99889147255024,-34.99917692671054,-34.99942031040473,-34.99962782401233,-34.99980475409581,-34.999955608079816,-35.00008422908106,-35.00019389381462,-35.000287396070654,-35.00036711788822,-35.000435090239506,-35.00049304477048,-35.00054245791555,-35.00058458851113
48,0,-5.785160953086909,-10.805220036791502,-14.922175392129514,-17.936875514088605,-20.42048344194209,-22.578515882192175,-24.431874280564685,-26.00198525916805,-27.33560988319268,-28.472936366781873,-29.44304153766524,-30.269722007278723,-30.9745835618847,-31.57568645899509,-32.0883271195621,-32.52530736046095,-32.89782278982547,-33.21545008413774,-33.48629700047281,-33.71725747689599,-33.91420583363768,-34.08215067587671,-34.22536305861296,-34.34748514854149,-34.45162279797431,-34.54042449550601,-34.61614870539148,-34.68071528578149,-34.73574485440857,-34.78265590661012,-34.82265117480979,-34.856751624561205,-34.885826363551615,-34.91061610063112,-34.93175233728049,-34.94977351137546,-34.96513871483367,-34.978239383447,-34.98940926512317,-34.998932920540256,-35.00705297183137,-35.013976283331594,-35.0198792315413,-35.02491219844108,-35.02920340258747,-35.0328621655793,-35.03598169710831,-35.038641469545716,-35.040909242560055,-35.04284278934482,-35.04449136843328,-35.04589697859607,-35.04709542879087,-35.04811725042214,-35.04898847515109,-35.04973129807152,-35.050364643146374,-35.05090464530937,-35.05136506151486,-35.051757621205816,-35.05209232513057,-35.05237770011888,-35.052621016309544,-35.052828472362286,-35.053005353373415,-35.05315616551739,-35.05328475084504,-35.053394385162626,-35.053487861485394,-35.053567561191755,-35.05363551469063,-35.053693453147616,-35.053742852587725,-35.053784971498224
49,0,-5.835369515346024,-10.882345347339655,-15.007843153999497,-17.936875514088605,-20.42048344194209,-22.578515882192175,-24.431874280564685,-26.016218018510482,-27.36832483452706,-28.52118842715706,-29.492490533461268,-30.31948414615998,-31.02460710729268,-31.62594216367091,-32.138783593546215,-32.575835138768525,-32.948374539480575,-33.266022406879955,-33.5368884578339,-33.76786579813655,-33.96482866444695,-34.13278589844264,-34.27600884538743,-34.3981399397672,-34.502285265287455,-34.5910935074583,-34.66682329780398,-34.731392819488626,-34.78641696413739,-34.83332242338392,-34.87331308852103,-34.907409732674545,-34.936481266616646,-34.96126828072512,-34.982402197175624,-35.000421392789875,-35.015784909016446,-35.02888413886516,-35.0400527937345,-35.04957540311968,-35.05769456253384,-35.06461711360045,-35.070519413449865,-35.075551827545475,-35.07984256036061,-35.08350092148657,-35.08662011037703,-35.08927959067422,-35.09154711460424,-35.09348044901493,-35.09512884702916,-35.096534302804606,-35.097732621365815,-35.09875433076371,-35.09962545980036,-35.10036820113171,-35.10100147664209,-35.10154141949316,-35.10200178512811,-35.1023943017017,-35.10272896886368,-35.103014312507405,-35.10325760197305,-35.103465035239566,-35.10364189682271,-35.10379269240199,-35.10392126360625,-35.104030885881976,-35.10412435193766,-35.10420404289007,-35.104271988925134,-35.10432992101839,-35.10437931503264,-35.10442142931692
50,0,-5.88509876118318,-10.958713616286484,-15.092349516231234,-17.936875514088605,-20.42048344194209,-22.578515882192175,-24.431874280564685,-26.016218018510482,-27.36832483452706,-28.521641054353914,-29.50528909407321,-30.344199176869235,-31.05966458680997,-31.669849090106286,-32.185179155372325,-32.62252905022035,-32.99523342019814,-33.31302614761928,-33.58401825120357,-33.81510369356349,-34.01215885150256,-34.180194791443,-34.32348484529758,-34.445673157898,-34.549867272326416,-34.638717117241654,-34.714482383247244,-34.77907859610472,-34.83411019167778,-34.88102109029558,-34.92101674062401,-34.95511778851117,-34.984193118498844,-35.008983377436856,-35.03012006107778,-35.04814161545384,-35.0635071423345,-35.07660808626644,-35.08777820249769,-35.09730205783403,-35.105422279560734,-35.11234573637384,-35.11824880848038,-35.12328188101769,-35.12757317523313,-35.13123201501984,-35.13435161202572,-35.137011440289996,-35.1392792609034,-35.14121284827203,-35.142861461963065,-35.14426710162867,-35.14546557697821,-35.14648742005681,-35.147358663072175,-35.14810150158397,-35.14873485995229,-35.14927487344962,-35.14973529931891,-35.15012786724944,-35.15046257819939,-35.15074795917754,-35.150991280475246,-35.15119874088238,-35.151375625606114,-35.15152644091555,-35.151655028942095,-35.15176466556082,-35.151858143845594,-35.15193784522481,-35.15200580014996,-35.152063739823056,-35.15211314030002,-35.15215526009456
51,0,-5.934383973995141,-11.034373151140962,-15.158909705866781,-17.936875514088605,-20.42048344194209,-22.578515882192175,-24.431874280564685,-26.016218018510482,-27.36832483452706,-28.521641054353914,-29.50528909407321,-30.344199176869235,-31.05966458680997,-31.669849090106286,-32.19024377737652,-32.63404468908391,-33.01251028976668,-33.335250680588445,-33.61046654853043,-33.84515404792241,-34.04528056882213,-34.215935380439774,-34.3614585418802,-34.48555106234233,-34.59136894569036,-34.6816034294057,-34.75837028877293,-34.82305157567726,-34.878111611079454,-34.925046812070406,-34.96506388105649,-34.99918338192729,-35.02827448495673,-35.05307819783772,-35.074226351857554,-35.092257684979494,-35.10763154874741,-35.12073960057156,-35.131915777015266,-35.14144479936946,-35.149569426586375,-35.15649663960438,-35.16240291432411,-35.16743871747155,-35.17173233985794,-35.17539316468802,-35.17851445418001,-35.18117572549043,-35.183444776472676,-35.18537941287739,-35.1870289209967,-35.18843532326903,-35.1896344488317,-35.19065684629447,-35.19152856198843,-35.19227180351507,-35.19290550550158,-35.193445811974364,-35.19390648764015,-35.19429926855195,-35.19463416109383,-35.19491969690076,-35.19516315020843,-35.1953707231698,-35.195547703859454,-35.19569860099124,-35.1958272587811,-35.19593695488138,-35.196030483881266,-35.19611022850115,-35.19617822029413,-35.196236191401454,-35.196285618679845,-35.19632776132577
52,0,-5.983259647177488,-11.109370998672436,-15.158909705866781,-17.936875514088605,-20.42048344194209,-22.578515882192175,-24.431874280564685,-26.016218018510482,-27.36832483452706,-28.521641054353914,-29.50528909407321,-30.344199176869235,-31.05966458680997,-31.669849090106286,-32.19024377737652,-32.63404468908391,-33.01251028976668,-33.335250680588445,-33.61046654853043,-33.84515404792241,-34.04528056882213,-34.215935380439774,-34.3614585418802,-34.48555106234233,-34.59136894569036,-34.6816034294057,-34.75854942300552,-34.824163324280306,-34.880111392137366,-34.927815940730596,-34.96849072123628,-35.00317121639767,-35.032740619025134,-35.0579521068716,-35.07944791780871,-35.0977756606581,-35.11340224543065,-35.12672577083606,-35.13808566387964,-35.1477713264909,-35.156029508213834,-35.1630705923846,-35.16907395584451,-35.17419253871929,-35.17855674069129,-35.18227774303075,-35.185450341022,-35.18815535894339,-35.1904617091255,-35.192428147543666,-35.19410477066986,-35.195534291717316,-35.1967531287912,-35.19779233266674,-35.19867837783063,-35.19943383693831,-35.20007795586879,-35.20062714402792,-35.2010953923899,-35.20149462992779,-35.201835027512935,-35.20212525702537,-35.202372712276436,-35.20258369737151,-35.202763587311836,-35.202916964926565,-35.20304773762382,-35.20315923693471,-35.20325430338653,-35.20333535886743,-35.203404468325715,-35.203463392375866,-35.203513632151605,-35.203556467548395
53,0,-6.031759638110581,-11.18375314019588,-15.158909705866781,-17.936875514088605,-20.42048344194209,-22.578515882192175,-24.431874280564685,-26.016218018510482,-27.36832483452706,-28.521641054353914,-29.50528909407321,-30.344199176869235,-31.05966458680997,-31.669849090106286,-32.19024377737652,-32.63404468908391,-33.01251028976668,-33.335250680588445,-33.61046654853043,-33.84515404792241,-34.04528056882213,-34.215935380439774,-34.3614585418802,-34.48555106234233,-34.59136894569036,-34.6816034294057,-34.75854942300552,-34.824163324280306,-34.880111392137366,-34.927815940730596,-34.96849072123628,-35.00317121639767,-35.032740619025134,-35.0579521068716,-35.07944791780871,-35.0977756606581,-35.11340224543065,-35.12672577083606,-35.13808566387964,-35.1477713264909,-35.156029508213834,-35.1630705923846,-35.16907395584451,-35.17419253871929,-35.17855674069129,-35.18227774303075,-35.185450341022,-35.18815535894339,-35.1904617091255,-35.192428147543666,-35.19410477066986,-35.195534291717316,-35.1967531287912,-35.19779233266674,-35.19867837783063,-35.19943383693831,-35.20007795586879,-35.20062714402792,-35.2010953923899,-35.20149462992779,-35.201835027512935,-35.20212525702537,-35.202372712276436,-35.20258369737151,-35.202763587311836,-35.202916964926565,-35.20304773762382,-35.20315923693471,-35.20325430338653,-35.20333535886743,-35.203404468325715,-35.203463392375866,-35.203513632151605,-35.203556467548395
54,0,-6.079917318810137,-11.257564680520824,-15.158909705866781,-17.936875514088605,-20.42048344194209,-22.578515882192175,-24.431874280564685,-26.016218018510482,-27.36832483452706,-28.521641054353914,-29.50528909407321,-30.344199176869235,-31.05966458680997,-31.669849090106286,-32.19024377737652,-32.63404468908391,-33.01251028976668,-33.335250680588445,-33.61046654853043,-33.84515404792241,-34.04528056882213,-34.215935380439774,-34.3614585418802,-34.48555106234233,-34.59136894569036,-34.6816034294057,-34.75854942300552,-34.824163324280306,-34.880111392137366,-34.927815940730596,-34.96849072123628,-35.00317121639767,-35.032740619025134,-35.0579521068716,-35.07944791780871,-35.0977756606581,-35.11340224543065,-35.12672577083606,-35.13808566387964,-35.1477713264909,-35.156029508213834,-35.1630705923846,-35.16907395584451,-35.17419253871929,-35.17855674069129,-35.18227774303075,-35.185450341022,-35.18815535894339,-35.1904617091255,-35.192428147543666,-35.19410477066986,-35.195534291717316,-35.1967531287912,-35.19779233266674,-35.19867837783063,-35.19943383693831,-35.20007795586879,-35.20062714402792,-35.2010953923899,-35.20149462992779,-35.201835027512935,-35.20212525702537,-35.202372712276436,-35.20258369737151,-35.202763587311836,-35.202916964926565,-35.20304773762382,-35.20315923693471,-35.20325430338653,-35.20333535886743,-35.203404468325715,-35.203463392375866,-35.203513632151605,-35.203556467548395
55,0,-6.127765724962996,-11.33085003258472,-15.158909705866781,-17.936875514088605,-20.42048344194209,-22.578515882192175,-24.431874280564685,-26.016218018510482,-27.36832483452706,-28.521641054353914,-29.50528909407321,-30.344199176869235,-31.05966458680997,-31.669849090106286,-32.19024377737652,-32.63404468908391,-33.01251028976668,-33.335250680588445,-33.61046654853043,-33.84515404792241,-34.04528056882213,-34.215935380439774,-34.3614585418802,-34.48555106234233,-34.59136894569036,-34.6816034294057,-34.75854942300552,-34.824163324280306,-34.880111392137366,-34.927815940730596,-34.96849072123628,-35.00317121639767,-35.032740619025134,-35.0579521068716,-35.07944791780871,-35.0977756606581,-35.11340224543065,-35.12672577083606,-35.13808566387964,-35.1477713264909,-35.156029508213834,-35.1630705923846,-35.16907395584451,-35.17419253871929,-35.17855674069129,-35.18227774303075,-35.185450341022,-35.18815535894339,-35.1904617091255,-35.192428147543666,-35.19410477066986,-35.195534291717316,-35.1967531287912,-35.19779233266674,-35.19867837783063,-35.19943383693831,-35.20007795586879,-35.20062714402792,-35.2010953923899,-35.20149462992779,-35.201835027512935,-35.20212525702537,-35.202372712276436,-35.20258369737151,-35.202763587311836,-35.202916964926565,-35.20304773762382,-35.20315923693471,-35.20325430338653,-35.20333535886743,-35.203404468325715,-35.203463392375866,-35.203513632151605,-35.203556467548395
56,0,-6.175337705071405,-11.403653099748999,-15.158909705866781,-17.936875514088605,-20.42048344194209,-22.578515882192175,-24.431874280564685,-26.016218018510482,-27.36832483452706,-28.521641054353914,-29.50528909407321,-30.344199176869235,-31.05966458680997,-31.669849090106286,-32.19024377737652,-32.63404468908391,-33.01251028976668,-33.335250680588445,-33.61046654853043,-33.84515404792241,-34.04528056882213,-34.215935380439774,-34.3614585418802,-34.48555106234233,-34.59136894569036,-34.6816034294057,-34.75854942300552,-34.824163324280306,-34.880111392137366,-34.927815940730596,-34.96849072123628,-35.00317121639767,-35.032740619025134,-35.0579521068716,-35.07944791780871,-35.0977756606581,-35.11340224543065,-35.12672577083606,-35.13808566387964,-35.1477713264909,-35.156029508213834,-35.1630705923846,-35.16907395584451,-35.17419253871929,-35.17855674069129,-35.18227774303075,-35.185450341022,-35.18815535894339,-35.1904617091255,-35.192428147543666,-35.19410477066986,-35.195534291717316,-35.1967531287912,-35.19779233266674,-35.19867837783063,-35.19943383693831,-35.20007795586879,-35.20062714402792,-35.2010953923899,-35.20149462992779,-35.201835027512935,-35.20212525702537,-35.202372712276436,-35.20258369737151,-35.202763587311836,-35.202916964926565,-35.20304773762382,-35.20315923693471,-35.20325430338653,-35.20333535886743,-35.203404468325715,-35.203463392375866,-35.203513632151605,-35.203556467548395
57,0,-6.222666071469847,-11.476017457734823,-15.158909705866781,-17.936875514088605,-20.42048344194209,-22.578515882192175,-24.431874280564685,-26.016218018510482,-27.36832483452706,-28.521641054353914,-29.50528909407321,-30.344199176869235,-31.05966458680997,-31.669849090106286,-32.19024377737652,-32.63404468908391,-33.01251028976668,-33.335250680588445,-33.61046654853043,-33.84515404792241,-34.04528056882213,-34.215935380439774,-34.3614585418802,-34.48555106234233,-34.59136894569036,-34.6816034294057,-34.75854942300552,-34.824163324280306,-34.880111392137366,-34.927815940730596,-34.96849072123628,-35.00317121639767,-35.032740619025134,-35.0579521068716,-35.07944791780871,-35.0977756606581,-35.11340224543065,-35.12672577083606,-35.13808566387964,-35.1477713264909,-35.156029508213834,-35.1630705923846,-35.16907395584451,-35.17419253871929,-35.17855674069129,-35.18227774303075,-35.185450341022,-35.18815535894339,-35.1904617091255,-35.192428147543666,-35.19410477066986,-35.195534291717316,-35.1967531287912,-35.19779233266674,-35.19867837783063,-35.19943383693831,-35.20007795586879,-35.20062714402792,-35.2010953923899,-35.20149462992779,-35.201835027512935,-35.20212525702537,-35.202372712276436,-35.20258369737151,-35.202763587311836,-35.202916964926565,-35.20304773762382,-35.20315923693471,-35.20325430338653,-35.20333535886743,-35.203404468325715,-35.203463392375866,-35.203513632151605,-35.203556467548395
58,0,-6.269783755059725,-11.547986538215746,-15.158909705866781,-17.936875514088605,-20.42048344194209,-22.578515882192175,-24.431874280564685,-26.016218018510482,-27.36832483452706,-28.521641054353914,-29.50528909407321,-30.344199176869235,-31.05966458680997,-31.669849090106286,-32.19024377737652,-32.63404468908391,-33.01251028976668,-33.335250680588445,-33.61046654853043,-33.84515404792241,-34.04528056882213,-34.215935380439774,-34.3614585418802,-34.48555106234233,-34.59136894569036,-34.6816034294057,-34.75854942300552,-34.824163324280306,-34.880111392137366,-34.927815940730596,-34.96849072123628,-35.00317121639767,-35.032740619025134,-35.0579521068716,-35.07944791780871,-35.0977756606581,-35.11340224543065,-35.12672577083606,-35.13808566387964,-35.1477713264909,-35.156029508213834,-35.1630705923846,-35.16907395584451,-35.17419253871929,-35.17855674069129,-35.18227774303075,-35.185450341022,-35.18815535894339,-35.1904617091255,-35.192428147543666,-35.19410477066986,-35.195534291717316,-35.1967531287912,-35.19779233266674,-35.19867837783063,-35.19943383693831,-35.20007795586879,-35.20062714402792,-35.2010953923899,-35.20149462992779,-35.201835027512935,-35.20212525702537,-35.202372712276436,-35.20258369737151,-35.202763587311836,-35.202916964926565,-35.20304773762382,-35.20315923693471,-35.20325430338653,-35.20333535886743,-35.203404468325715,-35.203463392375866,-35.203513632151605,-35.203556467548395
59,0,-6.316723965731987,-11.619603816168151,-15.158909705866781,-17.936875514088605,-20.42048344194209,-22.578515882192175,-24.431874280564685,-26.016218018510482,-27.36832483452706,-28.521641054353914,-29.50528909407321,-30.344199176869235,-31.05966458680997,-31.669849090106286,-32.19024377737652,-32.63404468908391,-33.01251028976668,-33.335250680588445,-33.61046654853043,-33.84515404792241,-34.04528056882213,-34.215935380439774,-34.3614585418802,-34.48555106234233,-34.59136894569036,-34.6816034294057,-34.75854942300552,-34.824163324280306,-34.880111392137366,-34.927815940730596,-34.96849072123628,-35.00317121639767,-35.032740619025134,-35.0579521068716,-35.07944791780871,-35.0977756606581,-35.11340224543065,-35.12672577083606,-35.13808566387964,-35.1477713264909,-35.156029508213834,-35.1630705923846,-35.16907395584451,-35.17419253871929,-35.17855674069129,-35.18227774303075,-35.185450341022,-35.18815535894339,-35.1904617091255,-35.192428147543666,-35.19410477066986,-35.195534291717316,-35.1967531287912,-35.19779233266674,-35.19867837783063,-35.19943383693831,-35.20007795586879,-35.20062714402792,-35.2010953923899,-35.20149462992779,-35.201835027512935,-35.20212525702537,-35.202372712276436,-35.20258369737151,-35.202763587311836,-35.202916964926565,-35.20304773762382,-35.20315923693471,-35.20325430338653,-35.20333535886743,-35.203404468325715,-35.203463392375866,-35.203513632151605,-35.203556467548395
60,0,-6.363520360622559,-11.69091300321167,-15.158909705866781,-17.936875514088605,-20.42048344194209,-22.578515882192175,-24.431874280564685,-26.016218018510482,-27.36832483452706,-28.521641054353914,-29.50528909407321,-30.344199176869235,-31.05966458680997,-31.669849090106286,-32.19024377737652,-32.63404468908391,-33.01251028976668,-33.335250680588445,-33.61046654853043,-33.84515404792241,-34.04528056882213,-34.215935380439774,-34.3614585418802,-34.48555106234233,-34.59136894569036,-34.6816034294057,-34.75854942300552,-34.824163324280306,-34.880111392137366,-34.927815940730596,-34.96849072123628,-35.00317121639767,-35.032740619025134,-35.0579521068716,-35.07944791780871,-35.0977756606581,-35.11340224543065,-35.12672577083606,-35.13808566387964,-35.1477713264909,-35.156029508213834,-35.1630705923846,-35.16907395584451,-35.17419253871929,-35.17855674069129,-35.18227774303075,-35.185450341022,-35.18815535894339,-35.1904617091255,-35.192428147543666,-35.19410477066986,-35.195534291717316,-35.1967531287912,-35.19779233266674,-35.19867837783063,-35.19943383693831,-35.20007795586879,-35.20062714402792,-35.2010953923899,-35.20149462992779,-35.201835027512935,-35.20212525702537,-35.202372712276436,-35.20258369737151,-35.202763587311836,-35.202916964926565,-35.20304773762382,-35.20315923693471,-35.20325430338653,-35.20333535886743,-35.203404468325715,-35.203463392375866,-35.203513632151605,-35.203556467548395
61,0,-6.410207222576679,-11.761958249356885,-15.158909705866781,-17.936875514088605,-20.42048344194209,-22.578515882192175,-24.431874280564685,-26.016218018510482,-27.36832483452706,-28.521641054353914,-29.50528909407321,-30.344199176869235,-31.05966458680997,-31.669849090106286,-32.19024377737652,-32.63404468908391,-33.01251028976668,-33.335250680588445,-33.61046654853043,-33.84515404792241,-34.04528056882213,-34.215935380439774,-34.3614585418802,-34.48555106234233,-34.59136894569036,-34.6816034294057,-34.75854942300552,-34.824163324280306,-34.880111392137366,-34.927815940730596,-34.96849072123628,-35.00317121639767,-35.032740619025134,-35.0579521068716,-35.07944791780871,-35.0977756606581,-35.11340224543065,-35.12672577083606,-35.13808566387964,-35.1477713264909,-35.156029508213834,-35.1630705923846,-35.16907395584451,-35.17419253871929,-35.17855674069129,-35.18227774303075,-35.185450341022,-35.18815535894339,-35.1904617091255,-35.192428147543666,-35.19410477066986,-35.195534291717316,-35.1967531287912,-35.19779233266674,-35.19867837783063,-35.19943383693831,-35.20007795586879,-35.20062714402792,-35.2010953923899,-35.20149462992779,-35.201835027512935,-35.20212525702537,-35.202372712276436,-35.20258369737151,-35.202763587311836,-35.202916964926565,-35.20304773762382,-35.20315923693471,-35.20325430338653,-35.20333535886743,-35.203404468325715,-35.203463392375866,-35.203513632151605,-35.203556467548395
62,0,-6.456819651496685,-11.832784355822314,-15.158909705866781,-17.936875514088605,-20.42048344194209,-22.578515882192175,-24.431874280564685,-26.016218018510482,-27.36832483452706,-28.521641054353914,-29.50528909407321,-30.344199176869235,-31.05966458680997,-31.669849090106286,-32.19024377737652,-32.63404468908391,-33.01251028976668,-33.335250680588445,-33.61046654853043,-33.84515404792241,-34.04528056882213,-34.215935380439774,-34.3614585418802,-34.48555106234233,-34.59136894569036,-34.6816034294057,-34.75854942300552,-34.824163324280306,-34.880111392137366,-34.927815940730596,-34.96849072123628,-35.00317121639767,-35.032740619025134,-35.0579521068716,-35.07944791780871,-35.0977756606581,-35.11340224543065,-35.12672577083606,-35.13808566387964,-35.1477713264909,-35.156029508213834,-35.1630705923846,-35.16907395584451,-35.17419253871929,-35.17855674069129,-35.18227774303075,-35.185450341022,-35.18815535894339,-35.1904617091255,-35.192428147543666,-35.19410477066986,-35.195534291717316,-35.1967531287912,-35.19779233266674,-35.19867837783063,-35.19943383693831,-35.20007795586879,-35.20062714402792,-35.2010953923899,-35.20149462992779,-35.201835027512935,-35.20212525702537,-35.202372712276436,-35.20258369737151,-35.202763587311836,-35.202916964926565,-35.20304773762382,-35.20315923693471,-35.20325430338653,-35.20333535886743,-35.203404468325715,-35.203463392375866,-35.203513632151605,-35.203556467548395
63,0,-6.503393771626481,-11.903437001900702,-15.158909705866781,-17.936875514088605,-20.42048344194209,-22.578515882192175,-24.431874280564685,-26.016218018510482,-27.36832483452706,-28.521641054353914,-29.50528909407321,-30.344199176869235,-31.05966458680997,-31.669849090106286,-32.19024377737652,-32.63404468908391,-33.01251028976668,-33.335250680588445,-33.61046654853043,-33.84515404792241,-34.04528056882213,-34.215935380439774,-34.3614585418802,-34.48555106234233,-34.59136894569036,-34.6816034294057,-34.75854942300552,-34.824163324280306,-34.880111392137366,-34.927815940730596,-34.96849072123628,-35.00317121639767,-35.032740619025134,-35.0579521068716,-35.07944791780871,-35.0977756606581,-35.11340224543065,-35.12672577083606,-35.13808566387964,-35.1477713264909,-35.156029508213834,-35.1630705923846,-35.16907395584451,-35.17419253871929,-35.17855674069129,-35.18227774303075,-35.185450341022,-35.18815535894339,-35.1904617091255,-35.192428147543666,-35.19410477066986,-35.195534291717316,-35.1967531287912,-35.19779233266674,-35.19867837783063,-35.19943383693831,-35.20007795586879,-35.20062714402792,-35.2010953923899,-35.20149462992779,-35.201835027512935,-35.20212525702537,-35.202372712276436,-35.20258369737151,-35.202763587311836,-35.202916964926565,-35.20304773762382,-35.20315923693471,-35.20325430338653,-35.20333535886743,-35.203404468325715,-35.203463392375866,-35.203513632151605,-35.203556467548395
64,0,-6.549966958301676,-11.973962989255389,-15.158909705866781,-17.936875514088605,-20.42048344194209,-22.578515882192175,-24.431874280564685,-26.016218018510482,-27.36832483452706,-28.521641054353914,-29.50528909407321,-30.344199176869235,-31.05966458680997,-31.669849090106286,-32.19024377737652,-32.63404468908391,-33.01251028976668,-33.335250680588445,-33.61046654853043,-33.84515404792241,-34.04528056882213,-34.215935380439774,-34.3614585418802,-34.48555106234233,-34.59136894569036,-34.6816034294057,-34.75854942300552,-34.824163324280306,-34.880111392137366,-34.927815940730596,-34.96849072123628,-35.00317121639767,-35.032740619025134,-35.0579521068716,-35.07944791780871,-35.0977756606581,-35.11340224543065,-35.12672577083606,-35.13808566387964,-35.1477713264909,-35.156029508213834,-35.1630705923846,-35.16907395584451,-35.17419253871929,-35.17855674069129,-35.18227774303075,-35.185450341022,-35.18815535894339,-35.1904617091255,-35.192428147543666,-35.19410477066986,-35.195534291717316,-35.1967531287912,-35.19779233266674,-35.19867837783063,-35.19943383693831,-35.20007795586879,-35.20062714402792,-35.2010953923899,-35.20149462992779,-35.201835027512935,-35.20212525702537,-35.202372712276436,-35.20258369737151,-35.202763587311836,-35.202916964926565,-35.20304773762382,-35.20315923693471,-35.20325430338653,-35.20333535886743,-35.203404468325715,-35.203463392375866,-35.203513632151605,-35.203556467548395
65,0,-6.596578088290286,-12.044410507533065,-15.158909705866781,-17.936875514088605,-20.42048344194209,-22.578515882192175,-24.431874280564685,-26.016218018510482,-27.36832483452706,-28.521641054353914,-29.50528909407321,-30.344199176869235,-31.05966458680997,-31.669849090106286,-32.19024377737652,-32.63404468908391,-33.01251028976668,-33.335250680588445,-33.61046654853043,-33.84515404792241,-34.04528056882213,-34.215935380439774,-34.3614585418802,-34.48555106234233,-34.59136894569036,-34.6816034294057,-34.75854942300552,-34.824163324280306,-34.880111392137366,-34.927815940730596,-34.96849072123628,-35.00317121639767,-35.032740619025134,-35.0579521068716,-35.07944791780871,-35.0977756606581,-35.11340224543065,-35.12672577083606,-35.13808566387964,-35.1477713264909,-35.156029508213834,-35.1630705923846,-35.16907395584451,-35.17419253871929,-35.17855674069129,-35.18227774303075,-35.185450341022,-35.18815535894339,-35.1904617091255,-35.192428147543666,-35.19410477066986,-35.195534291717316,-35.1967531287912,-35.19779233266674,-35.19867837783063,-35.19943383693831,-35.20007795586879,-35.20062714402792,-35.2010953923899,-35.20149462992779,-35.201835027512935,-35.20212525702537,-35.202372712276436,-35.20258369737151,-35.202763587311836,-35.202916964926565,-35.20304773762382,-35.20315923693471,-35.20325430338653,-35.20333535886743,-35.203404468325715,-35.203463392375866,-35.203513632151605,-35.203556467548395
66,0,-6.64326781859336,-12.114829425808647,-15.158909705866781,-17.936875514088605,-20.42048344194209,-22.578515882192175,-24.431874280564685,-26.016218018510482,-27.36832483452706,-28.521641054353914,-29.50528909407321,-30.344199176869235,-31.05966458680997,-31.669849090106286,-32.19024377737652,-32.63404468908391,-33.01251028976668,-33.335250680588445,-33.61046654853043,-33.84515404792241,-34.04528056882213,-34.215935380439774,-34.3614585418802,-34.48555106234233,-34.59136894569036,-34.6816034294057,-34.75854942300552,-34.824163324280306,-34.880111392137366,-34.927815940730596,-34.96849072123628,-35.00317121639767,-35.032740619025134,-35.0579521068716,-35.07944791780871,-35.0977756606581,-35.11340224543065,-35.12672577083606,-35.13808566387964,-35.1477713264909,-35.156029508213834,-35.1630705923846,-35.16907395584451,-35.17419253871929,-35.17855674069129,-35.18227774303075,-35.185450341022,-35.18815535894339,-35.1904617091255,-35.192428147543666,-35.19410477066986,-35.195534291717316,-35.1967531287912,-35.19779233266674,-35.19867837783063,-35.19943383693831,-35.20007795586879,-35.20062714402792,-35.2010953923899,-35.20149462992779,-35.201835027512935,-35.20212525702537,-35.202372712276436,-35.20258369737151,-35.202763587311836,-35.202916964926565,-35.20304773762382,-35.20315923693471,-35.20325430338653,-35.20333535886743,-35.203404468325715,-35.203463392375866,-35.203513632151605,-35.203556467548395
67,0,-6.6900788995060605,-12.185271615163863,-15.158909705866781,-17.936875514088605,-20.42048344194209,-22.578515882192175,-24.431874280564685,-26.016218018510482,-27.36832483452706,-28.521641054353914,-29.50528909407321,-30.344199176869235,-31.05966458680997,-31.669849090106286,-32.19024377737652,-32.63404468908391,-33.01251028976668,-33.335250680588445,-33.61046654853043,-33.84515404792241,-34.04528056882213,-34.215935380439774,-34.3614585418802,-34.48555106234233,-34.59136894569036,-34.6816034294057,-34.75854942300552,-34.824163324280306,-34.880111392137366,-34.927815940730596,-34.96849072123628,-35.00317121639767,-35.032740619025134,-35.0579521068716,-35.07944791780871,-35.0977756606581,-35.11340224543065,-35.12672577083606,-35.13808566387964,-35.1477713264909,-35.156029508213834,-35.1630705923846,-35.16907395584451,-35.17419253871929,-35.17855674069129,-35.18227774303075,-35.185450341022,-35.18815535894339,-35.1904617091255,-35.192428147543666,-35.19410477066986,-35.195534291717316,-35.1967531287912,-35.19779233266674,-35.19867837783063,-35.19943383693831,-35.20007795586879,-35.20062714402792,-35.2010953923899,-35.20149462992779,-35.201835027512935,-35.20212525702537,-35.202372712276436,-35.20258369737151,-35.202763587311836,-35.202916964926565,-35.20304773762382,-35.20315923693471,-35.20325430338653,-35.20333535886743,-35.203404468325715,-35.203463392375866,-35.203513632151605,-35.203556467548395
68,0,-6.737056528907534,-12.255791308680474,-15.158909705866781,-17.936875514088605,-20.42048344194209,-22.578515882192175,-24.431874280564685,-26.016218018510482,-27.36832483452706,-28.521641054353914,-29.50528909407321,-30.344199176869235,-31.05966458680997,-31.669849090106286,-32.19024377737652,-32.63404468908391,-33.01251028976668,-33.335250680588445,-33.61046654853043,-33.84515404792241,-34.04528056882213,-34.215935380439774,-34.3614585418802,-34.48555106234233,-34.59136894569036,-34.6816034294057,-34.75854942300552,-34.824163324280306,-34.880111392137366,-34.927815940730596,-34.96849072123628,-35.00317121639767,-35.032740619025134,-35.0579521068716,-35.07944791780871,-35.0977756606581,-35.11340224543065,-35.12672577083606,-35.13808566387964,-35.1477713264909,-35.156029508213834,-35.1630705923846,-35.16907395584451,-35.17419253871929,-35.17855674069129,-35.18227774303075,-35.185450341022,-35.18815535894339,-35.1904617091255,-35.192428147543666,-35.19410477066986,-35.195534291717316,-35.1967531287912,-35.19779233266674,-35.19867837783063,-35.19943383693831,-35.20007795586879,-35.20062714402792,-35.2010953923899,-35.20149462992779,-35.201835027512935,-35.20212525702537,-35.202372712276436,-35.20258369737151,-35.202763587311836,-35.202916964926565,-35.20304773762382,-35.20315923693471,-35.20325430338653,-35.20333535886743,-35.203404468325715,-35.203463392375866,-35.203513632151605,-35.203556467548395
69,0,-6.784248756217106,-12.281069651191526,-15.158909705866781,-17.936875514088605,-20.42048344194209,-22.578515882192175,-24.431874280564685,-26.016218018510482,-27.36832483452706,-28.521641054353914,-29.50528909407321,-30.344199176869235,-31.05966458680997,-31.669849090106286,-32.19024377737652,-32.63404468908391,-33.01251028976668,-33.335250680588445,-33.61046654853043,-33.84515404792241,-34.04528056882213,-34.215935380439774,-34.3614585418802,-34.48555106234233,-34.59136894569036,-34.6816034294057,-34.75854942300552,-34.824163324280306,-34.880111392137366,-34.927815940730596,-34.96849072123628,-35.00317121639767,-35.032740619025134,-35.0579521068716,-35.07944791780871,-35.0977756606581,-35.11340224543065,-35.12672577083606,-35.13808566387964,-35.1477713264909,-35.156029508213834,-35.1630705923846,-35.16907395584451,-35.17419253871929,-35.17855674069129,-35.18227774303075,-35.185450341022,-35.18815535894339,-35.1904617091255,-35.192428147543666,-35.19410477066986,-35.195534291717316,-35.1967531287912,-35.19779233266674,-35.19867837783063,-35.19943383693831,-35.20007795586879,-35.20062714402792,-35.2010953923899,-35.20149462992779,-35.201835027512935,-35.20212525702537,-35.202372712276436,-35.20258369737151,-35.202763587311836,-35.202916964926565,-35.20304773762382,-35.20315923693471,-35.20325430338653,-35.20333535886743,-35.203404468325715,-35.203463392375866,-35.203513632151605,-35.203556467548395
70,0,-6.83170694631205,-12.281069651191526,-15.158909705866781,-17.936875514088605,-20.42048344194209,-22.578515882192175,-24.431874280564685,-26.016218018510482,-27.36832483452706,-28.521641054353914,-29.50528909407321,-30.344199176869235,-31.05966458680997,-31.669849090106286,-32.19024377737652,-32.63404468908391,-33.01251028976668,-33.335250680588445,-33.61046654853043,-33.84515404792241,-34.04528056882213,-34.215935380439774,-34.3614585418802,-34.48555106234233,-34.59136894569036,-34.6816034294057,-34.75854942300552,-34.824163324280306,-34.880111392137366,-34.927815940730596,-34.96849072123628,-35.00317121639767,-35.032740619025134,-35.0579521068716,-35.07944791780871,-35.0977756606581,-35.11340224543065,-35.12672577083606,-35.13808566387964,-35.1477713264909,-35.156029508213834,-35.1630705923846,-35.16907395584451,-35.17419253871929,-35.17855674069129,-35.18227774303075,-35.185450341022,-35.18815535894339,-35.1904617091255,-35.192428147543666,-35.19410477066986,-35.195534291717316,-35.1967531287912,-35.19779233266674,-35.19867837783063,-35.19943383693831,-35.20007795586879,-35.20062714402792,-35.2010953923899,-35.20149462992779,-35.201835027512935,-35.20212525702537,-35.202372712276436,-35.20258369737151,-35.202763587311836,-35.202916964926565,-35.20304773762382,-35.20315923693471,-35.20325430338653,-35.20333535886743,-35.203404468325715,-35.203463392375866,-35.203513632151605,-35.203556467548395
71,0,-6.8794863160637405,-12.281069651191526,-15.158909705866781,-17.936875514088605,-20.42048344194209,-22.578515882192175,-24.431874280564685,-26.016218018510482,-27.36832483452706,-28.521641054353914,-29.50528909407321,-30.344199176869235,-31.05966458680997,-31.669849090106286,-32.19024377737652,-32.63404468908391,-33.01251028976668,-33.335250680588445,-33.61046654853043,-33.84515404792241,-34.04528056882213,-34.215935380439774,-34.3614585418802,-34.48555106234233,-34.59136894569036,-34.6816034294057,-34.75854942300552,-34.824163324280306,-34.880111392137366,-34.927815940730596,-34.96849072123628,-35.00317121639767,-35.032740619025134,-35.0579521068716,-35.07944791780871,-35.0977756606581,-35.11340224543065,-35.12672577083606,-35.13808566387964,-35.1477713264909,-35.156029508213834,-35.1630705923846,-35.16907395584451,-35.17419253871929,-35.17855674069129,-35.18227774303075,-35.185450341022,-35.18815535894339,-35.1904617091255,-35.192428147543666,-35.19410477066986,-35.195534291717316,-35.1967531287912,-35.19779233266674,-35.19867837783063,-35.19943383693831,-35.20007795586879,-35.20062714402792,-35.2010953923899,-35.20149462992779,-35.201835027512935,-35.20212525702537,-35.202372712276436,-35.20258369737151,-35.202763587311836,-35.202916964926565,-35.20304773762382,-35.20315923693471,-35.20325430338653,-35.20333535886743,-35.203404468325715,-35.203463392375866,-35.203513632151605,-35.203556467548395
72,0,-6.927646559169564,-12.281069651191526,-15.158909705866781,-17.936875514088605,-20.42048344194209,-22.578515882192175,-24.431874280564685,-26.016218018510482,-27.36832483452706,-28.521641054353914,-29.50528909407321,-30.344199176869235,-31.05966458680997,-31.669849090106286,-32.19024377737652,-32.63404468908391,-33.01251028976668,-33.335250680588445,-33.61046654853043,-33.84515404792241,-34.04528056882213,-34.215935380439774,-34.3614585418802,-34.48555106234233,-34.59136894569036,-34.6816034294057,-34.75854942300552,-34.824163324280306,-34.880111392137366,-34.927815940730596,-34.96849072123628,-35.00317121639767,-35.032740619025134,-35.0579521068716,-35.07944791780871,-35.0977756606581,-35.11340224543065,-35.12672577083606,-35.13808566387964,-35.1477713264909,-35.156029508213834,-35.1630705923846,-35.16907395584451,-35.17419253871929,-35.17855674069129,-35.18227774303075,-35.185450341022,-35.18815535894339,-35.1904617091255,-35.192428147543666,-35.19410477066986,-35.195534291717316,-35.1967531287912,-35.19779233266674,-35.19867837783063,-35.19943383693831,-35.20007795586879,-35.20062714402792,-35.2010953923899,-35.20149462992779,-35.201835027512935,-35.20212525702537,-35.202372712276436,-35.20258369737151,-35.202763587311836,-35.202916964926565,-35.20304773762382,-35.20315923693471,-35.20325430338653,-35.20333535886743,-35.203404468325715,-35.203463392375866,-35.203513632151605,-35.203556467548395
73,0,-6.976252578849157,-12.281069651191526,-15.158909705866781,-17.936875514088605,-20.42048344194209,-22.578515882192175,-24.431874280564685,-26.016218018510482,-27.36832483452706,-28.521641054353914,-29.50528909407321,-30.344199176869235,-31.05966458680997,-31.669849090106286,-32.19024377737652,-32.63404468908391,-33.01251028976668,-33.335250680588445,-33.61046654853043,-33.84515404792241,-34.04528056882213,-34.215935380439774,-34.3614585418802,-34.48555106234233,-34.59136894569036,-34.6816034294057,-34.75854942300552,-34.824163324280306,-34.880111392137366,-34.927815940730596,-34.96849072123628,-35.00317121639767,-35.032740619025134,-35.0579521068716,-35.07944791780871,-35.0977756606581,-35.11340224543065,-35.12672577083606,-35.13808566387964,-35.1477713264909,-35.156029508213834,-35.1630705923846,-35.16907395584451,-35.17419253871929,-35.17855674069129,-35.18227774303075,-35.185450341022,-35.18815535894339,-35.1904617091255,-35.192428147543666,-35.19410477066986,-35.195534291717316,-35.1967531287912,-35.19779233266674,-35.19867837783063,-35.19943383693831,-35.20007795586879,-35.20062714402792,-35.2010953923899,-35.20149462992779,-35.201835027512935,-35.20212525702537,-35.202372712276436,-35.20258369737151,-35.202763587311836,-35.202916964926565,-35.20304773762382,-35.20315923693471,-35.20325430338653,-35.20333535886743,-35.203404468325715,-35.203463392375866,-35.203513632151605,-35.203556467548395
74,0,-7.025375353022852,-12.281069651191526,-15.158909705866781,-17.936875514088605,-20.42048344194209,-22.578515882192175,-24.431874280564685,-26.016218018510482,-27.36832483452706,-28.521641054353914,-29.50528909407321,-30.344199176869235,-31.05966458680997,-31.669849090106286,-32.19024377737652,-32.63404468908391,-33.01251028976668,-33.335250680588445,-33.61046654853043,-33.84515404792241,-34.04528056882213,-34.215935380439774,-34.3614585418802,-34.48555106234233,-34.59136894569036,-34.6816034294057,-34.75854942300552,-34.824163324280306,-34.880111392137366,-34.927815940730596,-34.96849072123628,-35.00317121639767,-35.032740619025134,-35.0579521068716,-35.07944791780871,-35.0977756606581,-35.11340224543065,-35.12672577083606,-35.13808566387964,-35.1477713264909,-35.156029508213834,-35.1630705923846,-35.16907395584451,-35.17419253871929,-35.17855674069129,-35.18227774303075,-35.185450341022,-35.18815535894339,-35.1904617091255,-35.192428147543666,-35.19410477066986,-35.195534291717316,-35.1967531287912,-35.19779233266674,-35.19867837783063,-35.19943383693831,-35.20007795586879,-35.20062714402792,-35.2010953923899,-35.20149462992779,-35.201835027512935,-35.20212525702537,-35.202372712276436,-35.20258369737151,-35.202763587311836,-35.202916964926565,-35.20304773762382,-35.20315923693471,-35.20325430338653,-35.20333535886743,-35.203404468325715,-35.203463392375866,-35.203513632151605,-35.203556467548395
75,0,-7.075092963198498,-12.281069651191526,-15.158909705866781,-17.936875514088605,-20.42048344194209,-22.578515882192175,-24.431874280564685,-26.016218018510482,-27.36832483452706,-28.521641054353914,-29.50528909407321,-30.344199176869235,-31.05966458680997,-31.669849090106286,-32.19024377737652,-32.63404468908391,-33.01251028976668,-33.335250680588445,-33.61046654853043,-33.84515404792241,-34.04528056882213,-34.215935380439774,-34.3614585418802,-34.48555106234233,-34.59136894569036,-34.6816034294057,-34.75854942300552,-34.824163324280306,-34.880111392137366,-34.927815940730596,-34.96849072123628,-35.00317121639767,-35.032740619025134,-35.0579521068716,-35.07944791780871,-35.0977756606581,-35.11340224543065,-35.12672577083606,-35.13808566387964,-35.1477713264909,-35.156029508213834,-35.1630705923846,-35.16907395584451,-35.17419253871929,-35.17855674069129,-35.18227774303075,-35.185450341022,-35.18815535894339,-35.1904617091255,-35.192428147543666,-35.19410477066986,-35.195534291717316,-35.1967531287912,-35.19779233266674,-35.19867837783063,-35.19943383693831,-35.20007795586879,-35.20062714402792,-35.2010953923899,-35.20149462992779,-35.201835027512935,-35.20212525702537,-35.202372712276436,-35.20258369737151,-35.202763587311836,-35.202916964926565,-35.20304773762382,-35.20315923693471,-35.20325430338653,-35.20333535886743,-35.203404468325715,-35.203463392375866,-35.203513632151605,-35.203556467548395
76,0,-7.125491827016236,-12.281069651191526,-15.158909705866781,-17.936875514088605,-20.42048344194209,-22.578515882192175,-24.431874280564685,-26.016218018510482,-27.36832483452706,-28.521641054353914,-29.50528909407321,-30.344199176869235,-31.05966458680997,-31.669849090106286,-32.19024377737652,-32.63404468908391,-33.01251028976668,-33.335250680588445,-33.61046654853043,-33.84515404792241,-34.04528056882213,-34.215935380439774,-34.3614585418802,-34.48555106234233,-34.59136894569036,-34.6816034294057,-34.75854942300552,-34.824163324280306,-34.880111392137366,-34.927815940730596,-34.96849072123628,-35.00317121639767,-35.032740619025134,-35.0579521068716,-35.07944791780871,-35.0977756606581,-35.11340224543065,-35.12672577083606,-35.13808566387964,-35.1477713264909,-35.156029508213834,-35.1630705923846,-35.16907395584451,-35.17419253871929,-35.17855674069129,-35.18227774303075,-35.185450341022,-35.18815535894339,-35.1904617091255,-35.192428147543666,-35.19410477066986,-35.195534291717316,-35.1967531287912,-35.19779233266674,-35.19867837783063,-35.19943383693831,-35.20007795586879,-35.20062714402792,-35.2010953923899,-35.20149462992779,-35.201835027512935,-35.20212525702537,-35.202372712276436,-35.20258369737151,-35.202763587311836,-35.202916964926565,-35.20304773762382,-35.20315923693471,-35.20325430338653,-35.20333535886743,-35.203404468325715,-35.203463392375866,-35.203513632151605,-35.203556467548395
77,0,-7.1766681860301675,-12.281069651191526,-15.158909705866781,-17.936875514088605,-20.42048344194209,-22.578515882192175,-24.431874280564685,-26.016218018510482,-27.36832483452706,-28.521641054353914,-29.50528909407321,-30.344199176869235,-31.05966458680997,-31.669849090106286,-32.19024377737652,-32.63404468908391,-33.01251028976668,-33.335250680588445,-33.61046654853043,-33.84515404792241,-34.04528056882213,-34.215935380439774,-34.3614585418802,-34.48555106234233,-34.59136894569036,-34.6816034294057,-34.75854942300552,-34.824163324280306,-34.880111392137366,-34.927815940730596,-34.96849072123628,-35.00317121639767,-35.032740619025134,-35.0579521068716,-35.07944791780871,-35.0977756606581,-35.11340224543065,-35.12672577083606,-35.13808566387964,-35.1477713264909,-35.156029508213834,-35.1630705923846,-35.16907395584451,-35.17419253871929,-35.17855674069129,-35.18227774303075,-35.185450341022,-35.18815535894339,-35.1904617091255,-35.192428147543666,-35.19410477066986,-35.195534291717316,-35.1967531287912,-35.19779233266674,-35.19867837783063,-35.19943383693831,-35.20007795586879,-35.20062714402792,-35.2010953923899,-35.20149462992779,-35.201835027512935,-35.20212525702537,-35.202372712276436,-35.20258369737151,-35.202763587311836,-35.202916964926565,-35.20304773762382,-35.20315923693471,-35.20325430338653,-35.20333535886743,-35.203404468325715,-35.203463392375866,-35.203513632151605,-35.203556467548395
78,0,-7.2287299159682075,-12.281069651191526,-15.158909705866781,-17.936875514088605,-20.42048344194209,-22.578515882192175,-24.431874280564685,-26.016218018510482,-27.36832483452706,-28.521641054353914,-29.50528909407321,-30.344199176869235,-31.05966458680997,-31.669849090106286,-32.19024377737652,-32.63404468908391,-33.01251028976668,-33.335250680588445,-33.61046654853043,-33.84515404792241,-34.04528056882213,-34.215935380439774,-34.3614585418802,-34.48555106234233,-34.59136894569036,-34.6816034294057,-34.75854942300552,-34.824163324280306,-34.880111392137366,-34.927815940730596,-34.96849072123628,-35.00317121639767,-35.032740619025134,-35.0579521068716,-35.07944791780871,-35.0977756606581,-35.11340224543065,-35.12672577083606,-35.13808566387964,-35.1477713264909,-35.156029508213834,-35.1630705923846,-35.16907395584451,-35.17419253871929,-35.17855674069129,-35.18227774303075,-35.185450341022,-35.18815535894339,-35.1904617091255,-35.192428147543666,-35.19410477066986,-35.195534291717316,-35.1967531287912,-35.19779233266674,-35.19867837783063,-35.19943383693831,-35.20007795586879,-35.20062714402792,-35.2010953923899,-35.20149462992779,-35.201835027512935,-35.20212525702537,-35.202372712276436,-35.20258369737151,-35.202763587311836,-35.202916964926565,-35.20304773762382,-35.20315923693471,-35.20325430338653,-35.20333535886743,-35.203404468325715,-35.203463392375866,-35.203513632151605,-35.203556467548395
79,0,-7.281798748044999,-12.281069651191526,-15.158909705866781,-17.936875514088605,-20.42048344194209,-22.578515882192175,-24.431874280564685,-26.016218018510482,-27.36832483452706,-28.521641054353914,-29.50528909407321,-30.344199176869235,-31.05966458680997,-31.669849090106286,-32.19024377737652,-32.63404468908391,-33.01251028976668,-33.335250680588445,-33.61046654853043,-33.84515404792241,-34.04528056882213,-34.215935380439774,-34.3614585418802,-34.48555106234233,-34.59136894569036,-34.6816034294057,-34.75854942300552,-34.824163324280306,-34.880111392137366,-34.927815940730596,-34.96849072123628,-35.00317121639767,-35.032740619025134,-35.0579521068716,-35.07944791780871,-35.0977756606581,-35.11340224543065,-35.12672577083606,-35.13808566387964,-35.1477713264909,-35.156029508213834,-35.1630705923846,-35.16907395584451,-35.17419253871929,-35.17855674069129,-35.18227774303075,-35.185450341022,-35.18815535894339,-35.1904617091255,-35.192428147543666,-35.19410477066986,-35.195534291717316,-35.1967531287912,-35.19779233266674,-35.19867837783063,-35.19943383693831,-35.20007795586879,-35.20062714402792,-35.2010953923899,-35.20149462992779,-35.201835027512935,-35.20212525702537,-35.202372712276436,-35.20258369737151,-35.202763587311836,-35.202916964926565,-35.20304773762382,-35.20315923693471,-35.20325430338653,-35.20333535886743,-35.203404468325715,-35.203463392375866,-35.203513632151605,-35.203556467548395
80,0,-7.3360130193142465,-12.281069651191526,-15.158909705866781,-17.936875514088605,-20.42048344194209,-22.578515882192175,-24.431874280564685,-26.016218018510482,-27.36832483452706,-28.521641054353914,-29.50528909407321,-30.344199176869235,-31.05966458680997,-31.669849090106286,-32.19024377737652,-32.63404468908391,-33.01251028976668,-33.335250680588445,-33.61046654853043,-33.84515404792241,-34.04528056882213,-34.215935380439774,-34.3614585418802,-34.48555106234233,-34.59136894569036,-34.6816034294057,-34.75854942300552,-34.824163324280306,-34.880111392137366,-34.927815940730596,-34.96849072123628,-35.00317121639767,-35.032740619025134,-35.0579521068716,-35.07944791780871,-35.0977756606581,-35.11340224543065,-35.12672577083606,-35.13808566387964,-35.1477713264909,-35.156029508213834,-35.1630705923846,-35.16907395584451,-35.17419253871929,-35.17855674069129,-35.18227774303075,-35.185450341022,-35.18815535894339,-35.1904617091255,-35.192428147543666,-35.19410477066986,-35.195534291717316,-35.1967531287912,-35.19779233266674,-35.19867837783063,-35.19943383693831,-35.20007795586879,-35.20062714402792,-35.2010953923899,-35.20149462992779,-35.201835027512935,-35.20212525702537,-35.202372712276436,-35.20258369737151,-35.202763587311836,-35.202916964926565,-35.20304773762382,-35.20315923693471,-35.20325430338653,-35.20333535886743,-35.203404468325715,-35.203463392375866,-35.203513632151605,-35.203556467548395
81,0,-7.391531111131101,-12.281069651191526,-15.158909705866781,-17.936875514088605,-20.42048344194209,-22.578515882192175,-24.431874280564685,-26.016218018510482,-27.36832483452706,-28.521641054353914,-29.50528909407321,-30.344199176869235,-31.05966458680997,-31.669849090106286,-32.19024377737652,-32.63404468908391,-33.01251028976668,-33.335250680588445,-33.61046654853043,-33.84515404792241,-34.04528056882213,-34.215935380439774,-34.3614585418802,-34.48555106234233,-34.59136894569036,-34.6816034294057,-34.75854942300552,-34.824163324280306,-34.880111392137366,-34.927815940730596,-34.96849072123628,-35.00317121639767,-35.032740619025134,-35.0579521068716,-35.07944791780871,-35.0977756606581,-35.11340224543065,-35.12672577083606,-35.13808566387964,-35.1477713264909,-35.156029508213834,-35.1630705923846,-35.16907395584451,-35.17419253871929,-35.17855674069129,-35.18227774303075,-35.185450341022,-35.18815535894339,-35.1904617091255,-35.192428147543666,-35.19410477066986,-35.195534291717316,-35.1967531287912,-35.19779233266674,-35.19867837783063,-35.19943383693831,-35.20007795586879,-35.20062714402792,-35.2010953923899,-35.20149462992779,-35.201835027512935,-35.20212525702537,-35.202372712276436,-35.20258369737151,-35.202763587311836,-35.202916964926565,-35.20304773762382,-35.20315923693471,-35.20325430338653,-35.20333535886743,-35.203404468325715,-35.203463392375866,-35.203513632151605,-35.203556467548395
82,0,-7.448535793011708,-12.281069651191526,-15.158909705866781,-17.936875514088605,-20.42048344194209,-22.578515882192175,-24.431874280564685,-26.016218018510482,-27.36832483452706,-28.521641054353914,-29.50528909407321,-30.344199176869235,-31.05966458680997,-31.669849090106286,-32.19024377737652,-32.63404468908391,-33.01251028976668,-33.335250680588445,-33.61046654853043,-33.84515404792241,-34.04528056882213,-34.215935380439774,-34.3614585418802,-34.48555106234233,-34.59136894569036,-34.6816034294057,-34.75854942300552,-34.824163324280306,-34.880111392137366,-34.927815940730596,-34.96849072123628,-35.00317121639767,-35.032740619025134,-35.0579521068716,-35.07944791780871,-35.0977756606581,-35.11340224543065,-35.12672577083606,-35.13808566387964,-35.1477713264909,-35.156029508213834,-35.1630705923846,-35.16907395584451,-35.17419253871929,-35.17855674069129,-35.18227774303075,-35.185450341022,-35.18815535894339,-35.1904617091255,-35.192428147543666,-35.19410477066986,-35.195534291717316,-35.1967531287912,-35.19779233266674,-35.19867837783063,-35.19943383693831,-35.20007795586879,-35.20062714402792,-35.2010953923899,-35.20149462992779,-35.201835027512935,-35.20212525702537,-35.202372712276436,-35.20258369737151,-35.202763587311836,-35.202916964926565,-35.20304773762382,-35.20315923693471,-35.20325430338653,-35.20333535886743,-35.203404468325715,-35.203463392375866,-35.203513632151605,-35.203556467548395
83,0,-7.507239772964452,-12.281069651191526,-15.158909705866781,-17.936875514088605,-20.42048344194209,-22.578515882192175,-24.431874280564685,-26.016218018510482,-27.36832483452706,-28.521641054353914,-29.50528909407321,-30.344199176869235,-31.05966458680997,-31.669849090106286,-32.19024377737652,-32.63404468908391,-33.01251028976668,-33.335250680588445,-33.61046654853043,-33.84515404792241,-34.04528056882213,-34.215935380439774,-34.3614585418802,-34.48555106234233,-34.59136894569036,-34.6816034294057,-34.75854942300552,-34.824163324280306,-34.880111392137366,-34.927815940730596,-34.96849072123628,-35.00317121639767,-35.032740619025134,-35.0579521068716,-35.07944791780871,-35.0977756606581,-35.11340224543065,-35.12672577083606,-35.13808566387964,-35.1477713264909,-35.156029508213834,-35.1630705923846,-35.16907395584451,-35.17419253871929,-35.17855674069129,-35.18227774303075,-35.185450341022,-35.18815535894339,-35.1904617091255,-35.192428147543666,-35.19410477066986,-35.195534291717316,-35.1967531287912,-35.19779233266674,-35.19867837783063,-35.19943383693831,-35.20007795586879,-35.20062714402792,-35.2010953923899,-35.20149462992779,-35.201835027512935,-35.20212525702537,-35.202372712276436,-35.20258369737151,-35.202763587311836,-35.202916964926565,-35.20304773762382,-35.20315923693471,-35.20325430338653,-35.20333535886743,-35.203404468325715,-35.203463392375866,-35.203513632151605,-35.203556467548395
84,0,-7.567892878034531,-12.281069651191526,-15.158909705866781,-17.936875514088605,-20.42048344194209,-22.578515882192175,-24.431874280564685,-26.016218018510482,-27.36832483452706,-28.521641054353914,-29.50528909407321,-30.344199176869235,-31.05966458680997,-31.669849090106286,-32.19024377737652,-32.63404468908391,-33.01251028976668,-33.335250680588445,-33.61046654853043,-33.84515404792241,-34.04528056882213,-34.215935380439774,-34.3614585418802,-34.48555106234233,-34.59136894569036,-34.6816034294057,-34.75854942300552,-34.824163324280306,-34.880111392137366,-34.927815940730596,-34.96849072123628,-35.00317121639767,-35.032740619025134,-35.0579521068716,-35.07944791780871,-35.0977756606581,-35.11340224543065,-35.12672577083606,-35.13808566387964,-35.1477713264909,-35.156029508213834,-35.1630705923846,-35.16907395584451,-35.17419253871929,-35.17855674069129,-35.18227774303075,-35.185450341022,-35.18815535894339,-35.1904617091255,-35.192428147543666,-35.19410477066986,-35.195534291717316,-35.1967531287912,-35.19779233266674,-35.19867837783063,-35.19943383693831,-35.20007795586879,-35.20062714402792,-35.2010953923899,-35.20149462992779,-35.201835027512935,-35.20212525702537,-35.202372712276436,-35.20258369737151,-35.202763587311836,-35.202916964926565,-35.20304773762382,-35.20315923693471,-35.20325430338653,-35.20333535886743,-35.203404468325715,-35.203463392375866,-35.203513632151605,-35.203556467548395
85,0,-7.630791471793996,-12.281069651191526,-15.158909705866781,-17.936875514088605,-20.42048344194209,-22.578515882192175,-24.431874280564685,-26.016218018510482,-27.36832483452706,-28.521641054353914,-29.50528909407321,-30.344199176869235,-31.05966458680997,-31.669849090106286,-32.19024377737652,-32.63404468908391,-33.01251028976668,-33.335250680588445,-33.61046654853043,-33.84515404792241,-34.04528056882213,-34.215935380439774,-34.3614585418802,-34.48555106234233,-34.59136894569036,-34.6816034294057,-34.75854942300552,-34.824163324280306,-34.880111392137366,-34.927815940730596,-34.96849072123628,-35.00317121639767,-35.032740619025134,-35.0579521068716,-35.07944791780871,-35.0977756606581,-35.11340224543065,-35.12672577083606,-35.13808566387964,-35.1477713264909,-35.156029508213834,-35.1630705923846,-35.16907395584451,-35.17419253871929,-35.17855674069129,-35.18227774303075,-35.185450341022,-35.18815535894339,-35.1904617091255,-35.192428147543666,-35.19410477066986,-35.195534291717316,-35.1967531287912,-35.19779233266674,-35.19867837783063,-35.19943383693831,-35.20007795586879,-35.20062714402792,-35.2010953923899,-35.20149462992779,-35.201835027512935,-35.20212525702537,-35.202372712276436,-35.20258369737151,-35.202763587311836,-35.202916964926565,-35.20304773762382,-35.20315923693471,-35.20325430338653,-35.20333535886743,-35.203404468325715,-35.203463392375866,-35.203513632151605,-35.203556467548395
86,0,-7.696290994209944,-12.281069651191526,-15.158909705866781,-17.936875514088605,-20.42048344194209,-22.578515882192175,-24.431874280564685,-26.016218018510482,-27.36832483452706,-28.521641054353914,-29.50528909407321,-30.344199176869235,-31.05966458680997,-31.669849090106286,-32.19024377737652,-32.63404468908391,-33.01251028976668,-33.335250680588445,-33.61046654853043,-33.84515404792241,-34.04528056882213,-34.215935380439774,-34.3614585418802,-34.48555106234233,-34.59136894569036,-34.6816034294057,-34.75854942300552,-34.824163324280306,-34.880111392137366,-34.927815940730596,-34.96849072123628,-35.00317121639767,-35.032740619025134,-35.0579521068716,-35.07944791780871,-35.0977756606581,-35.11340224543065,-35.12672577083606,-35.13808566387964,-35.1477713264909,-35.156029508213834,-35.1630705923846,-35.16907395584451,-35.17419253871929,-35.17855674069129,-35.18227774303075,-35.185450341022,-35.18815535894339,-35.1904617091255,-35.192428147543666,-35.19410477066986,-35.195534291717316,-35.1967531287912,-35.19779233266674,-35.19867837783063,-35.19943383693831,-35.20007795586879,-35.20062714402792,-35.2010953923899,-35.20149462992779,-35.201835027512935,-35.20212525702537,-35.202372712276436,-35.20258369737151,-35.202763587311836,-35.202916964926565,-35.20304773762382,-35.20315923693471,-35.20325430338653,-35.20333535886743,-35.203404468325715,-35.203463392375866,-35.203513632151605,-35.203556467548395
87,0,-7.764822943691284,-12.281069651191526,-15.158909705866781,-17.936875514088605,-20.42048344194209,-22.578515882192175,-24.431874280564685,-26.016218018510482,-27.36832483452706,-28.521641054353914,-29.50528909407321,-30.344199176869235,-31.05966458680997,-31.669849090106286,-32.19024377737652,-32.63404468908391,-33.01251028976668,-33.335250680588445,-33.61046654853043,-33.84515404792241,-34.04528056882213,-34.215935380439774,-34.3614585418802,-34.48555106234233,-34.59136894569036,-34.6816034294057,-34.75854942300552,-34.824163324280306,-34.880111392137366,-34.927815940730596,-34.96849072123628,-35.00317121639767,-35.032740619025134,-35.0579521068716,-35.07944791780871,-35.0977756606581,-35.11340224543065,-35.12672577083606,-35.13808566387964,-35.1477713264909,-35.156029508213834,-35.1630705923846,-35.16907395584451,-35.17419253871929,-35.17855674069129,-35.18227774303075,-35.185450341022,-35.18815535894339,-35.1904617091255,-35.192428147543666,-35.19410477066986,-35.195534291717316,-35.1967531287912,-35.19779233266674,-35.19867837783063,-35.19943383693831,-35.20007795586879,-35.20062714402792,-35.2010953923899,-35.20149462992779,-35.201835027512935,-35.20212525702537,-35.202372712276436,-35.20258369737151,-35.202763587311836,-35.202916964926565,-35.20304773762382,-35.20315923693471,-35.20325430338653,-35.20333535886743,-35.203404468325715,-35.203463392375866,-35.203513632151605,-35.203556467548395
88,0,-7.836918315762261,-12.281069651191526,-15.158909705866781,-17.936875514088605,-20.42048344194209,-22.578515882192175,-24.431874280564685,-26.016218018510482,-27.36832483452706,-28.521641054353914,-29.50528909407321,-30.344199176869235,-31.05966458680997,-31.669849090106286,-32.19024377737652,-32.63404468908391,-33.01251028976668,-33.335250680588445,-33.61046654853043,-33.84515404792241,-34.04528056882213,-34.215935380439774,-34.3614585418802,-34.48555106234233,-34.59136894569036,-34.6816034294057,-34.75854942300552,-34.824163324280306,-34.880111392137366,-34.927815940730596,-34.96849072123628,-35.00317121639767,-35.032740619025134,-35.0579521068716,-35.07944791780871,-35.0977756606581,-35.11340224543065,-35.12672577083606,-35.13808566387964,-35.1477713264909,-35.156029508213834,-35.1630705923846,-35.16907395584451,-35.17419253871929,-35.17855674069129,-35.18227774303075,-35.185450341022,-35.18815535894339,-35.1904617091255,-35.192428147543666,-35.19410477066986,-35.195534291717316,-35.1967531287912,-35.19779233266674,-35.19867837783063,-35.19943383693831,-35.20007795586879,-35.20062714402792,-35.2010953923899,-35.20149462992779,-35.201835027512935,-35.20212525702537,-35.202372712276436,-35.20258369737151,-35.202763587311836,-35.202916964926565,-35.20304773762382,-35.20315923693471,-35.20325430338653,-35.20333535886743,-35.203404468325715,-35.203463392375866,-35.203513632151605,-35.203556467548395
89,0,-7.9132406563899105,-12.281069651191526,-15.158909705866781,-17.936875514088605,-20.42048344194209,-22.578515882192175,-24.431874280564685,-26.016218018510482,-27.36832483452706,-28.521641054353914,-29.50528909407321,-30.344199176869235,-31.05966458680997,-31.669849090106286,-32.19024377737652,-32.63404468908391,-33.01251028976668,-33.335250680588445,-33.61046654853043,-33.84515404792241,-34.04528056882213,-34.215935380439774,-34.3614585418802,-34.48555106234233,-34.59136894569036,-34.6816034294057,-34.75854942300552,-34.824163324280306,-34.880111392137366,-34.927815940730596,-34.96849072123628,-35.00317121639767,-35.032740619025134,-35.0579521068716,-35.07944791780871,-35.0977756606581,-35.11340224543065,-35.12672577083606,-35.13808566387964,-35.1477713264909,-35.156029508213834,-35.1630705923846,-35.16907395584451,-35.17419253871929,-35.17855674069129,-35.18227774303075,-35.185450341022,-35.18815535894339,-35.1904617091255,-35.192428147543666,-35.19410477066986,-35.195534291717316,-35.1967531287912,-35.19779233266674,-35.19867837783063,-35.19943383693831,-35.20007795586879,-35.20062714402792,-35.2010953923899,-35.20149462992779,-35.201835027512935,-35.20212525702537,-35.202372712276436,-35.20258369737151,-35.202763587311836,-35.202916964926565,-35.20304773762382,-35.20315923693471,-35.20325430338653,-35.20333535886743,-35.203404468325715,-35.203463392375866,-35.203513632151605,-35.203556467548395
90,0,-7.994633833589352,-12.281069651191526,-15.158909705866781,-17.936875514088605,-20.42048344194209,-22.578515882192175,-24.431874280564685,-26.016218018510482,-27.36832483452706,-28.521641054353914,-29.50528909407321,-30.344199176869235,-31.05966458680997,-31.669849090106286,-32.19024377737652,-32.63404468908391,-33.01251028976668,-33.335250680588445,-33.61046654853043,-33.84515404792241,-34.04528056882213,-34.215935380439774,-34.3614585418802,-34.48555106234233,-34.59136894569036,-34.6816034294057,-34.75854942300552,-34.824163324280306,-34.880111392137366,-34.927815940730596,-34.96849072123628,-35.00317121639767,-35.032740619025134,-35.0579521068716,-35.07944791780871,-35.0977756606581,-35.11340224543065,-35.12672577083606,-35.13808566387964,-35.1477713264909,-35.156029508213834,-35.1630705923846,-35.16907395584451,-35.17419253871929,-35.17855674069129,-35.18227774303075,-35.185450341022,-35.18815535894339,-35.1904617091255,-35.192428147543666,-35.19410477066986,-35.195534291717316,-35.1967531287912,-35.19779233266674,-35.19867837783063,-35.19943383693831,-35.20007795586879,-35.20062714402792,-35.2010953923899,-35.20149462992779,-35.201835027512935,-35.20212525702537,-35.202372712276436,-35.20258369737151,-35.202763587311836,-35.202916964926565,-35.20304773762382,-35.20315923693471,-35.20325430338653,-35.20333535886743,-35.203404468325715,-35.203463392375866,-35.203513632151605,-35.203556467548395
91,0,-8.082193068038372,-12.281069651191526,-15.158909705866781,-17.936875514088605,-20.42048344194209,-22.578515882192175,-24.431874280564685,-26.016218018510482,-27.36832483452706,-28.521641054353914,-29.50528909407321,-30.344199176869235,-31.05966458680997,-31.669849090106286,-32.19024377737652,-32.63404468908391,-33.01251028976668,-33.335250680588445,-33.61046654853043,-33.84515404792241,-34.04528056882213,-34.215935380439774,-34.3614585418802,-34.48555106234233,-34.59136894569036,-34.6816034294057,-34.75854942300552,-34.824163324280306,-34.880111392137366,-34.927815940730596,-34.96849072123628,-35.00317121639767,-35.032740619025134,-35.0579521068716,-35.07944791780871,-35.0977756606581,-35.11340224543065,-35.12672577083606,-35.13808566387964,-35.1477713264909,-35.156029508213834,-35.1630705923846,-35.16907395584451,-35.17419253871929,-35.17855674069129,-35.18227774303075,-35.185450341022,-35.18815535894339,-35.1904617091255,-35.192428147543666,-35.19410477066986,-35.195534291717316,-35.1967531287912,-35.19779233266674,-35.19867837783063,-35.19943383693831,-35.20007795586879,-35.20062714402792,-35.2010953923899,-35.20149462992779,-35.201835027512935,-35.20212525702537,-35.202372712276436,-35.20258369737151,-35.202763587311836,-35.202916964926565,-35.20304773762382,-35.20315923693471,-35.20325430338653,-35.20333535886743,-35.203404468325715,-35.203463392375866,-35.203513632151605,-35.203556467548395
92,0,-8.177374105803992,-12.281069651191526,-15.158909705866781,-17.936875514088605,-20.42048344194209,-22.578515882192175,-24.431874280564685,-26.016218018510482,-27.36832483452706,-28.521641054353914,-29.50528909407321,-30.344199176869235,-31.05966458680997,-31.669849090106286,-32.19024377737652,-32.63404468908391,-33.01251028976668,-33.335250680588445,-33.61046654853043,-33.84515404792241,-34.04528056882213,-34.215935380439774,-34.3614585418802,-34.48555106234233,-34.59136894569036,-34.6816034294057,-34.75854942300552,-34.824163324280306,-34.880111392137366,-34.927815940730596,-34.96849072123628,-35.00317121639767,-35.032740619025134,-35.0579521068716,-35.07944791780871,-35.0977756606581,-35.11340224543065,-35.12672577083606,-35.13808566387964,-35.1477713264909,-35.156029508213834,-35.1630705923846,-35.16907395584451,-35.17419253871929,-35.17855674069129,-35.18227774303075,-35.185450341022,-35.18815535894339,-35.1904617091255,-35.192428147543666,-35.19410477066986,-35.195534291717316,-35.1967531287912,-35.19779233266674,-35.19867837783063,-35.19943383693831,-35.20007795586879,-35.20062714402792,-35.2010953923899,-35.20149462992779,-35.201835027512935,-35.20212525702537,-35.202372712276436,-35.20258369737151,-35.202763587311836,-35.202916964926565,-35.20304773762382,-35.20315923693471,-35.20325430338653,-35.20333535886743,-35.203404468325715,-35.203463392375866,-35.203513632151605,-35.203556467548395
93,0,-8.282167732318577,-12.281069651191526,-15.158909705866781,-17.936875514088605,-20.42048344194209,-22.578515882192175,-24.431874280564685,-26.016218018510482,-27.36832483452706,-28.521641054353914,-29.50528909407321,-30.344199176869235,-31.05966458680997,-31.669849090106286,-32.19024377737652,-32.63404468908391,-33.01251028976668,-33.335250680588445,-33.61046654853043,-33.84515404792241,-34.04528056882213,-34.215935380439774,-34.3614585418802,-34.48555106234233,-34.59136894569036,-34.6816034294057,-34.75854942300552,-34.824163324280306,-34.880111392137366,-34.927815940730596,-34.96849072123628,-35.00317121639767,-35.032740619025134,-35.0579521068716,-35.07944791780871,-35.0977756606581,-35.11340224543065,-35.12672577083606,-35.13808566387964,-35.1477713264909,-35.156029508213834,-35.1630705923846,-35.16907395584451,-35.17419253871929,-35.17855674069129,-35.18227774303075,-35.185450341022,-35.18815535894339,-35.1904617091255,-35.192428147543666,-35.19410477066986,-35.195534291717316,-35.1967531287912,-35.19779233266674,-35.19867837783063,-35.19943383693831,-35.20007795586879,-35.20062714402792,-35.2010953923899,-35.20149462992779,-35.201835027512935,-35.20212525702537,-35.202372712276436,-35.20258369737151,-35.202763587311836,-35.202916964926565,-35.20304773762382,-35.20315923693471,-35.20325430338653,-35.20333535886743,-35.203404468325715,-35.203463392375866,-35.203513632151605,-35.203556467548395
94,0,-8.39939223889304,-12.281069651191526,-15.158909705866781,-17.936875514088605,-20.42048344194209,-22.578515882192175,-24.431874280564685,-26.016218018510482,-27.36832483452706,-28.521641054353914,-29.50528909407321,-30.344199176869235,-31.05966458680997,-31.669849090106286,-32.19024377737652,-32.63404468908391,-33.01251028976668,-33.335250680588445,-33.61046654853043,-33.84515404792241,-34.04528056882213,-34.215935380439774,-34.3614585418802,-34.48555106234233,-34.59136894569036,-34.6816034294057,-34.75854942300552,-34.824163324280306,-34.880111392137366,-34.927815940730596,-34.96849072123628,-35.00317121639767,-35.032740619025134,-35.0579521068716,-35.07944791780871,-35.0977756606581,-35.11340224543065,-35.12672577083606,-35.13808566387964,-35.1477713264909,-35.156029508213834,-35.1630705923846,-35.16907395584451,-35.17419253871929,-35.17855674069129,-35.18227774303075,-35.185450341022,-35.18815535894339,-35.1904617091255,-35.192428147543666,-35.19410477066986,-35.195534291717316,-35.1967531287912,-35.19779233266674,-35.19867837783063,-35.19943383693831,-35.20007795586879,-35.20062714402792,-35.2010953923899,-35.20149462992779,-35.201835027512935,-35.20212525702537,-35.202372712276436,-35.20258369737151,-35.202763587311836,-35.202916964926565,-35.20304773762382,-35.20315923693471,-35.20325430338653,-35.20333535886743,-35.203404468325715,-35.203463392375866,-35.203513632151605,-35.203556467548395
95,0,-8.533212885776265,-12.281069651191526,-15.158909705866781,-17.936875514088605,-20.42048344194209,-22.578515882192175,-24.431874280564685,-26.016218018510482,-27.36832483452706,-28.521641054353914,-29.50528909407321,-30.344199176869235,-31.05966458680997,-31.669849090106286,-32.19024377737652,-32.63404468908391,-33.01251028976668,-33.335250680588445,-33.61046654853043,-33.84515404792241,-34.04528056882213,-34.215935380439774,-34.3614585418802,-34.48555106234233,-34.59136894569036,-34.6816034294057,-34.75854942300552,-34.824163324280306,-34.880111392137366,-34.927815940730596,-34.96849072123628,-35.00317121639767,-35.032740619025134,-35.0579521068716,-35.07944791780871,-35.0977756606581,-35.11340224543065,-35.12672577083606,-35.13808566387964,-35.1477713264909,-35.156029508213834,-35.1630705923846,-35.16907395584451,-35.17419253871929,-35.17855674069129,-35.18227774303075,-35.185450341022,-35.18815535894339,-35.1904617091255,-35.192428147543666,-35.19410477066986,-35.195534291717316,-35.1967531287912,-35.19779233266674,-35.19867837783063,-35.19943383693831,-35.20007795586879,-35.20062714402792,-35.2010953923899,-35.20149462992779,-35.201835027512935,-35.20212525702537,-35.202372712276436,-35.20258369737151,-35.202763587311836,-35.202916964926565,-35.20304773762382,-35.20315923693471,-35.20325430338653,-35.20333535886743,-35.203404468325715,-35.203463392375866,-35.203513632151605,-35.203556467548395
96,0,-8.690134683412996,-12.281069651191526,-15.158909705866781,-17.936875514088605,-20.42048344194209,-22.578515882192175,-24.431874280564685,-26.016218018510482,-27.36832483452706,-28.521641054353914,-29.50528909407321,-30.344199176869235,-31.05966458680997,-31.669849090106286,-32.19024377737652,-32.63404468908391,-33.01251028976668,-33.335250680588445,-33.61046654853043,-33.84515404792241,-34.04528056882213,-34.215935380439774,-34.3614585418802,-34.48555106234233,-34.59136894569036,-34.6816034294057,-34.75854942300552,-34.824163324280306,-34.880111392137366,-34.927815940730596,-34.96849072123628,-35.00317121639767,-35.032740619025134,-35.0579521068716,-35.07944791780871,-35.0977756606581,-35.11340224543065,-35.12672577083606,-35.13808566387964,-35.1477713264909,-35.156029508213834,-35.1630705923846,-35.16907395584451,-35.17419253871929,-35.17855674069129,-35.18227774303075,-35.185450341022,-35.18815535894339,-35.1904617091255,-35.192428147543666,-35.19410477066986,-35.195534291717316,-35.1967531287912,-35.19779233266674,-35.19867837783063,-35.19943383693831,-35.20007795586879,-35.20062714402792,-35.2010953923899,-35.20149462992779,-35.201835027512935,-35.20212525702537,-35.202372712276436,-35.20258369737151,-35.202763587311836,-35.202916964926565,-35.20304773762382,-35.20315923693471,-35.20325430338653,-35.20333535886743,-35.203404468325715,-35.203463392375866,-35.203513632151605,-35.203556467548395
97,0,-8.881090030434803,-12.281069651191526,-15.158909705866781,-17.936875514088605,-20.42048344194209,-22.578515882192175,-24.431874280564685,-26.016218018510482,-27.36832483452706,-28.521641054353914,-29.50528909407321,-30.344199176869235,-31.05966458680997,-31.669849090106286,-32.19024377737652,-32.63404468908391,-33.01251028976668,-33.335250680588445,-33.61046654853043,-33.84515404792241,-34.04528056882213,-34.215935380439774,-34.3614585418802,-34.48555106234233,-34.59136894569036,-34.6816034294057,-34.75854942300552,-34.824163324280306,-34.880111392137366,-34.927815940730596,-34.96849072123628,-35.00317121639767,-35.032740619025134,-35.0579521068716,-35.07944791780871,-35.0977756606581,-35.11340224543065,-35.12672577083606,-35.13808566387964,-35.1477713264909,-35.156029508213834,-35.1630705923846,-35.16907395584451,-35.17419253871929,-35.17855674069129,-35.18227774303075,-35.185450341022,-35.18815535894339,-35.1904617091255,-35.192428147543666,-35.19410477066986,-35.195534291717316,-35.1967531287912,-35.19779233266674,-35.19867837783063,-35.19943383693831,-35.20007795586879,-35.20062714402792,-35.2010953923899,-35.20149462992779,-35.201835027512935,-35.20212525702537,-35.202372712276436,-35.20258369737151,-35.202763587311836,-35.202916964926565,-35.20304773762382,-35.20315923693471,-35.20325430338653,-35.20333535886743,-35.203404468325715,-35.203463392375866,-35.203513632151605,-35.203556467548395
98,0,-9.126440919690596,-12.281069651191526,-15.158909705866781,-17.936875514088605,-20.42048344194209,-22.578515882192175,-24.431874280564685,-26.016218018510482,-27.36832483452706,-28.521641054353914,-29.50528909407321,-30.344199176869235,-31.05966458680997,-31.669849090106286,-32.19024377737652,-32.63404468908391,-33.01251028976668,-33.335250680588445,-33.61046654853043,-33.84515404792241,-34.04528056882213,-34.215935380439774,-34.3614585418802,-34.48555106234233,-34.59136894569036,-34.6816034294057,-34.75854942300552,-34.824163324280306,-34.880111392137366,-34.927815940730596,-34.96849072123628,-35.00317121639767,-35.032740619025134,-35.0579521068716,-35.07944791780871,-35.0977756606581,-35.11340224543065,-35.12672577083606,-35.13808566387964,-35.1477713264909,-35.156029508213834,-35.1630705923846,-35.16907395584451,-35.17419253871929,-35.17855674069129,-35.18227774303075,-35.185450341022,-35.18815535894339,-35.1904617091255,-35.192428147543666,-35.19410477066986,-35.195534291717316,-35.1967531287912,-35.19779233266674,-35.19867837783063,-35.19943383693831,-35.20007795586879,-35.20062714402792,-35.2010953923899,-35.20149462992779,-35.201835027512935,-35.20212525702537,-35.202372712276436,-35.20258369737151,-35.202763587311836,-35.202916964926565,-35.20304773762382,-35.20315923693471,-35.20325430338653,-35.20333535886743,-35.203404468325715,-35.203463392375866,-35.203513632151605,-35.203556467548395
99,0,-9.470489843068208,-12.281069651191526,-15.158909705866781,-17.936875514088605,-20.42048344194209,-22.578515882192175,-24.431874280564685,-26.016218018510482,-27.36832483452706,-28.521641054353914,-29.50528909407321,-30.344199176869235,-31.05966458680997,-31.669849090106286,-32.19024377737652,-32.63404468908391,-33.01251028976668,-33.335250680588445,-33.61046654853043,-33.84515404792241,-34.04528056882213,-34.215935380439774,-34.3614585418802,-34.48555106234233,-34.59136894569036,-34.6816034294057,-34.75854942300552,-34.824163324280306,-34.880111392137366,-34.927815940730596,-34.96849072123628,-35.00317121639767,-35.032740619025134,-35.0579521068716,-35.07944791780871,-35.0977756606581,-35.11340224543065,-35.12672577083606,-35.13808566387964,-35.1477713264909,-35.156029508213834,-35.1630705923846,-35.16907395584451,-35.17419253871929,-35.17855674069129,-35.18227774303075,-35.185450341022,-35.18815535894339,-35.1904617091255,-35.192428147543666,-35.19410477066986,-35.195534291717316,-35.1967531287912,-35.19779233266674,-35.19867837783063,-35.19943383693831,-35.20007795586879,-35.20062714402792,-35.2010953923899,-35.20149462992779,-35.201835027512935,-35.20212525702537,-35.202372712276436,-35.20258369737151,-35.202763587311836,-35.202916964926565,-35.20304773762382,-35.20315923693471,-35.20325430338653,-35.20333535886743,-35.203404468325715,-35.203463392375866,-35.203513632151605,-35.203556467548395
100,0,-10.0,-12.281069651191526,-15.158909705866781,-17.936875514088605,-20.42048344194209,-22.578515882192175,-24.431874280564685,-26.016218018510482,-27.36832483452706,-28.521641054353914,-29.50528909407321,-30.344199176869235,-31.05966458680997,-31.669849090106286,-32.19024377737652,-32.63404468908391,-33.01251028976668,-33.335250680588445,-33.61046654853043,-33.84515404792241,-34.04528056882213,-34.215935380439774,-34.3614585418802,-34.48555106234233,-34.59136894569036,-34.6816034294057,-34.75854942300552,-34.824163324280306,-34.880111392137366,-34.927815940730596,-34.96849072123628,-35.00317121639767,-35.032740619025134,-35.0579521068716,-35.07944791780871,-35.0977756606581,-35.11340224543065,-35.12672577083606,-35.13808566387964,-35.1477713264909,-35.156029508213834,-35.1630705923846,-35.16907395584451,-35.17419253871929,-35.17855674069129,-35.18227774303075,-35.185450341022,-35.18815535894339,-35.1904617091255,-35.192428147543666,-35.19410477066986,-35.195534291717316,-35.1967531287912,-35.19779233266674,-35.19867837783063,-35.19943383693831,-35.20007795586879,-35.20062714402792,-35.2010953923899,-35.20149462992779,-35.201835027512935,-35.20212525702537,-35.202372712276436,-35.20258369737151,-35.202763587311836,-35.202916964926565,-35.20304773762382,-35.20315923693471,-35.20325430338653,-35.20333535886743,-35.203404468325715,-35.203463392375866,-35.203513632151605,-35.203556467548395
