,v^0,v^1,v^2,v^3,v^4,v^5,v^6,v^7,v^8,v^9,v^10,v^11,v^12,v^13,v^14,v^15,v^16,v^17,v^18,v^19,v^20,v^21,v^22,v^23,v^24,v^25,v^26,v^27,v^28,v^29,v^30,v^31,v^32,v^33,v^34,v^35,v^36,v^37,v^38,v^39,v^40,v^41,v^42,v^43,v^44,v^45,v^46,v^47,v^48,v^49,v^50,v^51,v^52,v^53,v^54,v^55,v^56,v^57,v^58,v^59,v^60,v^61,v^62,v^63,v^64,v^65,v^66,v^67,v^68,v^69,v^70,v^71,v^72,v^73,v^74,v^75,v^76,v^77,v^78,v^79,v^80,v^81,v^82,v^83,v^84,v^85,v^86,v^87,v^88,v^89,v^90,v^91,v^92,v^93,v^94,v^95,v^96,v^97,v^98,v^99
1,0,0.0,-0.7952342475096008,-1.7670786051542002,-2.7513770951650467,-3.6925451851160376,-4.570130202319196,-5.377723701851124,-6.115237644811959,-6.785558234577731,-7.39293309796363,-7.942143180974983,-8.43806423138215,-8.885434195510056,-9.288734011138045,-9.652132379980234,-9.979466981170324,-10.274246312735338,-10.539662898635372,-10.77861237502562,-10.993715197279968,-11.187339045748635,-11.361620818681924,-11.518487595024231,-11.6596762513059,-11.786751599708428,-11.901123023687921,-12.004059651145928,-12.09670414035086,-12.180085171477483,-12.255128743559197,-12.322668377127654,-12.383454319543988,-12.438161844696824,-12.487398732405087,-12.531712006164177,-12.571594001199728,-12.6074878283685,-12.639792293393036,-12.668866325293251,-12.695032962703209,-12.718582942029668,-12.739777927102617,-12.758853416060871,-12.776021357679262,-12.791472506147691,-12.805378540427329,-12.817893971706955,-12.829157860136926,-12.839295359904895,-12.848419109813774,-12.856630484808313,-12.864020722353182,-12.870671936175938,-12.876658028637474,-12.882045511866549,-12.88689424678162,-12.891258108210979,-12.895185583501165,-12.898720311264782,-12.901901566253631,-12.904764695744632,-12.907341512287205,-12.90966064717596,-12.911747868576123,-12.913626367836457,-12.915317017170878,-12.916838601571934,-12.918208027532934,-12.91944051089787,-12.920549745926333,-12.921548057451963,-12.922446537825039,-12.923255170160813,-12.923982939263015,-12.924637931454999,-12.925227424427787,-12.925757968103294,-12.926235457411256,-12.926665197788418,-12.927051964127866,-12.927400053833368,-12.927713334568322,-12.92799528722978,-12.92824904462509,-12.928477426280871,-12.928682969771074,-12.928867958912257,-12.929034449139321,-12.929184290343679,-12.9293191474276,-12.92944051880313,-12.929549753041107,-12.929648063855286,-12.929736543588048,-12.929816175347533,-12.92988784393107,-12.929952345656252,-12.930010397208918,-12.930062643606316
2,0,-0.3010299956639812,-1.1103598471916114,-2.0736591623169813,-3.0511247300526567,-3.9880456805227884,-4.863058123278946,-5.669080824626796,-6.405623737247943,-7.075337459940301,-7.682329726195031,-8.23129696622564,-8.727063073793445,-9.174333780265396,-9.57756981192714,-9.940927092655372,-10.268235175259061,-10.56299736571944,-10.828402858701327,-11.06734514944928,-11.282443313534896,-11.476064140457055,-11.650343952487868,-11.807209455754736,-11.948397285254806,-12.075472096576556,-12.189843171593072,-12.292779572277228,-12.385423914092625,-12.468804849414013,-12.543848359215291,-12.611387952293857,-12.67217386838521,-12.726881376421696,-12.776118253000552,-12.820431519522831,-12.86031350985257,-12.896207333961273,-12.928511796995888,-12.957585827602067,-12.983752464170504,-13.007302442949713,-13.028497427666778,-13.047572916393596,-13.064740857861475,-13.080192006232023,-13.094098040448007,-13.106613471686234,-13.117877360089286,-13.128014859839745,-13.137138609737239,-13.145349984724373,-13.152740222264425,-13.15939143608405,-13.165377528543548,-13.1707650117713,-13.17561374668551,-13.179977608114307,-13.183905083404131,-13.187439811167511,-13.190621066156206,-13.193484195647105,-13.196061012189613,-13.198380147078325,-13.200467368478463,-13.202345867738778,-13.204036517073186,-13.205558101474235,-13.206927527435232,-13.208160010800164,-13.209269245828622,-13.210267557354252,-13.211166037727327,-13.211974670063102,-13.212702439165302,-13.213357431357288,-13.213946924330074,-13.214477468005583,-13.214954957313543,-13.215384697690705,-13.215771464030151,-13.216119553735656,-13.21643283447061,-13.216714787132068,-13.216968544527377,-13.217196926183158,-13.217402469673361,-13.217587458814544,-13.217753949041608,-13.217903790245966,-13.21803864732989,-13.218160018705417,-13.218269252943394,-13.218367563757573,-13.218456043490335,-13.21853567524982,-13.218607343833357,-13.21867184555854,-13.218729897111205,-13.218782143508603
3,0,-0.47712125471966244,-1.3178026218458134,-2.28392243862106,-3.259854561798157,-4.1951471920832235,-5.06899202071028,-5.874244452290947,-6.610290920612115,-7.279686561993903,-7.886475076797842,-8.435311597673369,-8.930993674153779,-9.378210258412942,-9.78141137214575,-10.144746092470307,-10.472039581380658,-10.766792322287591,-11.032191691663614,-11.271130011515273,-11.486225599266088,-11.679844753922497,-11.854123480121999,-12.010988278135919,-12.152175649462771,-12.279250163071493,-12.393621044608942,-12.496557319537999,-12.589201579608146,-12.672582461787703,-12.747625937039563,-12.815165507655033,-12.875951409140805,-12.930658907680334,-12.979895778083806,-13.02420904059045,-13.064091028308907,-13.099984850719522,-13.13228931264987,-13.161363342537937,-13.187529978639379,-13.211079957114894,-13.232274941634456,-13.251350430232835,-13.268518371617187,-13.283969519933414,-13.297875554114071,-13.310390985329326,-13.321654873717435,-13.33179237345818,-13.340916123349352,-13.349127498332379,-13.356517735869758,-13.363168949687644,-13.369155042146014,-13.374542525373029,-13.379391260286761,-13.383755121715247,-13.387682597004869,-13.391217324768117,-13.394398579756727,-13.397261709247571,-13.399838525790043,-13.402157660678732,-13.404244882078853,-13.406123381339158,-13.40781403067356,-13.409335615074605,-13.410705041035598,-13.411937524400528,-13.413046759428987,-13.414045070954616,-13.414943551327692,-13.415752183663464,-13.416479952765666,-13.417134944957649,-13.417724437930437,-13.418254981605944,-13.418732470913906,-13.419162211291068,-13.419548977630514,-13.419897067336018,-13.420210348070972,-13.420492300732429,-13.42074605812774,-13.420974439783521,-13.421179983273724,-13.421364972414906,-13.42153146264197,-13.421681303846329,-13.42181616093025,-13.42193753230578,-13.422046766543756,-13.422145077357936,-13.422233557090697,-13.422313188850183,-13.42238485743372,-13.422449359158902,-13.422507410711567,-13.422559657108966
4,0,-0.6020599913279624,-1.476303216359223,-2.4500156088315115,-3.427160115200886,-4.3622711787403,-5.235734661956313,-6.040663606581496,-6.776476923035911,-7.445713798687199,-8.052396781284225,-8.601163945957634,-9.096800697470021,-9.543987746603007,-9.947169642772282,-10.310491868090418,-10.637777235709024,-10.932524698770901,-11.19792063825807,-11.436856729057617,-11.65195086807463,-11.845569081081818,-12.01984719518202,-12.176711595286065,-12.317898707925872,-12.444973053349125,-12.559343825535546,-12.662280029363735,-12.754924243201971,-12.838305095319292,-12.913348551022748,-12.980888108926326,-13.041674002145703,-13.096381495309613,-13.145618362217293,-13.189931622450583,-13.229813608690643,-13.265707430139825,-13.29801189144493,-13.327085920926384,-13.353252556763392,-13.37680253506694,-13.397997519474666,-13.417073008000312,-13.434240949337365,-13.449692097622831,-13.463598131783485,-13.476113562985729,-13.487377451365377,-13.497514951100618,-13.506638700988214,-13.514850075968912,-13.522240313504778,-13.52889152732168,-13.53487761977941,-13.540265103006009,-13.545113837919471,-13.549477699347781,-13.553405174637286,-13.556939902400462,-13.560121157389021,-13.562984286879834,-13.565561103422286,-13.567880238310961,-13.569967459711075,-13.571845958971373,-13.573536608305771,-13.575058192706814,-13.576427618667807,-13.577660102032736,-13.578769337061194,-13.579767648586822,-13.580666128959898,-13.58147476129567,-13.582202530397872,-13.582857522589855,-13.58344701556264,-13.58397755923815,-13.584455048546108,-13.584884788923274,-13.585271555262722,-13.585619644968222,-13.585932925703176,-13.586214878364634,-13.586468635759946,-13.586697017415727,-13.58690256090593,-13.587087550047112,-13.587254040274177,-13.587403881478535,-13.587538738562454,-13.587660109937985,-13.587769344175962,-13.587867654990141,-13.587956134722903,-13.588035766482388,-13.588107435065925,-13.588171936791108,-13.588229988343771,-13.58828223474117
5,0,-0.6989700043360189,-1.6056425649717017,-2.5891693184754025,-3.5691417496902753,-4.5049996149106795,-5.378603237855803,-6.183508121743348,-6.919265033209221,-7.588449954134656,-8.195093123303067,-8.743831910559875,-9.239449142636689,-9.686623026791098,-10.089796147422254,-10.453112566284062,-10.780394110645748,-11.075139064607596,-11.340533361243432,-11.57946837814939,-11.794561816030761,-11.988179571679725,-12.162457387639348,-12.31932159349134,-12.460508579616361,-12.58758284266635,-12.701953561232468,-12.804889730163332,-12.897533921292895,-12.980914758634752,-13.055958204725398,-13.123497756375414,-13.184283645526811,-13.2389911360446,-13.288228001231117,-13.332541260344907,-13.372423245856831,-13.408317066832433,-13.440621527829528,-13.469695557110658,-13.495862192817382,-13.519412171036194,-13.540607155388814,-13.55968264387862,-13.576850585192366,-13.592301733462675,-13.606207767613467,-13.6187231988093,-13.629987087184778,-13.64012458691731,-13.649248336803142,-13.657459711782693,-13.664849949317814,-13.67150116313423,-13.677487255591643,-13.682874738818036,-13.687723473731367,-13.692087335159588,-13.69601481044904,-13.699549538212178,-13.702730793200715,-13.705593922691511,-13.708170739233953,-13.71048987412262,-13.71257709552273,-13.714455594783026,-13.716146244117423,-13.717667828518463,-13.719037254479456,-13.720269737844385,-13.721378972872843,-13.722377284398469,-13.723275764771543,-13.724084397107319,-13.724812166209519,-13.725467158401502,-13.72605665137429,-13.726587195049799,-13.727064684357757,-13.727494424734921,-13.727881191074369,-13.728229280779871,-13.728542561514823,-13.728824514176281,-13.729078271571595,-13.729306653227376,-13.729512196717577,-13.72969718585876,-13.729863676085822,-13.73001351729018,-13.730148374374103,-13.730269745749634,-13.730378979987611,-13.730477290801788,-13.73056577053455,-13.730645402294035,-13.73071707087757,-13.730781572602755,-13.730839624155418,-13.730891870552817
6,0,-0.7781512503836436,-1.715322324561637,-2.7097076011706163,-3.693516069246538,-4.630759253553775,-5.504877696653684,-6.309977822482791,-7.04580878597087,-7.715020797173121,-8.321672811309693,-8.870413551479633,-9.36603035236339,-9.813203172694704,-10.216375232223424,-10.579690783548669,-10.90697167704188,-11.201716164808527,-11.46711013677446,-11.706044931674692,-11.921138219643321,-12.114755874959364,-12.289033624203904,-12.445897785909114,-12.587084742928438,-12.714158986843335,-12.828529692856938,-12.931465853567566,-13.024110039321258,-13.10749087315119,-13.182534316949557,-13.250073867104401,-13.310859755281093,-13.365567245163755,-13.414804109936563,-13.459117368780957,-13.498999354117494,-13.534893174978938,-13.567197635901739,-13.596271665134523,-13.622438300809792,-13.64598827900814,-13.667183263347448,-13.686258751828595,-13.703426693136706,-13.71887784140335,-13.73278387555176,-13.745299306746043,-13.756563195120513,-13.766700694852387,-13.775824444737793,-13.784035819717067,-13.791426057252007,-13.798077271068307,-13.804063363525644,-13.80945084675199,-13.814299581665285,-13.818663443093486,-13.822590918382923,-13.826125646146053,-13.829306901134583,-13.832170030625376,-13.834746847167816,-13.837065982056483,-13.83915320345659,-13.841031702716885,-13.84272235205128,-13.844243936452322,-13.845613362413314,-13.846845845778242,-13.8479550808067,-13.848953392332328,-13.849851872705402,-13.850660505041176,-13.851388274143378,-13.852043266335361,-13.852632759308147,-13.853163302983656,-13.853640792291616,-13.854070532668779,-13.854457299008226,-13.854805388713729,-13.855118669448682,-13.855400622110139,-13.855654379505452,-13.855882761161233,-13.856088304651434,-13.856273293792619,-13.856439784019681,-13.85658962522404,-13.856724482307962,-13.856845853683492,-13.856955087921468,-13.857053398735646,-13.857141878468408,-13.857221510227893,-13.85729317881143,-13.857357680536614,-13.857415732089278,-13.857467978486676
7,0,-0.8450980400142568,-1.8107453560196376,-2.816433049964228,-3.8047250951141622,-4.743809914168031,-5.6187246206857315,-6.424188861873576,-7.16019556918612,-7.829496646003975,-8.436195757159272,-8.98496232065382,-9.480593718897957,-9.927775003364017,-10.330952075236118,-10.694270646765318,-11.021553386175182,-11.316299015339894,-11.581693699790735,-11.820628942877194,-12.035722514543997,-12.229340350351727,-12.403618214900186,-12.56048245051135,-12.70166945503025,-12.828743729540363,-12.943114455295985,-13.04605062876391,-13.138694822771082,-13.222075661945821,-13.297119109208088,-13.36465866160927,-13.425444551243466,-13.480152042072207,-13.529388907459339,-13.573702166702747,-13.61358415229851,-13.649477973328395,-13.681782434360663,-13.7108564636646,-13.737023099386118,-13.760573077614536,-13.78176806197339,-13.800843550467247,-13.818011491783622,-13.833462640055638,-13.847368674207543,-13.859884105404097,-13.871147993780045,-13.88128549351288,-13.89040924339891,-13.89862061837859,-13.906010855913795,-13.912662069730267,-13.918648162187715,-13.924035645414133,-13.928884380327476,-13.93324824175571,-13.937175717045166,-13.940710444808309,-13.943891699796847,-13.946754829287645,-13.949331645830089,-13.951650780718758,-13.953738002118866,-13.955616501379165,-13.95730715071356,-13.958828735114603,-13.960198161075594,-13.96143064444052,-13.96253987946898,-13.963538190994608,-13.964436671367682,-13.965245303703457,-13.965973072805657,-13.96662806499764,-13.967217557970427,-13.967748101645936,-13.968225590953894,-13.968655331331059,-13.969042097670506,-13.969390187376009,-13.969703468110962,-13.96998542077242,-13.970239178167732,-13.970467559823511,-13.970673103313715,-13.970858092454897,-13.971024582681961,-13.97117442388632,-13.97130928097024,-13.97143065234577,-13.971539886583747,-13.971638197397926,-13.971726677130688,-13.971806308890173,-13.97187797747371,-13.971942479198892,-13.972000530751558,-13.972052777148956
8,0,-0.9030899869919435,-1.895311331243751,-2.9124204134588263,-3.9056159200598817,-4.84687601963251,-5.722804254450276,-6.528766759461784,-7.2650312480403585,-7.934471805014829,-8.541249269178818,-9.090061207628324,-9.585719528668253,-10.03291709689407,-10.436104167428086,-10.799428951602327,-11.126715587357882,-11.421463678165205,-11.686859926874183,-11.925796168543144,-12.14089038000605,-12.334508626925153,-12.508786756253002,-12.665651162714306,-12.806838277639592,-12.93391262358196,-13.048283395598588,-13.151219599049554,-13.243863812501887,-13.327244664294039,-13.402288119746805,-13.469827677466592,-13.530613570555445,-13.585321063628637,-13.634557930474227,-13.678871190665491,-13.718753176877346,-13.754646998307722,-13.786951459600349,-13.816025489073557,-13.842192124905132,-13.865742103205108,-13.886937087610493,-13.906012576134607,-13.923180517470657,-13.938631665755468,-13.952537699915691,-13.965053131117658,-13.976317019497124,-13.986454519232248,-13.995578269119765,-14.003789644100413,-14.011179881636247,-14.017831095453127,-14.023817187910842,-14.029204671137432,-14.03405340605089,-14.038417267479195,-14.0423447427687,-14.045879470531872,-14.049060725520432,-14.051923855011243,-14.054500671553695,-14.05681980644237,-14.058907027842482,-14.06078552710278,-14.06247617643718,-14.063997760838221,-14.065367186799214,-14.066599670164143,-14.067708905192601,-14.068707216718229,-14.069605697091305,-14.070414329427079,-14.071142098529279,-14.071797090721262,-14.07238658369405,-14.072917127369559,-14.073394616677517,-14.07382435705468,-14.074211123394129,-14.074559213099631,-14.074872493834583,-14.075154446496041,-14.075408203891355,-14.075636585547134,-14.075842129037337,-14.07602711817852,-14.076193608405584,-14.076343449609942,-14.076478306693863,-14.076599678069394,-14.07670891230737,-14.076807223121548,-14.07689570285431,-14.076975334613795,-14.077047003197332,-14.077111504922515,-14.07716955647518,-14.077221802872577
9,0,-0.9542425094393249,-1.9713112802126562,-2.9997786446442443,-3.998147527361758,-4.941830162306247,-5.818942659272705,-6.625512207352365,-7.362102195284672,-8.0317242763004,-8.638606315727026,-9.187480089648485,-9.683175732050046,-10.130396189621278,-10.533597474318219,-10.896931171421034,-11.224223438408774,-11.518975108164977,-11.784373642078,-12.023311348232143,-12.238406500942496,-12.432025354210616,-12.606303874864512,-12.763168534251196,-12.904355812842091,-13.031430264791256,-13.145801105521294,-13.248737353539632,-13.341381595912697,-13.42476246647973,-13.499805934124856,-13.567345499764444,-13.628131397998883,-13.682838894415816,-13.732075763434572,-13.776389025038387,-13.816271012168484,-13.852164834195818,-13.88446929587656,-13.913543325602115,-13.93970996159777,-13.963259940004436,-13.984454924479197,-14.003530413048423,-14.02069835441381,-14.036149502717699,-14.050055536890328,-14.062570968100362,-14.073834856485075,-14.08397235622361,-14.093096106113347,-14.101307481095438,-14.10869771863221,-14.1153489324497,-14.121335024907813,-14.126722508134662,-14.131571243048286,-14.135935104476701,-14.139862579766275,-14.143397307529495,-14.146578562518085,-14.149441692008915,-14.152018508551379,-14.154337643440062,-14.15642486484018,-14.158303364100483,-14.159994013434883,-14.161515597835926,-14.16288502379692,-14.16411750716185,-14.16522674219031,-14.166225053715937,-14.167123534089013,-14.167932166424785,-14.168659935526987,-14.16931492771897,-14.169904420691756,-14.170434964367265,-14.170912453675225,-14.17134219405239,-14.171728960391835,-14.17207705009734,-14.172390330832293,-14.17267228349375,-14.172926040889061,-14.173154422544842,-14.173359966035045,-14.173544955176228,-14.173711445403292,-14.17386128660765,-14.173996143691571,-14.1741175150671,-14.174226749305078,-14.174325060119257,-14.174413539852019,-14.174493171611504,-14.17456484019504,-14.174629341920223,-14.174687393472889,-14.174739639870287
10,0,-1.0,-2.040368194192575,-3.080027345818087,-4.083737626480794,-5.030027235344997,-5.908459760421968,-6.7157258197474246,-7.452698107839934,-8.122537396652103,-8.72954642732416,-9.278496170614932,-9.774238088184587,-10.221487133154406,-10.624706272644525,-10.988051216563074,-11.31535061507611,-11.610106830367734,-11.875508273344817,-12.114447847223854,-12.329544202125156,-12.523163830762327,-12.69744285230413,-12.854307835679707,-12.995495324051959,-13.122569911946147,-13.236940840831743,-13.3398771460467,-13.432521425545973,-13.515902320220087,-13.590945803523109,-13.658485379335103,-13.719271284179467,-13.773978784892126,-13.823215656702985,-13.86752892012178,-13.907410908431785,-13.943304731226222,-13.975609193405715,-14.00468322345556,-14.030849859662078,-14.054399838205859,-14.075594822769782,-14.094670311396985,-14.111838252800075,-14.127289401128483,-14.141195435317059,-14.153710866537459,-14.164974754928917,-14.175112254671838,-14.184236004564424,-14.192447379548371,-14.199837617086349,-14.206488830904624,-14.212474923363246,-14.217862406590426,-14.222711141504266,-14.227075002932821,-14.231002478222488,-14.234537205985767,-14.237718460974394,-14.24058159046525,-14.243158407007732,-14.245477541896426,-14.24756476329655,-14.249443262556857,-14.25113391189126,-14.252655496292306,-14.254024922253299,-14.25525740561823,-14.25636664064669,-14.257364952172319,-14.258263432545395,-14.259072064881167,-14.259799833983369,-14.260454826175351,-14.261044319148139,-14.261574862823649,-14.262052352131608,-14.26248209250877,-14.262868858848218,-14.263216948553723,-14.263530229288675,-14.263812181950133,-14.264065939345443,-14.264294321001225,-14.264499864491428,-14.264684853632609,-14.264851343859673,-14.265001185064031,-14.265136042147953,-14.265257413523482,-14.265366647761459,-14.26546495857564,-14.265553438308402,-14.265633070067885,-14.265704738651422,-14.265769240376605,-14.26582729192927,-14.265879538326669
11,0,-1.0413926851582251,-2.1036766043355284,-3.154302945320641,-4.163451802745917,-5.112486040990573,-5.9923473857837735,-6.80038428116971,-7.537787064959369,-8.207874236024464,-8.815029685647875,-9.36406771238225,-9.859863732729858,-10.307146357742667,-10.71038654683806,-11.073744787823047,-11.4010526368024,-11.695814247828167,-11.961219148821339,-12.200160945348278,-12.415258732166327,-12.608879284996007,-12.783158903907653,-12.94002427385774,-13.081212012628463,-13.208286762837734,-13.322657797004618,-13.425594170541137,-13.518238494394929,-13.601619417873431,-13.676662919887312,-13.744202507856173,-13.804988420600504,-13.859695926447571,-13.908932801595814,-13.953246067184123,-13.993128056904558,-14.029021880615998,-14.061326343391713,-14.090400373829233,-14.116567010287833,-14.140116988995532,-14.161311973666045,-14.180387462362566,-14.197555403810728,-14.213006552168448,-14.226912586376086,-14.239428017608883,-14.2506919060084,-14.260829405756564,-14.269953155652564,-14.278164530638724,-14.285554768178145,-14.292205981997359,-14.29819207445659,-14.303579557684166,-14.308428292598265,-14.312792154026988,-14.316719629316763,-14.320254357080113,-14.323435612068787,-14.326298741559674,-14.328875558102174,-14.33119469299088,-14.333281914391012,-14.335160413651325,-14.336851062985732,-14.338372647386779,-14.339742073347775,-14.340974556712707,-14.342083791741167,-14.343082103266797,-14.343980583639873,-14.344789215975647,-14.345516985077847,-14.346171977269831,-14.346761470242617,-14.347292013918127,-14.347769503226086,-14.34819924360325,-14.348586009942697,-14.348934099648199,-14.349247380383153,-14.34952933304461,-14.349783090439923,-14.350011472095703,-14.350217015585905,-14.350402004727089,-14.350568494954153,-14.35071833615851,-14.35085319324243,-14.350974564617962,-14.351083798855939,-14.351182109670118,-14.351270589402878,-14.351350221162365,-14.3514218897459,-14.351486391471084,-14.351544443023748,-14.351596689421145
12,0,-1.0791812460476249,-2.162142728703426,-3.2234804627672053,-4.238114964796468,-5.189995988043846,-6.07137371742563,-6.880243630123787,-7.618118149640684,-8.288479822150684,-8.895798703070044,-9.444935860399136,-9.940792905925079,-10.38811353809049,-10.79137761495343,-11.154750976743646,-11.482068450502767,-11.776836214743833,-12.042245063082765,-12.281189398749426,-12.49628882239271,-12.68991043218939,-12.86419073456253,-13.021056546939981,-13.162244572360484,-13.289319508422317,-13.4036906631576,-13.506627114946744,-13.599271489607911,-13.682652446084317,-13.757695969534652,-13.825235571432087,-13.88602149322814,-13.940729004958408,-13.98996588393087,-14.034279152005235,-14.074161143341929,-14.110054968104203,-14.142359431563172,-14.171433462444957,-14.19760009919244,-14.221150078087987,-14.242345062880656,-14.26142055165661,-14.278588493156432,-14.294039641547744,-14.307945675777225,-14.320461107024231,-14.331724995432987,-14.34186249518716,-14.350986245087066,-14.359197620075767,-14.36658785761684,-14.37323907143713,-14.37922516389706,-14.38461264712509,-14.389461382039483,-14.393825243468399,-14.3977527187583,-14.401287446521732,-14.404468701510458,-14.407331831001379,-14.4099086475439,-14.412227782432621,-14.414315003832764,-14.416193503093082,-14.417884152427494,-14.419405736828544,-14.420775162789543,-14.422007646154475,-14.423116881182935,-14.424115192708564,-14.42501367308164,-14.425822305417414,-14.426550074519616,-14.4272050667116,-14.427794559684388,-14.428325103359896,-14.428802592667855,-14.429232333045018,-14.429619099384466,-14.42996718908997,-14.430280469824922,-14.43056242248638,-14.430816179881692,-14.431044561537473,-14.431250105027676,-14.431435094168856,-14.43160158439592,-14.431751425600279,-14.431886282684202,-14.43200765405973,-14.432116888297706,-14.432215199111885,-14.432303678844647,-14.432383310604132,-14.43245497918767,-14.432519480912852,-14.432577532465517,-14.432629778862916
13,0,-1.1139433523068367,-2.216471220967321,-3.2882496915587742,-4.3083810132426095,-5.26318363288628,-6.1461483433936,-6.955903546279634,-7.694285309011483,-8.36494474801134,-8.972442074862698,-9.521687998709016,-10.017612246045777,-10.464974847574041,-10.868265357752435,-11.23165547854789,-11.558983633091875,-11.853758232265815,-12.119171468601895,-12.358118628544633,-12.573219873684561,-12.766842660141414,-12.94112372360165,-13.097990028774953,-13.239178373541034,-13.366253516686491,-13.480624805780394,-13.583561344781366,-13.676205776071578,-13.759586769329367,-13.834630316675332,-13.902169934099907,-13.962955865986906,-14.017663384276013,-14.066900267511981,-14.111213538358028,-14.1510955314967,-14.186989357430578,-14.219293821651329,-14.24836785302845,-14.274534490098024,-14.298084469203015,-14.319279454131879,-14.338354942996403,-14.355522884553821,-14.370974032982586,-14.384880067236427,-14.397395498499272,-14.40865938691833,-14.4187968866792,-14.427920636583462,-14.436132011575,-14.443522249117914,-14.4501734629394,-14.45615955540011,-14.461547038628648,-14.466395773543372,-14.4707596349725,-14.474687110262542,-14.478221838026062,-14.48140309301485,-14.484266222505807,-14.486843039048354,-14.489162173937093,-14.491249395337245,-14.49312789459757,-14.494818543931984,-14.496340128333038,-14.497709554294039,-14.498942037658972,-14.500051272687434,-14.501049584213064,-14.50194806458614,-14.502756696921915,-14.503484466024116,-14.5041394582161,-14.504728951188888,-14.505259494864395,-14.505736984172355,-14.506166724549518,-14.506553490888965,-14.50690158059447,-14.507214861329423,-14.50749681399088,-14.507750571386191,-14.507978953041972,-14.508184496532175,-14.508369485673358,-14.508535975900422,-14.50868581710478,-14.508820674188701,-14.50894204556423,-14.509051279802208,-14.509149590616387,-14.509238070349149,-14.509317702108634,-14.50938937069217,-14.509453872417353,-14.509511923970019,-14.509564170367415
14,0,-1.146128035678238,-2.26722134836037,-3.349165089238226,-4.374778479864864,-5.332556186729046,-6.217164736716582,-7.02784930543882,-7.766769020792774,-8.437746669271503,-9.045435773600127,-9.59479908008763,-10.090796078928502,-10.538204221896484,-10.941523465796815,-11.304931828590423,-11.63227162108045,-11.927053673671098,-12.192471698061738,-12.431421941286425,-12.646525175738702,-12.84014924765805,-13.014431142785028,-13.171297986559546,-13.312486680409409,-13.439562049951332,-13.553933485949335,-13.656870120313267,-13.749514613529435,-13.832895647011219,-13.907939220490517,-13.975478854896885,-14.036264797820516,-14.090972323283303,-14.140209211182544,-14.184522485060203,-14.22440448016987,-14.260298307385256,-14.292602772439258,-14.321676804358185,-14.347843441780071,-14.371393421114163,-14.392588406192006,-14.411663895153408,-14.428831836773826,-14.444282985243563,-14.458189019524045,-14.470704450804218,-14.481968339234545,-14.492105839002742,-14.501229588911771,-14.509440963906407,-14.516831201451337,-14.523482415274135,-14.529468507735697,-14.534855990964788,-14.539704725879872,-14.544068587309237,-14.54799606259943,-14.55153079036305,-14.554712045351899,-14.557575174842901,-14.560151991385474,-14.56247112627423,-14.564558347674394,-14.566436846934728,-14.568127496269149,-14.569649080670205,-14.571018506631205,-14.57225098999614,-14.573360225024604,-14.574358536550234,-14.575257016923311,-14.576065649259087,-14.576793418361287,-14.577448410553272,-14.57803790352606,-14.578568447201567,-14.579045936509527,-14.57947567688669,-14.579862443226137,-14.580210532931641,-14.580523813666593,-14.580805766328051,-14.581059523723361,-14.581287905379144,-14.581493448869347,-14.581678438010528,-14.581844928237592,-14.58199476944195,-14.582129626525873,-14.582250997901403,-14.58236023213938,-14.582458542953558,-14.58254702268632,-14.582626654445804,-14.58269832302934,-14.582762824754525,-14.582820876307188,-14.582873122704587
15,0,-1.1760912590556813,-2.3148447455954595,-3.4066796852313495,-4.43774158342827,-5.398531077111407,-6.2848290839118,-7.096480235466366,-7.835964546427122,-8.50727843991042,-9.115171213713914,-9.664659646465932,-10.160734410569967,-10.608191333985385,-11.011541403019175,-11.37496935865342,-11.70232166218565,-11.997111732949046,-12.262534910987474,-12.501488474329635,-12.716593851616315,-12.910219308568974,-13.084502099971983,-13.241369524287617,-13.382558594454624,-13.509634208081584,-13.624005802475311,-13.726942539669285,-13.819587099664139,-13.902968176524025,-13.978011778186927,-14.04555143090794,-14.106337385734737,-14.161044918934602,-14.210281811863428,-14.254595089010891,-14.29447708624644,-14.330370914844046,-14.36267538079679,-14.391749413300117,-14.417916051102011,-14.44146603068321,-14.462661015921743,-14.481736504987643,-14.498904446676015,-14.514355595189944,-14.528261629499164,-14.540777060798025,-14.552040949240505,-14.562178449016608,-14.571302198930775,-14.579513573928754,-14.586903811475858,-14.59355502530007,-14.59954111776255,-14.60492860099224,-14.609777335907713,-14.61414119733733,-14.618068672627688,-14.621603400391415,-14.624784655380335,-14.627647784871382,-14.630224601413985,-14.63254373630276,-14.634630957702935,-14.636509456963278,-14.638200106297703,-14.639721690698764,-14.641091116659767,-14.642323600024703,-14.643432835053167,-14.644431146578798,-14.645329626951874,-14.64613825928765,-14.646866028389852,-14.647521020581836,-14.648110513554624,-14.648641057230131,-14.64911854653809,-14.649548286915255,-14.649935053254701,-14.650283142960205,-14.65059642369516,-14.650878376356616,-14.651132133751927,-14.651360515407708,-14.651566058897911,-14.651751048039094,-14.651917538266158,-14.652067379470516,-14.652202236554437,-14.652323607929967,-14.652432842167944,-14.652531152982123,-14.652619632714885,-14.65269926447437,-14.652770933057907,-14.652835434783087,-14.652893486335755,-14.652945732733151
16,0,-1.2041199826559248,-2.3597115859459636,-3.4611688474948137,-4.497632038063237,-5.461456684489588,-6.349480485412674,-7.162129643826179,-7.90220171135076,-8.573867808059736,-9.181974896667583,-9.731595442805917,-10.227752521326796,-10.675261175693485,-11.078643980432627,-11.44209276552555,-11.769458380606293,-12.064256987944768,-12.329685655511973,-12.56864275670529,-12.78375041803927,-12.9773773516495,-13.151661098800222,-13.308529142271468,-13.449718613834586,-13.576794487838377,-13.69116625121335,-13.79410309811635,-13.886747729360794,-13.970128852504901,-14.045172484240577,-14.112712156504415,-14.173498124032882,-14.228205665489002,-14.277442563784996,-14.321755844421771,-14.361637843925932,-14.397531673998577,-14.429836140910421,-14.458910174037394,-14.485076812244822,-14.508626792089727,-14.529821777499746,-14.548897266677162,-14.56606520843805,-14.58151635699914,-14.59542239133903,-14.607937822657837,-14.619201711113286,-14.629339210897824,-14.638462960817478,-14.646674335819025,-14.65406457336845,-14.66071578719417,-14.66670187965763,-14.67208936288796,-14.676938097803847,-14.681301959233734,-14.685229434524265,-14.688764162288107,-14.691945417277102,-14.694808546768197,-14.697385363310831,-14.699704498199626,-14.701791719599816,-14.703670218860166,-14.705360868194598,-14.706882452595663,-14.708251878556668,-14.709484361921605,-14.71059359695007,-14.7115919084757,-14.712490388848778,-14.713299021184556,-14.714026790286756,-14.71468178247874,-14.715271275451528,-14.715801819127035,-14.716279308434997,-14.71670904881216,-14.717095815151607,-14.717443904857111,-14.717757185592063,-14.71803913825352,-14.718292895648831,-14.718521277304612,-14.718726820794815,-14.718911809935998,-14.719078300163062,-14.71922814136742,-14.719362998451343,-14.719484369826871,-14.719593604064848,-14.719691914879027,-14.719780394611789,-14.719860026371274,-14.719931694954811,-14.719996196679995,-14.720054248232659,-14.720106494630057
17,0,-1.2304489213782739,-2.402129207598345,-3.512947380582407,-4.554754779655254,-5.521627284801396,-6.411405497535152,-7.225079154712267,-7.965759132249202,-8.63779158084852,-9.246122538655905,-9.795881521979295,-10.29212505649572,-10.739688139313,-11.14310543185472,-11.506576183010209,-11.833955846639151,-12.128763468432162,-12.394197935451455,-12.633158775550884,-12.848268851402397,-13.041897346361871,-13.21618210425136,-13.373050802593315,-13.514240698753506,-13.641316848208563,-13.755688790360677,-13.85862575333928,-13.951270459971546,-14.03465163208995,-14.109695295647233,-14.17723498859089,-14.23802096956028,-14.292728519753323,-14.341965423729032,-14.38627870805835,-14.426160709963282,-14.462054541596903,-14.494359009523732,-14.523433043310693,-14.549599681947287,-14.573149662071268,-14.594344647662767,-14.613420136958199,-14.630588078795837,-14.646039227406835,-14.659945261779182,-14.672460693119094,-14.68372458158827,-14.693862081381734,-14.702985831307194,-14.711197206312516,-14.718587443864395,-14.725238657691712,-14.731224750156212,-14.736612233387216,-14.741460968303542,-14.745824829733715,-14.749752305024433,-14.753287032788396,-14.75646828777747,-14.759331417268616,-14.761908233811283,-14.7642273687001,-14.766314590100304,-14.768193089360661,-14.7698837386951,-14.771405323096166,-14.772774749057175,-14.774007232422115,-14.77511646745058,-14.776114778976215,-14.777013259349292,-14.777821891685068,-14.77854966078727,-14.779204652979255,-14.77979414595204,-14.78032468962755,-14.78080217893551,-14.781231919312672,-14.781618685652122,-14.781966775357624,-14.782280056092576,-14.782562008754034,-14.782815766149346,-14.783044147805127,-14.78324969129533,-14.78343468043651,-14.783601170663575,-14.783751011867933,-14.783885868951856,-14.784007240327385,-14.784116474565362,-14.784214785379541,-14.784303265112303,-14.784382896871787,-14.784454565455324,-14.784519067180508,-14.784577118733171,-14.78462936513057
18,0,-1.255272505103306,-2.442355674788182,-3.562282103863954,-4.609369566587315,-5.5792940673397755,-6.470848845663694,-7.2855692653167115,-8.026874689447274,-8.699286049531713,-9.307849467825877,-9.857752624943622,-10.354086395850219,-10.801706380381182,-11.205159772419195,-11.568653537683828,-11.896047930665356,-12.190865008957337,-12.456305562410346,-12.695270327737335,-12.910382939090864,-13.104013073971995,-13.278298893637519,-13.435168280007426,-13.576358622309206,-13.70343506121639,-13.817807191245302,-13.9207442762143,-14.013389062079353,-14.096770285671688,-14.171813982675708,-14.239353697355812,-14.300139692453152,-14.354847251829845,-14.40408416177575,-14.448397449986505,-14.488279454415038,-14.524173287689514,-14.556477756683272,-14.585551791164,-14.611718430251726,-14.63526841066907,-14.65646339645134,-14.675538885870829,-14.692706827789141,-14.708157976452604,-14.72206401085907,-14.73457944222117,-14.745843330704776,-14.755980830507625,-14.765104580439186,-14.773315955448476,-14.780706193002937,-14.787357406831932,-14.793343499297524,-14.79873098252924,-14.803579717446027,-14.807943578876499,-14.811871054167412,-14.815405781931503,-14.818587036920658,-14.821450166411857,-14.82402698295456,-14.826346117843398,-14.828433339243619,-14.830311838503986,-14.832002487838428,-14.8335240722395,-14.834893498200513,-14.836125981565454,-14.837235216593921,-14.838233528119554,-14.839132008492632,-14.839940640828408,-14.840668409930611,-14.841323402122594,-14.841912895095382,-14.842443438770893,-14.84292092807885,-14.843350668456015,-14.843737434795463,-14.844085524500965,-14.844398805235917,-14.844680757897375,-14.844934515292687,-14.84516289694847,-14.845368440438671,-14.845553429579853,-14.845719919806918,-14.845869761011276,-14.846004618095197,-14.846125989470726,-14.846235223708705,-14.846333534522884,-14.846422014255644,-14.84650164601513,-14.846573314598666,-14.846637816323849,-14.846695867876512,-14.846748114273913
19,0,-1.2787536009528289,-2.4806098484363446,-3.609401285600574,-4.661699706730031,-5.634673421975141,-6.528021476190928,-7.343807275474844,-8.085753391265403,-8.758554817301732,-9.367358430669857,-9.91741097413249,-10.413838438947327,-10.86151759788615,-11.265008575532654,-11.628526323770645,-11.955936076686143,-12.25076302151079,-12.516209927895478,-12.75517879162218,-12.970294050999586,-13.163925898917292,-13.33821282787086,-13.495082933145857,-13.636273741657439,-13.763350483060956,-13.877722809445968,-13.980660021917664,-14.073304890599212,-14.156686167995476,-14.231729899961177,-14.299269637362773,-14.36005564722858,-14.41476321620542,-14.464000132392359,-14.508313424660669,-14.548195431727335,-14.584089266717143,-14.616393736826263,-14.645467772032259,-14.671634411591599,-14.695184392315626,-14.71637937829733,-14.735454867846512,-14.752622809849163,-14.768073958567472,-14.781979993009607,-14.794495424394903,-14.805759312893592,-14.81589681270625,-14.825020562644191,-14.833231937657631,-14.84062217521479,-14.84727338904554,-14.853259481512273,-14.85864696474473,-14.863495699662002,-14.867859561092788,-14.871787036383903,-14.875321764148126,-14.878503019137368,-14.881366148628624,-14.883942965171364,-14.886262100060227,-14.888349321460462,-14.89022782072084,-14.89191847005529,-14.893440054456365,-14.89480948041738,-14.896041963782322,-14.897151198810791,-14.898149510336424,-14.899047990709503,-14.89985662304528,-14.900584392147483,-14.901239384339465,-14.901828877312253,-14.902359420987763,-14.902836910295722,-14.903266650672887,-14.903653417012334,-14.904001506717837,-14.904314787452789,-14.904596740114247,-14.904850497509559,-14.905078879165341,-14.905284422655543,-14.905469411796725,-14.90563590202379,-14.905785743228146,-14.905920600312069,-14.906041971687598,-14.906151205925577,-14.906249516739756,-14.906337996472516,-14.906417628232001,-14.906489296815538,-14.90655379854072,-14.906611850093384,-14.906664096490783
20,0,-1.3010299956639813,-2.5170789959984567,-3.654501839889257,-4.71193873613673,-5.687953281789263,-6.583106715065603,-7.399973349494849,-8.14257338417663,-8.815774780671113,-9.4248255566594,-9.975032227982412,-10.471556553398822,-10.919296978601546,-11.322826914706077,-11.686369543372033,-12.013795241522164,-12.308632434062678,-12.574085941422403,-12.81305906487838,-13.028177077182288,-13.221810706339253,-13.396098788920591,-13.552969641926422,-13.694160935388043,-13.821237991471657,-13.935610522134189,-14.038547867258965,-14.131192822105811,-14.214574155483483,-14.289617923826757,-14.357157684870536,-14.417943710103506,-14.472651289069821,-14.52188821175097,-14.566201508241473,-14.606083518053339,-14.641977354828107,-14.67428182609787,-14.703355862058576,-14.729522502108683,-14.753072483151847,-14.774267469341082,-14.793342959025221,-14.810510901115638,-14.82596204989102,-14.839868084370272,-14.852383515779705,-14.863647404294092,-14.87378490411696,-14.88290865406154,-14.891120029079296,-14.898510266639263,-14.90516148047184,-14.911147572939761,-14.91653505617299,-14.921383791090761,-14.925747652521874,-14.929675127813205,-14.933209855577564,-14.936391110566897,-14.93925424005821,-14.94183105660099,-14.944150191489875,-14.946237412890127,-14.948115912150515,-14.949806561484973,-14.951328145886052,-14.95269757184707,-14.953930055212014,-14.955039290240483,-14.956037601766118,-14.956936082139197,-14.957744714474973,-14.958472483577177,-14.959127475769161,-14.95971696874195,-14.960247512417459,-14.960725001725416,-14.96115474210258,-14.961541508442028,-14.96188959814753,-14.962202878882485,-14.962484831543943,-14.962738588939255,-14.962966970595035,-14.963172514085239,-14.96335750322642,-14.963523993453485,-14.963673834657843,-14.963808691741765,-14.963930063117294,-14.96403929735527,-14.96413760816945,-14.964226087902212,-14.964305719661697,-14.964377388245234,-14.964441889970416,-14.96449994152308,-14.964552187920479
21,0,-1.3222192947339193,-2.551924631276916,-3.6977548999593886,-4.76025560808738,-5.739298052382178,-6.636265051407888,-7.454225222308464,-8.19749061746997,-8.871100771119057,-9.480404986576339,-10.030770101275992,-10.527394190292652,-10.975197809420399,-11.378767973929218,-11.742336315588076,-12.069778503130273,-12.36462629836098,-12.630086637978586,-12.869064171740826,-13.084185034957697,-13.277820509098685,-13.452109786769217,-13.608981414470673,-13.750173210418035,-13.877250592585174,-13.991623334940744,-14.094560817540804,-14.187205861688776,-14.270587253087054,-14.345631059133986,-14.413170844682305,-14.47395688584324,-14.528664475163719,-14.57790140457624,-14.622214705443175,-14.662096718100539,-14.697990556725495,-14.730295029198318,-14.759369065941323,-14.78553570650014,-14.809085687874106,-14.83028067427846,-14.849356164102492,-14.866524106283883,-14.881975255118428,-14.895881289636153,-14.908396721070606,-14.919660609601266,-14.929798109434714,-14.938921859386175,-14.947133234408408,-14.954523471971285,-14.961174685805753,-14.967160778274906,-14.972548261508935,-14.97739699642723,-14.98176085785868,-14.985688333150229,-14.989223060914734,-14.992404315904158,-14.995267445395534,-14.99784426193835,-15.000163396827263,-15.002250618227531,-15.004129117487931,-15.005819766822395,-15.007341351223479,-15.008710777184499,-15.009943260549445,-15.011052495577916,-15.012050807103552,-15.012949287476632,-15.01375791981241,-15.014485688914611,-15.015140681106596,-15.015730174079383,-15.016260717754893,-15.016738207062852,-15.017167947440017,-15.017554713779464,-15.017902803484967,-15.01821608421992,-15.018498036881379,-15.01875179427669,-15.018980175932471,-15.019185719422675,-15.019370708563857,-15.019537198790921,-15.01968703999528,-15.019821897079199,-15.01994326845473,-15.020052502692707,-15.020150813506886,-15.020239293239648,-15.020318924999133,-15.02039059358267,-15.02045509530785,-15.020513146860516,-15.020565393257915
22,0,-1.3424226808222062,-2.5852870581275695,-3.7393101921979492,-4.8067987793037865,-5.788852495295215,-6.687637904451375,-7.506701903681638,-8.250642513733272,-8.924669206906525,-9.534232513585632,-10.084759999806868,-10.581486514927837,-11.029355105632717,-11.432966674392027,-11.796561502245426,-12.124020685693628,-12.41887941461076,-12.68434680243742,-12.923328887248807,-13.138452693040911,-13.33209007183509,-13.50638058342522,-13.663253011086264,-13.804445325954331,-13.931523044895396,-14.045896005897301,-14.148833630495044,-14.241478766885399,-14.324860218217173,-14.399904063211817,-14.467443874073751,-14.528229931688822,-14.58293753170566,-14.6321744680721,-14.676487773460192,-14.716369789057179,-14.752263629593534,-14.78456810330923,-14.813642140860424,-14.83980878194478,-14.863358763660502,-14.884553750287097,-14.903629240255652,-14.920797182531029,-14.936248331426693,-14.950154365984165,-14.96266979744447,-14.97393368599194,-14.984071185836319,-14.99319493579489,-15.001406310821745,-15.00879654838763,-15.015447762224053,-15.021433854694479,-15.026821337929334,-15.031670072848165,-15.036033934279967,-15.039961409571744,-15.043496137336396,-15.046677392325918,-15.049540521817354,-15.052117338360214,-15.054436473249153,-15.056523694649435,-15.058402193909847,-15.060092843244318,-15.061614427645408,-15.06298385360643,-15.064216336971379,-15.065325571999852,-15.066323883525488,-15.067222363898567,-15.068030996234345,-15.068758765336549,-15.069413757528533,-15.07000325050132,-15.07053379417683,-15.07101128348479,-15.071441023861954,-15.071827790201402,-15.072175879906904,-15.072489160641856,-15.072771113303315,-15.073024870698628,-15.073253252354409,-15.07345879584461,-15.073643784985794,-15.073810275212859,-15.073960116417215,-15.074094973501136,-15.074216344876668,-15.074325579114644,-15.074423889928823,-15.074512369661583,-15.07459200142107,-15.074663670004606,-15.074728171729788,-15.074786223282453,-15.07483846967985
23,0,-1.3617278360175928,-2.6172889498219316,-3.7792995103752594,-4.8516994666662026,-5.836744824944068,-6.737350626501819,-7.5575266298778425,-8.302150892796007,-8.97660100169293,-9.58642848307208,-10.137121915006615,-10.633953298260916,-11.081888500390138,-11.485542562697258,-11.8491645953117,-12.176641246524204,-12.471511218047173,-12.73698585591852,-12.975972623468763,-13.191099457677112,-13.384738797042635,-13.5590305789616,-13.715903830281212,-13.857096679492226,-13.984174745241669,-14.09854793141802,-14.201485702260069,-14.294130933655113,-14.377512446717098,-14.45255633182807,-14.520096168763683,-14.580882243327228,-14.635589854361932,-14.684826797891384,-14.729140107936624,-14.769022126561676,-14.804915969066949,-14.837220444062922,-14.866294482446632,-14.892461124072355,-14.916011106140116,-14.937206092995647,-14.956281583113077,-14.973449525485268,-14.988900674443896,-15.00280670904231,-15.015322140529241,-15.026586029094029,-15.03672352894967,-15.045847278915565,-15.054058653947182,-15.061448891516164,-15.068100105354603,-15.074086197826338,-15.079473681062046,-15.08432241598143,-15.088686277413592,-15.092613752705603,-15.096148480470408,-15.099329735460028,-15.10219286495153,-15.10476968149443,-15.107088816383397,-15.109176037783698,-15.111054537044122,-15.1127451863786,-15.114266770779693,-15.11563619674072,-15.116868680105672,-15.117977915134144,-15.11897622665978,-15.119874707032864,-15.120683339368641,-15.121411108470845,-15.12206610066283,-15.122655593635617,-15.123186137311126,-15.123663626619086,-15.124093366996249,-15.124480133335698,-15.1248282230412,-15.125141503776153,-15.12542345643761,-15.125677213832923,-15.125905595488703,-15.126111138978906,-15.126296128120089,-15.126462618347153,-15.126612459551511,-15.126747316635432,-15.126868688010962,-15.126977922248939,-15.127076233063118,-15.12716471279588,-15.127244344555365,-15.127316013138902,-15.127380514864084,-15.12743856641675,-15.127490812814147
24,0,-1.380211241711606,-2.648038200516728,-3.8178395051968868,-4.895074271089641,-5.883089205554164,-6.785514923435576,-7.606809241849373,-8.352124326916996,-9.027003907004927,-9.637100127848795,-10.187962754866046,-10.684901245221859,-11.132904571404207,-11.53660213653935,-11.900252041925555,-12.227746600677238,-12.522628103282491,-12.78811017996223,-13.027101753557254,-13.242231696632304,-13.435873049014132,-13.610166135429509,-13.767040232657825,-13.908233630696541,-14.035312052681633,-14.149685470166993,-14.252623391244727,-14.345268720241146,-14.428650296722543,-14.50369422304864,-14.57123408677265,-14.632020178749544,-14.686727801104473,-14.735964751993592,-14.78027806682388,-14.820160088560183,-14.856053933088473,-14.888358409399912,-14.917432448639019,-14.943599090820987,-14.967149073250473,-14.988344060341227,-15.007419550611628,-15.024587493083297,-15.040038642106616,-15.053944676747104,-15.066460108261394,-15.077723996843973,-15.087861496711186,-15.096985246684605,-15.105196621721118,-15.112586859293282,-15.11923807313379,-15.125224165606872,-15.130611648843454,-15.135460383763409,-15.13982424519594,-15.143751720488194,-15.147286448253153,-15.150467703242875,-15.153330832734444,-15.155907649277387,-15.15822678416638,-15.160314005566702,-15.162192504827136,-15.163883154161622,-15.16540473856272,-15.166774164523751,-15.168006647888705,-15.169115882917179,-15.170114194442817,-15.171012674815898,-15.171821307151676,-15.17254907625388,-15.173204068445864,-15.173793561418652,-15.174324105094163,-15.17480159440212,-15.175231334779287,-15.175618101118735,-15.175966190824237,-15.176279471559189,-15.176561424220647,-15.176815181615959,-15.17704356327174,-15.177249106761941,-15.177434095903125,-15.17760058613019,-15.177750427334546,-15.177885284418469,-15.178006655793999,-15.178115890031977,-15.178214200846156,-15.178302680578916,-15.178382312338401,-15.178453980921937,-15.178518482647121,-15.178576534199784,-15.178628780597183
25,0,-1.3979400086720377,-2.677630220108065,-3.8550339462107948,-4.937027312367997,-5.927987784394793,-6.8322308253003206,-7.654648120673983,-8.40066005696791,-9.07597441776295,-9.686343467616995,-10.237378239828235,-10.73442588844908,-11.182498733346339,-11.58624073626526,-11.949919135424443,-12.277432011637902,-12.572325314773508,-12.837815006855614,-13.076811501995548,-13.291944629368773,-13.485588043978135,-13.659882466970473,-13.816757431008817,-13.957951391487262,-14.08503017857006,-14.199403833132664,-14.302341908199892,-14.394987337240215,-14.478368978730158,-14.553412947305201,-14.620952838490119,-14.681738948317815,-14.73644658227751,-14.785683540711373,-14.829996860447084,-14.869878885372929,-14.905772731975159,-14.938077209635173,-14.967151249751218,-14.993317892503443,-15.01686787530376,-15.038062862635666,-15.05713835306289,-15.074306295636543,-15.089757444726184,-15.1036634794098,-15.11617891095214,-15.12744279955296,-15.137580299432036,-15.14670404941317,-15.1549154244547,-15.162305662030127,-15.168956875872757,-15.174942968347217,-15.180330451584698,-15.185179186505238,-15.189543047938148,-15.193470523230648,-15.197005250995769,-15.200186505985595,-15.203049635477232,-15.205626452020217,-15.207945586909242,-15.210032808309581,-15.211911307570027,-15.21360195690452,-15.215123541305626,-15.216492967266658,-15.217725450631614,-15.21883468566009,-15.21983299718573,-15.220731477558811,-15.22154010989459,-15.222267878996792,-15.222922871188779,-15.223512364161566,-15.224042907837076,-15.224520397145035,-15.2249501375222,-15.225336903861647,-15.22568499356715,-15.225998274302103,-15.226280226963562,-15.226533984358873,-15.226762366014654,-15.226967909504857,-15.22715289864604,-15.227319388873104,-15.227469230077462,-15.227604087161382,-15.227725458536913,-15.22783469277489,-15.227933003589069,-15.22802148332183,-15.228101115081316,-15.228172783664853,-15.228237285390033,-15.228295336942699,-15.228347583340097
26,0,-1.414973347970818,-2.7061497983740743,-3.890975572363031,-4.977651981698992,-5.97153236240954,-6.877588305275665,-7.701131777084254,-8.447845565724782,-9.123599336566587,-9.734244868134125,-10.285454458959617,-10.782613142654757,-11.23075679110006,-11.634544097429092,-11.998251567456897,-12.325783143150929,-12.620688498469612,-12.886185971163494,-13.12518749604506,-13.340323878451565,-13.533969401473719,-13.708265191170643,-13.865141041658191,-14.006335577371766,-14.133414737885474,-14.247788634950794,-14.350726867539036,-14.44337239892156,-14.526754106915563,-14.601798118712578,-14.66933803799143,-14.730124166081728,-14.784831811914065,-14.834068778066912,-14.87838210282138,-14.918264131010478,-14.95415797973459,-14.986462458774369,-15.015536499787633,-15.041703143123302,-15.065253126303029,-15.086448113881666,-15.10552360446934,-15.122691547147337,-15.138142696304833,-15.152048731032579,-15.164564162603616,-15.175828051223101,-15.185965551114313,-15.195089301103343,-15.203300676150004,-15.21069091372877,-15.21734212757357,-15.223328220049442,-15.228715703287842,-15.233564438208978,-15.237928299642277,-15.24185577493503,-15.245390502700314,-15.248571757690247,-15.251434887181953,-15.254011703724984,-15.256330838614039,-15.258418060014396,-15.260296559274856,-15.261987208609357,-15.263508793010468,-15.264878218971504,-15.26611070233646,-15.267219937364938,-15.268218248890578,-15.269116729263661,-15.26992536159944,-15.270653130701644,-15.27130812289363,-15.271897615866418,-15.272428159541928,-15.272905648849887,-15.27333538922705,-15.273722155566498,-15.274070245272002,-15.274383526006956,-15.274665478668412,-15.274919236063724,-15.275147617719504,-15.275353161209708,-15.27553815035089,-15.275704640577954,-15.275854481782313,-15.275989338866236,-15.276110710241763,-15.27621994447974,-15.27631825529392,-15.276406735026681,-15.276486366786166,-15.276558035369703,-15.276622537094886,-15.276680588647551,-15.27673283504495
27,0,-1.4313637641589874,-2.7336726322036413,-3.9257476184677738,-5.0170323921364375,-6.013805778246862,-6.921668620813756,-7.7463401678186905,-8.49375988042967,-9.16995706858637,-9.780882331752405,-10.332269157947326,-10.829540591097055,-11.27775622529649,-11.68158963574213,-12.04532671256214,-12.372877343563834,-12.667794986004312,-12.933300393822268,-13.172307049778052,-13.387446753538372,-13.581094428313937,-13.755391613007067,-13.912268368396399,-14.05346349137276,-14.180543033153373,-14.294917177824646,-14.397855571256445,-14.490501207143879,-14.573882983049435,-14.648927038984297,-14.716466986952987,-14.777253133693574,-14.831960791650754,-14.881197765686643,-14.92551109556658,-14.965393127088346,-15.001286977979488,-15.033591458428395,-15.062665500357975,-15.088832144289508,-15.112382127856725,-15.133577115687345,-15.15265260643889,-15.169820549223452,-15.185271698450249,-15.199177733223065,-15.211693164823412,-15.222957053461956,-15.233094553365564,-15.242218303362653,-15.250429678414559,-15.257819915996734,-15.264471129843752,-15.270457222321067,-15.275844705560404,-15.28069344048215,-15.285057301915845,-15.288984777208855,-15.292519504974308,-15.295700759964351,-15.298563889456126,-15.301140705999206,-15.303459840888287,-15.305547062288666,-15.307425561549136,-15.309116210883646,-15.310637795284762,-15.312007221245803,-15.313239704610762,-15.314348939639242,-15.315347251164882,-15.316245731537967,-15.317054363873746,-15.31778213297595,-15.318437125167936,-15.319026618140724,-15.319557161816233,-15.320034651124192,-15.320464391501357,-15.320851157840803,-15.321199247546307,-15.32151252828126,-15.32179448094272,-15.322048238338029,-15.32227661999381,-15.322482163484013,-15.322667152625195,-15.32283364285226,-15.322983484056618,-15.32311834114054,-15.32323971251607,-15.323348946754045,-15.323447257568226,-15.323535737300988,-15.323615369060471,-15.323687037644008,-15.32375153936919,-15.323809590921856,-15.323861837319255
28,0,-1.4471580313422192,-2.7602665866509994,-3.959425083867183,-5.055244588050083,-6.054883063534181,-6.96454543310738,-7.790345794088601,-8.538474659473946,-9.215118701669564,-9.8263265737927,-10.37789281330043,-10.875278558482105,-11.323567264421142,-11.72744751868406,-12.091214699468402,-12.418784716925927,-12.713714865666454,-12.979228353028859,-13.218240234913479,-13.433383322181017,-13.627033189365024,-13.80133179561249,-13.958209473235783,-14.09940519477764,-14.226485125191667,-14.340859522267838,-14.443798079668403,-14.53644382209542,-14.61982566723692,-14.694869768171538,-14.762409745390919,-14.823195911146705,-14.877903581466134,-14.927140563539508,-14.97145389864538,-15.01133593356516,-15.047229786665838,-15.07953426855152,-15.108608311415395,-15.134774955954493,-15.158324939916803,-15.179519928004357,-15.198595418922986,-15.215763361816206,-15.231214511113668,-15.245120545932437,-15.25763597756267,-15.268899866220648,-15.279037366136897,-15.288161116142206,-15.296372491199456,-15.303762728785106,-15.310413942634385,-15.31640003511317,-15.321787518353462,-15.326636253275831,-15.331000114709932,-15.334927590003204,-15.338462317768828,-15.341643572758981,-15.34450670225083,-15.347083518793955,-15.34940265368307,-15.351489875083466,-15.353368374343951,-15.35505902367847,-15.356580608079591,-15.357950034040634,-15.359182517405596,-15.360291752434078,-15.36129006395972,-15.362188544332803,-15.362997176668582,-15.363724945770787,-15.364379937962774,-15.364969430935561,-15.36549997461107,-15.36597746391903,-15.366407204296195,-15.366793970635642,-15.367142060341147,-15.367455341076099,-15.367737293737557,-15.367991051132869,-15.36821943278865,-15.368424976278853,-15.368609965420033,-15.368776455647097,-15.368926296851456,-15.369061153935379,-15.369182525310908,-15.369291759548885,-15.369390070363064,-15.369478550095826,-15.369558181855309,-15.369629850438846,-15.36969435216403,-15.369752403716696,-15.369804650114093
29,0,-1.462397997898956,-2.785992743770011,-3.992075794172799,-5.09235756060389,-6.094832413914631,-7.006285748075635,-7.83321462467662,-8.582055105369687,-9.259148913634972,-9.870641926617468,-10.422389534551217,-10.919891012049694,-11.368253785219073,-11.772181565485266,-12.135979310808848,-12.463569022534735,-12.75851188183814,-13.024033583608837,-13.263050780140068,-13.478197309119416,-13.671849406821517,-13.84614945953825,-14.003028075665528,-14.144224406388298,-14.271304732357114,-14.385679386348638,-14.488618110656088,-14.581263961535958,-14.664645877158986,-14.739690023904101,-14.807230030901792,-14.8680162160161,-14.922723898921156,-14.971960889177334,-15.016274229603681,-15.056156267982972,-15.092050123333188,-15.124354606681662,-15.153428650496759,-15.179595295654426,-15.20314528001899,-15.224340268368133,-15.243415759456873,-15.260583702460723,-15.27603485183013,-15.289940886695684,-15.302456318356343,-15.31372020703411,-15.323857706963226,-15.332981456976903,-15.341192832039598,-15.348583069628786,-15.355234283480367,-15.361220375960649,-15.366607859201915,-15.371456594124915,-15.375820455559428,-15.37974793085297,-15.383282658618768,-15.386463913609035,-15.389327043100957,-15.39190385964413,-15.394222994533274,-15.396310215933692,-15.398188715194191,-15.399879364528719,-15.401400948929844,-15.40277037489089,-15.404002858255854,-15.405112093284336,-15.40611040480998,-15.407008885183066,-15.407817517518845,-15.408545286621049,-15.409200278813035,-15.409789771785823,-15.410320315461334,-15.410797804769294,-15.411227545146458,-15.411614311485906,-15.411962401191408,-15.412275681926362,-15.412557634587818,-15.412811391983132,-15.413039773638912,-15.413245317129114,-15.413430306270298,-15.413596796497362,-15.413746637701719,-15.413881494785642,-15.414002866161171,-15.414112100399148,-15.414210411213327,-15.414298890946087,-15.414378522705574,-15.41445019128911,-15.414514693014294,-15.414572744566957,-15.414624990964356
30,0,-1.4771212547196624,-2.810906280808166,-4.023761295565883,-5.128434105806129,-6.133716010465753,-7.046950712436466,-7.875006876698614,-8.624560736762245,-9.302106739358095,-9.913887103916453,-10.465817826917165,-10.963436323270217,-11.411874073805006,-11.815850007873342,-12.179678743639537,-12.507288435308883,-12.802244195274803,-13.067774237236826,-13.306796831298259,-13.521946856438639,-13.715601220347216,-13.889902742884777,-14.04678231277541,-14.187979262640482,-14.315059990661856,-14.429434905804616,-14.532373799778997,-14.625019760909451,-14.708401748184594,-14.783445941502245,-14.85098597877423,-14.911772183569834,-14.966479879270535,-15.015716877846167,-15.060030223681881,-15.099912265578517,-15.135806123215888,-15.16811060805162,-15.197184652833858,-15.223351298620443,-15.246901283393996,-15.268096272009105,-15.287171763270807,-15.304339706387138,-15.319790855829691,-15.333696890742818,-15.346212322434411,-15.357476211132298,-15.367613711074497,-15.376737461096683,-15.384948836164911,-15.3923390737577,-15.398990287611621,-15.404976380093425,-15.41036386333568,-15.415212598259325,-15.419576459694255,-15.42350393498807,-15.427038662754045,-15.430219917744425,-15.433083047236424,-15.435659863779644,-15.437978998668822,-15.44006622006926,-15.441944719329772,-15.443635368664307,-15.445156953065439,-15.44652637902649,-15.447758862391456,-15.44886809741994,-15.449866408945585,-15.45076488931867,-15.451573521654451,-15.452301290756656,-15.452956282948643,-15.45354577592143,-15.45407631959694,-15.454553808904901,-15.454983549282064,-15.455370315621511,-15.455718405327016,-15.45603168606197,-15.456313638723426,-15.456567396118738,-15.456795777774518,-15.457001321264721,-15.457186310405904,-15.457352800632968,-15.457502641837326,-15.457637498921247,-15.457758870296777,-15.457868104534754,-15.457966415348933,-15.458054895081695,-15.45813452684118,-15.458206195424717,-15.4582706971499,-15.458328748702565,-15.458380995099963
31,0,-1.4913616938342726,-2.8350572101133595,-4.054537612568144,-5.163531553822322,-6.171590718678418,-7.086596291208105,-7.915777679939147,-8.666046045169917,-9.344046223210684,-9.956115850699367,-10.508231239875881,-11.005967915579049,-11.454481472888142,-11.858506136983047,-12.222366256151936,-12.549996192375433,-12.844965029612572,-13.110503528892552,-13.349531597803148,-13.564685169970495,-13.75834183346291,-13.932644847680383,-14.089525385628745,-14.230722963972957,-14.35780410014011,-14.472179280407763,-14.575118346639048,-14.66776441970746,-14.751146479733663,-14.826190720339373,-14.893730788351423,-14.95451701313146,-15.009224721825076,-15.058461728848515,-15.10277508017711,-15.142657125645412,-15.178550985605279,-15.210855471951266,-15.23992951771559,-15.266096164140825,-15.289646149329688,-15.310841138214878,-15.329916629652223,-15.347084572882771,-15.362535722399604,-15.376441757361038,-15.388957189084048,-15.400221077802364,-15.410358577757851,-15.419482327788677,-15.427693702862523,-15.435083940458966,-15.441735154315264,-15.447721246798613,-15.453108730041876,-15.457957464966173,-15.46232132640153,-15.466248801695619,-15.469783529461774,-15.472964784452273,-15.475827913944345,-15.478404730487618,-15.480723865376826,-15.482811086777286,-15.48468958603781,-15.486380235372355,-15.487901819773493,-15.489271245734548,-15.490503729099517,-15.491612964128002,-15.492611275653646,-15.493509756026732,-15.494318388362514,-15.495046157464719,-15.495701149656705,-15.496290642629493,-15.496821186305004,-15.497298675612964,-15.497728415990128,-15.498115182329576,-15.498463272035078,-15.498776552770032,-15.499058505431488,-15.499312262826802,-15.499540644482583,-15.499746187972784,-15.499931177113968,-15.500097667341032,-15.500247508545389,-15.500382365629312,-15.500503737004841,-15.500612971242818,-15.500711282056997,-15.500799761789757,-15.500879393549244,-15.50095106213278,-15.501015563857964,-15.501073615410627,-15.501125861808026
32,0,-1.505149978319906,-2.858491006152078,-4.084455893698159,-5.197702392267952,-6.208508686521057,-7.125273847494106,-7.9555776452652935,-8.706561056773435,-9.385016977079076,-9.997377499163747,-10.549678921787553,-11.04753481826224,-11.496124935212363,-11.900198856521952,-12.264090720666827,-12.591741145955103,-12.886723224184195,-13.15227028963226,-13.391303905387272,-13.606461072017787,-13.80012006625869,-13.974424592585788,-14.131306111961905,-14.272504327523764,-14.399585877542306,-14.513961326657245,-14.616900567572433,-14.709546754160419,-14.792928887967976,-14.867973176532685,-14.935513275721613,-14.99629952077041,-15.051007242641983,-15.10024425823364,-15.144557615133458,-15.184439664224401,-15.220333526539923,-15.252638014417728,-15.281712061178176,-15.307878708251183,-15.331428693861294,-15.352623683020429,-15.371699174635921,-15.388867117982324,-15.404318267574501,-15.418224302584932,-15.430739734339806,-15.442003623078843,-15.452141123047806,-15.461264873087398,-15.469476248166943,-15.476866485767095,-15.483517699625802,-15.48950379211072,-15.494891275355,-15.499740010279961,-15.504103871715749,-15.50803134701012,-15.511566074776455,-15.514747329767074,-15.517610459259224,-15.520187275802545,-15.522506410691788,-15.524593632092268,-15.526472131352806,-15.52816278068736,-15.529684365088503,-15.531053791049562,-15.532286274414533,-15.53339550944302,-15.534393820968665,-15.535292301341752,-15.536100933677533,-15.53682870277974,-15.537483694971726,-15.538073187944516,-15.538603731620025,-15.539081220927985,-15.53951096130515,-15.539897727644597,-15.540245817350101,-15.540559098085053,-15.540841050746511,-15.541094808141821,-15.541323189797604,-15.541528733287807,-15.541713722428987,-15.541880212656052,-15.54203005386041,-15.542164910944333,-15.542286282319862,-15.54239551655784,-15.542493827372018,-15.54258230710478,-15.542661938864264,-15.5427336074478,-15.542798109172985,-15.54285616072565,-15.542908407123047
33,0,-1.5185139398778875,-2.8812491397439746,-4.113562964454127,-5.230994801613585,-6.244517858776733,-7.163030641198283,-7.994453353479933,-8.746151815467476,-9.425064660093085,-10.03771744652421,-10.590206096624073,-11.088182142535839,-11.536849499243626,-11.940973158216984,-12.304897098930466,-12.632568238563474,-12.927563709159717,-13.193119441690634,-13.432158671177568,-13.647319476415166,-13.840980830444355,-14.015286887937796,-14.1721694012236,-14.313368262166659,-14.440450231369692,-14.554825952812807,-14.657765370682243,-14.750411672269761,-14.833793880822968,-14.908838217974756,-14.976378348749536,-15.037164614333335,-15.091872349556153,-15.141109373828797,-15.185422736373221,-15.225304789134547,-15.261198653836784,-15.293503143266616,-15.322577191036329,-15.348743838765657,-15.37229382480258,-15.393488814239275,-15.412564306035268,-15.429732249499056,-15.44518339916757,-15.459089434227645,-15.471604866014804,-15.482868754774838,-15.493006254757455,-15.502130004805927,-15.510341379891248,-15.517731617495153,-15.524382831356306,-15.530368923842811,-15.535756407088124,-15.540605142013757,-15.54496900344998,-15.548896478744634,-15.552431206511157,-15.555612461501894,-15.558475590994123,-15.561052407537497,-15.56337154242677,-15.565458763827273,-15.567337263087826,-15.569027912422388,-15.570549496823537,-15.571918922784599,-15.573151406149572,-15.57426064117806,-15.57525895270371,-15.576157433076796,-15.576966065412579,-15.577693834514784,-15.57834882670677,-15.578938319679558,-15.57946886335507,-15.579946352663029,-15.580376093040195,-15.580762859379643,-15.581110949085145,-15.581424229820097,-15.581706182481556,-15.58195993987687,-15.58218832153265,-15.582393865022851,-15.582578854164034,-15.5827453443911,-15.582895185595456,-15.583030042679377,-15.583151414054909,-15.583260648292885,-15.583358959107064,-15.583447438839825,-15.58352707059931,-15.583598739182847,-15.58366324090803,-15.583721292460693,-15.583773538858091
34,0,-1.5314789170422551,-2.903369535550824,-4.1419018032193025,-5.263453117285331,-6.279662421481575,-7.199910260058606,-8.032447777769455,-8.784860800206442,-9.464231393031609,-10.077177567731928,-10.629854475711541,-11.127951492712096,-11.576696699989354,-11.980870532421097,-12.344826852588794,-12.672518913401678,-12.967527915884062,-13.233092408784362,-13.472137313977045,-13.687301798796705,-13.880965539607857,-14.055273146001815,-14.212156664823569,-14.353356178757313,-14.480438572118913,-14.594814569138304,-14.697754166081323,-14.790400584050323,-14.87378286824985,-14.948827254575473,-15.016367417318236,-15.077153703685836,-15.131861452421855,-15.181098485480897,-15.225411853738514,-15.265293910214854,-15.301187777332844,-15.333492268333593,-15.362566317124859,-15.388732965518505,-15.41228295198744,-15.433477941705075,-15.45255343368377,-15.469721377266373,-15.485172527012153,-15.499078562122477,-15.511593993942316,-15.522857882723603,-15.532995382720042,-15.5421191327775,-15.550330507868667,-15.557720745476374,-15.564371959339997,-15.57035805182811,-15.57574553507447,-15.580594270000782,-15.58495813143745,-15.58888560673239,-15.5924203344991,-15.59560158948996,-15.598464718982267,-15.601041535525692,-15.603360670414999,-15.605447891815523,-15.60732639107609,-15.609017040410663,-15.610538624811817,-15.611908050772882,-15.613140534137859,-15.61424976916635,-15.615248080691996,-15.616146561065086,-15.61695519340087,-15.617682962503075,-15.618337954695061,-15.61892744766785,-15.619457991343362,-15.619935480651321,-15.620365221028484,-15.620751987367933,-15.621100077073436,-15.62141335780839,-15.621695310469846,-15.62194906786516,-15.622177449520938,-15.622382993011142,-15.622567982152324,-15.622734472379388,-15.622884313583747,-15.62301917066767,-15.623140542043199,-15.623249776281176,-15.623348087095355,-15.623436566828117,-15.6235161985876,-15.623587867171137,-15.623652368896321,-15.623710420448985,-15.623762666846384
35,0,-1.5440680443502757,-2.9248869657063117,-4.169511952690629,-5.295118230271153,-6.313983187669562,-7.235952993845961,-8.069600650398534,-8.822727287195415,-9.502556117901126,-10.115796573549721,-10.668662614933437,-11.166881322888717,-11.615704925378932,-12.019929324304904,-12.38391829926167,-12.711631470356746,-13.006654132830445,-13.272227472035524,-13.5112781101689,-13.726446312487544,-13.920112465098924,-14.094421636850276,-14.251306172007624,-14.392506346006176,-14.519589168153447,-14.63396544377222,-14.736905221762182,-14.829551757399868,-14.912934118084866,-14.987978554131134,-15.05551874919806,-15.1163050565814,-15.171012818981618,-15.220249860925339,-15.264563234960116,-15.304445295193092,-15.340339164753916,-15.3726436573432,-15.401717707167482,-15.4278843562329,-15.451434343138692,-15.472629333140425,-15.491704825303872,-15.508872769006624,-15.524323918830543,-15.538229953991681,-15.550745385844566,-15.562009274647345,-15.572146774657758,-15.581270524724307,-15.589481899821385,-15.596872137432936,-15.603523351299058,-15.609509443788799,-15.614896927036215,-15.619745661963215,-15.62410952340033,-15.62803699869556,-15.63157172646246,-15.634752981453444,-15.63761611094583,-15.640192927489306,-15.642512062378648,-15.644599283779193,-15.646477783039774,-15.648168432374355,-15.649690016775518,-15.651059442736587,-15.652291926101567,-15.653401161130057,-15.654399472655708,-15.655297953028796,-15.65610658536458,-15.656834354466785,-15.657489346658771,-15.65807883963156,-15.658609383307072,-15.659086872615031,-15.659516612992197,-15.659903379331645,-15.660251469037147,-15.6605647497721,-15.660846702433558,-15.661100459828871,-15.661328841484652,-15.661534384974853,-15.661719374116037,-15.6618858643431,-15.662035705547458,-15.66217056263138,-15.66229193400691,-15.662401168244887,-15.662499479059065,-15.662587958791827,-15.662667590551312,-15.662739259134849,-15.662803760860031,-15.662861812412697,-15.662914058810093
36,0,-1.5563025007672873,-2.945833390011164,-4.1964298770777475,-5.326027935861256,-6.3475179335629495,-7.271196160572275,-8.105948782335952,-8.859787665525314,-9.540074911240385,-10.153610322510485,-10.706666225907156,-11.20500724766475,-11.653909726703308,-12.05818504412754,-12.422206922709089,-12.749941376102097,-13.044977815659145,-13.31056008000374,-13.549616503731544,-13.764788458507915,-13.958457046025943,-14.132767798354902,-14.289653359846934,-14.430854200465802,-14.55793745568968,-14.672314012712919,-14.775253973581716,-14.867900628083472,-14.95128306603347,-15.02632755230847,-15.093867780030576,-15.154654108645248,-15.209361884850038,-15.258598935769822,-15.302912315641231,-15.342794379669549,-15.37868825169839,-15.410992745892596,-15.44006679676055,-15.466233446504676,-15.48978343385184,-15.510978424140603,-15.530053916490713,-15.547221860314856,-15.562673010217718,-15.576579045430195,-15.589094477316468,-15.600358366140958,-15.610495866165493,-15.619619616241225,-15.627830991344275,-15.635221228959711,-15.64187244282836,-15.647858535319742,-15.653246018568225,-15.658094753495922,-15.662458614933488,-15.666386090229013,-15.669920817996102,-15.67310207298721,-15.675965202479679,-15.678542019023206,-15.680861153912582,-15.682948375313151,-15.684826874573744,-15.686517523908337,-15.688039108309503,-15.689408534270578,-15.69064101763556,-15.691750252664052,-15.692748564189703,-15.693647044562793,-15.694455676898576,-15.695183446000783,-15.69583843819277,-15.69642793116556,-15.69695847484107,-15.697435964149031,-15.697865704526194,-15.698252470865642,-15.698600560571146,-15.6989138413061,-15.699195793967558,-15.699449551362868,-15.699677933018648,-15.699883476508852,-15.700068465650034,-15.700234955877098,-15.700384797081457,-15.700519654165378,-15.700641025540907,-15.700750259778886,-15.700848570593065,-15.700937050325825,-15.70101668208531,-15.701088350668847,-15.70115285239403,-15.701210903946695,-15.701263150344094
37,0,-1.568201724066995,-2.966238251180257,-4.222689273457338,-5.356217238419928,-6.380301692708929,-7.305674391965075,-8.141526342934663,-8.896075713304214,-9.576821258164909,-10.190652093751096,-10.743898448113578,-11.242362313855196,-11.691344090080987,-12.095670638551132,-12.459725644051808,-12.787481535259316,-13.082531858342046,-13.3481231197869,-13.587185377324088,-13.802361116648784,-13.996032160325257,-14.170344507251897,-14.327231104300541,-14.46843261759166,-14.595516309856597,-14.7098931508776,-14.812833296319697,-14.905480070791686,-14.988862586728285,-15.063907123702464,-15.131447384386332,-15.19223373443204,-15.246941524571456,-15.29617858455197,-15.340491970315128,-15.380374038174654,-15.416267912694854,-15.448572408509166,-15.477646460430678,-15.503813110859937,-15.527363098652653,-15.548558089231166,-15.567633581769707,-15.584801525716392,-15.600252675698947,-15.61415871096325,-15.626674142883227,-15.637938031729636,-15.648075531768425,-15.657199281853428,-15.665410656962507,-15.672800894581863,-15.679452108453063,-15.685438200946102,-15.690825684195666,-15.695674419124062,-15.700038280562083,-15.703965755857906,-15.70750048362519,-15.71068173861642,-15.713544868108972,-15.716121684652553,-15.718440819541962,-15.720528040942552,-15.722406540203163,-15.724097189537764,-15.725618773938937,-15.726988199900015,-15.728220683265,-15.729329918293494,-15.730328229819145,-15.731226710192235,-15.73203534252802,-15.732763111630227,-15.733418103822215,-15.734007596795003,-15.734538140470514,-15.735015629778475,-15.73544537015564,-15.735832136495087,-15.73618022620059,-15.736493506935544,-15.736775459597,-15.737029216992314,-15.737257598648094,-15.737463142138296,-15.73764813127948,-15.737814621506544,-15.7379644627109,-15.738099319794824,-15.738220691170353,-15.73832992540833,-15.738428236222509,-15.738516715955269,-15.738596347714756,-15.738668016298291,-15.738732518023475,-15.738790569576139,-15.738842815973538
38,0,-1.5797835966168101,-2.986128732092081,-4.248321344183681,-5.385718618703946,-6.412367014253956,-7.339419884197988,-8.176365105543137,-8.931622840101664,-9.612826292935694,-10.226952826488223,-10.78039008773558,-11.278977238953912,-11.7280386746961,-12.132416728741998,-12.496505059787992,-12.824282528361849,-13.119346831092802,-13.384947154930005,-13.624015290181463,-13.839194843358168,-14.032868362641791,-14.207182317018896,-14.364069958089933,-14.505272149615143,-14.632356282567777,-14.74673340997366,-14.849673741549704,-14.942320637011212,-15.025703231599584,-15.100747819706749,-15.168288113635139,-15.229074485296119,-15.283782289490155,-15.333019358609532,-15.377332750315304,-15.417214822039146,-15.45310869907225,-15.48541319652069,-15.514487249504878,-15.540653900625207,-15.564203888867334,-15.585398879738108,-15.604474372466713,-15.621642316537002,-15.63709346659994,-15.65099950191652,-15.663514933870491,-15.674778822739011,-15.68491632279218,-15.694040072886532,-15.702251448001691,-15.709641685625002,-15.716292899498773,-15.722278991993486,-15.727666475244137,-15.732515210173242,-15.736879071611723,-15.740806546907846,-15.744341274675323,-15.74752252966668,-15.750385659159313,-15.75296247570295,-15.755281610592393,-15.757368831993006,-15.759247331253631,-15.76093798058824,-15.76245956498942,-15.763828990950502,-15.765061474315491,-15.766170709343987,-15.76716902086964,-15.76806750124273,-15.768876133578514,-15.769603902680721,-15.77025889487271,-15.770848387845499,-15.77137893152101,-15.77185642082897,-15.772286161206134,-15.772672927545583,-15.773021017251086,-15.77333429798604,-15.773616250647496,-15.77387000804281,-15.774098389698588,-15.774303933188792,-15.774488922329974,-15.774655412557038,-15.774805253761397,-15.77494011084532,-15.775061482220849,-15.775170716458824,-15.775269027273003,-15.775357507005765,-15.77543713876525,-15.775508807348787,-15.775573309073971,-15.775631360626635,-15.775683607024032
39,0,-1.591064607026499,-3.005529980764928,-4.273355036066001,-5.414562269131357,-6.443744190494204,-7.3724626188472016,-8.210494663923338,-8.96645830053037,-9.648119010848934,-10.262541330917422,-10.816169827978028,-11.314880621112017,-11.764022022572425,-12.168451820020444,-12.532573651366313,-12.860372821380157,-13.155451189861724,-13.421060634900748,-13.660134687577681,-13.875318081196436,-14.068994093779226,-14.24330966732181,-14.400198360143742,-14.541401234986882,-14.668485811963805,-14.782863227940508,-14.885803747080555,-14.978450764466078,-15.061833438316325,-15.136878077954508,-15.204418405386937,-15.265204798832315,-15.31991261719115,-15.369149695521145,-15.413463093216247,-15.453345168834813,-15.489239048400611,-15.521543547496057,-15.550617601551304,-15.576784253368153,-15.600334242063239,-15.621529233228584,-15.640604726148753,-15.657772670343624,-15.673223820487578,-15.687129855856847,-15.699645287845085,-15.710909176735887,-15.721046676803548,-15.730170426907325,-15.738381802028615,-15.745772039655911,-15.752423253532275,-15.758409346028673,-15.76379682928042,-15.768645564210237,-15.773009425649182,-15.776936900945605,-15.78047162871328,-15.783652883704766,-15.78651601319748,-15.78909282974117,-15.79141196463065,-15.793499186031285,-15.795377685291927,-15.797068334626545,-15.798589919027732,-15.799959344988817,-15.801191828353806,-15.802301063382306,-15.80329937490796,-15.804197855281052,-15.805006487616835,-15.805734256719044,-15.806389248911032,-15.806978741883821,-15.80750928555933,-15.807986774867292,-15.808416515244456,-15.808803281583904,-15.809151371289408,-15.809464652024362,-15.809746604685818,-15.81000036208113,-15.81022874373691,-15.810434287227114,-15.810619276368296,-15.81078576659536,-15.810935607799719,-15.81107046488364,-15.81119183625917,-15.811301070497146,-15.811399381311325,-15.811487861044087,-15.811567492803572,-15.81163916138711,-15.811703663112292,-15.811761714664957,-15.811813961062356
40,0,-1.6020599913279623,-3.0244653077994488,-4.297817251062329,-5.442776301505522,-6.474461457988452,-7.40483055821919,-8.24394262354035,-9.000609382986687,-9.682726455444664,-10.297444474520438,-10.851264414846595,-11.350099124604622,-11.799320743853407,-12.203802487027373,-12.567957970282675,-12.895778950774812,-13.19087146136134,-13.456490080097568,-13.695570085822663,-13.910757343825937,-14.104435865684982,-14.278753068996814,-14.435642820577767,-14.576846383355507,-14.70393140739023,-14.81830911392698,-14.921249821933383,-15.013896962094483,-15.097279715762847,-15.172324407295077,-15.239864768468326,-15.300651183852453,-15.35535901647666,-15.404596104082783,-15.44890950780987,-15.488791587350931,-15.524685469467501,-15.55698997022172,-15.586064025355675,-15.612230677874026,-15.635780667025314,-15.656975658487333,-15.67605115160044,-15.693219095920782,-15.708670246146337,-15.72257628156867,-15.73509171359142,-15.746355602504664,-15.756493102586921,-15.765616852700191,-15.773828227827652,-15.781218465458963,-15.787869679337938,-15.793855771836034,-15.799243255088886,-15.804091990019423,-15.808455851458834,-15.81238332675556,-15.815918054523433,-15.819099309515046,-15.821962439007846,-15.82453925555159,-15.826858390441105,-15.828945611841762,-15.830824111102418,-15.832514760437048,-15.834036344838239,-15.83540577079933,-15.836638254164322,-15.837747489192822,-15.838745800718476,-15.83964428109157,-15.840452913427354,-15.841180682529563,-15.841835674721551,-15.84242516769434,-15.842955711369852,-15.843433200677811,-15.843862941054976,-15.844249707394424,-15.844597797099928,-15.84491107783488,-15.845193030496338,-15.845446787891651,-15.845675169547432,-15.845880713037634,-15.846065702178816,-15.84623219240588,-15.846382033610238,-15.84651689069416,-15.84663826206969,-15.846747496307668,-15.846845807121847,-15.846934286854607,-15.847013918614094,-15.847085587197629,-15.847150088922811,-15.847208140475477,-15.847260386872874
41,0,-1.6127838567197355,-3.042956360231638,-4.3217330324595915,-5.470386930967731,-6.504545175825879,-7.43654981852348,-8.276734771129142,-9.034101576918136,-9.716673884382297,-10.33168734711738,-10.885698821715645,-11.384657644112286,-11.833959680912214,-12.238493537730296,-12.60268280202216,-12.930525687398484,-13.225632406943198,-13.491260245710452,-13.730346236112805,-13.945537379854986,-14.139218425289956,-14.313537267887341,-14.470428084530226,-14.611632339401737,-14.738717813230883,-14.853095812124192,-14.956036710174175,-15.048683973881147,-15.13206680787107,-15.207111551626081,-15.274651946754638,-15.335438384217376,-15.390146231198111,-15.439383328139748,-15.4836967379375,-15.523578821426241,-15.559472706109975,-15.591777208533633,-15.620851264753245,-15.647017917977616,-15.670567907588042,-15.691762899348651,-15.71083839265594,-15.728006337102562,-15.743457487410241,-15.757363522885983,-15.769878954943465,-15.7811428438793,-15.791280343976247,-15.800404094099068,-15.808615469232743,-15.816005706868095,-15.822656920749697,-15.828643013249504,-15.834030496503466,-15.838879231434724,-15.843243092874607,-15.84717056817164,-15.85070529593971,-15.853886550931453,-15.856749680424336,-15.859326496968135,-15.861645631857686,-15.863732853258368,-15.865611352519037,-15.867302001853677,-15.868823586254875,-15.87019301221597,-15.871425495580965,-15.872534730609466,-15.873533042135122,-15.874431522508216,-15.875240154844,-15.87596792394621,-15.876622916138198,-15.877212409110987,-15.877742952786498,-15.878220442094458,-15.878650182471624,-15.879036948811072,-15.879385038516574,-15.879698319251528,-15.879980271912986,-15.880234029308298,-15.880462410964078,-15.88066795445428,-15.880852943595464,-15.881019433822527,-15.881169275026885,-15.881304132110808,-15.881425503486337,-15.881534737724316,-15.881633048538493,-15.881721528271255,-15.88180116003074,-15.881872828614275,-15.88193733033946,-15.881995381892123,-15.882047628289522
42,0,-1.6232492903979006,-3.061023275093811,-4.345125729872786,-5.4974186393531514,-6.534019984073104,-7.467644823814493,-8.308895225404148,-9.066958721451524,-9.749984916799121,-10.365293407470183,-10.919496395485984,-11.418579450614642,-11.867962054087204,-12.272548159062831,-12.636771311639478,-12.964636182039616,-13.259757168118389,-13.52539426722675,-13.764486270027401,-13.979681318328263,-14.173364899995029,-14.347685390328074,-14.504577277644087,-14.645782228319675,-14.772868154388503,-14.887246447245717,-14.990187536393645,-15.082834924336984,-15.166217839100067,-15.241262635372898,-15.308803064649359,-15.369589524316345,-15.424297385735514,-15.47353449206604,-15.517847907969227,-15.557729995428291,-15.593623882693933,-15.625928386796625,-15.655002444108138,-15.681169098042592,-15.704719088114802,-15.72591408017572,-15.744989573678307,-15.76215751825194,-15.777608668642218,-15.791514704171677,-15.804030136264092,-15.815294025222645,-15.825431525334366,-15.834555275466798,-15.842766650606722,-15.850156888246138,-15.856808102130383,-15.862794194631906,-15.868181677886987,-15.873030412818972,-15.877394274259327,-15.881321749556667,-15.884856477324936,-15.88803773231681,-15.89090086180978,-15.893477678353632,-15.89579681324322,-15.897884034643925,-15.899762533904608,-15.901453183239257,-15.902974767640464,-15.904344193601561,-15.905576676966557,-15.906685911995062,-15.90768422352072,-15.908582703893813,-15.9093913362296,-15.910119105331809,-15.910774097523797,-15.911363590496588,-15.911894134172098,-15.912371623480059,-15.912801363857223,-15.913188130196671,-15.913536219902175,-15.913849500637129,-15.914131453298586,-15.914385210693897,-15.914613592349678,-15.914819135839881,-15.915004124981063,-15.915170615208128,-15.915320456412486,-15.915455313496407,-15.915576684871937,-15.915685919109913,-15.915784229924093,-15.915872709656854,-15.91595234141634,-15.916024009999877,-15.916088511725059,-15.916146563277724,-15.916198809675121
43,0,-1.6334684555795864,-3.078684815452974,-4.368017145873376,-5.523894320632313,-6.562908944957044,-7.498138443173864,-8.340446571332917,-9.09920313777509,-9.782681664530013,-10.398284613807135,-10.952678986697457,-11.45188632125833,-11.901349591403225,-12.305988046557006,-12.670245173336546,-12.998132094965928,-13.293267396079617,-13.558913789939643,-13.798011829028422,-14.013210798221001,-14.206896927161676,-14.381219072633234,-14.538112035553883,-14.67931768530263,-14.806404065769934,-14.920782654012354,-15.02372393519176,-15.116371447983457,-15.199754443920295,-15.274799292972848,-15.342339756568263,-15.403126238551126,-15.457834114481535,-15.507071230248407,-15.551384652287952,-15.59126674373748,-15.627160633598143,-15.65946513938841,-15.68853919779738,-15.714705852445533,-15.738255842981879,-15.759450835344639,-15.778526329043524,-15.795694273744813,-15.811145424218111,-15.825051459801559,-15.837566891929088,-15.848830780910474,-15.858968281037047,-15.868092031179135,-15.87630340632534,-15.88369364396884,-15.890344857855741,-15.896330950358992,-15.901718433615198,-15.906567168547914,-15.910931029988744,-15.914858505286393,-15.918393233054863,-15.921574488046867,-15.92443761753992,-15.927014434083828,-15.929333568973451,-15.931420790374181,-15.933299289634881,-15.93498993896954,-15.93651152337075,-15.937880949331854,-15.939113432696853,-15.94022266772536,-15.941220979251018,-15.942119459624111,-15.9429280919599,-15.943655861062107,-15.944310853254096,-15.944900346226886,-15.945430889902399,-15.945908379210358,-15.946338119587523,-15.946724885926972,-15.947072975632475,-15.947386256367428,-15.947668209028887,-15.947921966424197,-15.948150348079977,-15.94835589157018,-15.948540880711363,-15.948707370938427,-15.948857212142785,-15.948992069226708,-15.949113440602236,-15.949222674840213,-15.949320985654392,-15.949409465387154,-15.949489097146639,-15.949560765730176,-15.94962526745536,-15.949683319008024,-15.949735565405422
44,0,-1.6434526764861874,-3.0959584912622757,-4.390427666625838,-5.549835410713085,-6.591233668953118,-7.528052113230073,-8.371409980027392,-9.130855747304087,-9.81478484920448,-10.430681540277222,-10.985267065600892,-11.484598655201246,-11.93414264427918,-12.338833519967844,-12.703124686036068,-13.03103371146625,-13.326183367223074,-13.591839084457376,-13.830943179961674,-14.046146083934971,-14.239834769604604,-14.414158576587072,-14.571052619374784,-14.712258971031307,-14.839345807773707,-14.953724692639359,-15.056666166664705,-15.14931380483939,-15.232696882300301,-15.307741784361797,-15.375282282425987,-15.436068786822553,-15.490776677328032,-15.540013802572874,-15.584327230775905,-15.624209326233569,-15.660103218700765,-15.6924077261861,-15.72148178569741,-15.747648441062438,-15.771198432064988,-15.792393424730934,-15.81146891862699,-15.828636863456506,-15.844088014013193,-15.857994049650873,-15.87050948181367,-15.881773370817996,-15.891910870959482,-15.901034621111272,-15.909245996263786,-15.91663623391139,-15.92328744780096,-15.929273540305946,-15.93466102356328,-15.939509758496728,-15.943873619938035,-15.947801095235995,-15.95133582300467,-15.954517077996805,-15.957380207489942,-15.959957024033907,-15.962276158923563,-15.964363380324317,-15.966241879585032,-15.9679325289197,-15.96945411332092,-15.970823539282026,-15.972056022647028,-15.973165257675536,-15.974163569201195,-15.97506204957429,-15.975870681910077,-15.976598451012286,-15.977253443204276,-15.977842936177066,-15.978373479852578,-15.978850969160538,-15.979280709537703,-15.979667475877152,-15.980015565582654,-15.980328846317608,-15.980610798979066,-15.980864556374378,-15.981092938030157,-15.98129848152036,-15.981483470661543,-15.981649960888607,-15.981799802092965,-15.981934659176888,-15.982056030552418,-15.982165264790392,-15.982263575604572,-15.982352055337333,-15.982431687096819,-15.982503355680356,-15.98256785740554,-15.982625908958203,-15.982678155355602
45,0,-1.6532125137753437,-3.1128606670032957,-4.412376378553767,-5.575262003539646,-6.619014427626193,-7.557405947800509,-8.401805316000452,-9.161936177356292,-9.846313906935858,-10.462503481042607,-11.017279825893999,-11.516735577135483,-11.966360290922944,-12.371103626590486,-12.735428876650795,-13.063360045090047,-13.35852408636926,-13.62418914991222,-13.863299318258196,-14.07850616849504,-14.272197418785185,-14.44652289263528,-14.603418018892723,-14.74462507486307,-14.87171236947878,-14.986091552024805,-15.089033219593023,-15.181680983608945,-15.26506414289461,-15.340109098162014,-15.40764963082382,-15.468436157718283,-15.5231440628538,-15.572381197612474,-15.616694632002371,-15.656576731483414,-15.69247062656707,-15.72477513575394,-15.753849196371796,-15.780015852456442,-15.803565843926977,-15.82476083689727,-15.84383633099125,-15.861004275949485,-15.876455426589883,-15.890361462282003,-15.902876894480205,-15.914140783507554,-15.924278283664014,-15.933402033825544,-15.941613408984388,-15.949003646636111,-15.955654860528359,-15.961640953035088,-15.967028436293553,-15.97187717122774,-15.976241032669527,-15.980168507967797,-15.983703235736673,-15.986884490728942,-15.989747620222165,-15.992324436766184,-15.994643571655878,-15.996730793056654,-15.998609292317385,-16.000299941652063,-16.001821526053288,-16.0031909520144,-16.004423435379405,-16.005532670407913,-16.006530981933576,-16.00742946230667,-16.008238094642458,-16.008965863744667,-16.009620855936657,-16.010210348909446,-16.01074089258496,-16.01121838189292,-16.011648122270085,-16.01203488860953,-16.012382978315035,-16.01269625904999,-16.012978211711445,-16.01323196910676,-16.01346035076254,-16.013665894252743,-16.013850883393925,-16.014017373620987,-16.014167214825346,-16.014302071909267,-16.014423443284798,-16.014532677522773,-16.014630988336954,-16.014719468069714,-16.0147990998292,-16.014870768412738,-16.01493527013792,-16.014993321690586,-16.015045568087984
46,0,-1.662757831681574,-3.1294066578001836,-4.43388117275923,-5.600192955142251,-6.646270254802606,-7.586218836180543,-8.431651233279549,-9.192462855810684,-9.877287082065603,-10.49376854346641,-11.048735277575098,-11.548315029940895,-11.998020428864336,-12.402816233719808,-12.76717559249805,-13.09512893003385,-13.390307379131794,-13.655981806318112,-13.89509806028479,-14.110308865895103,-14.304002687154469,-14.4783298322261,-14.63522604490428,-14.776433807171035,-14.903521560983098,-15.017901042087816,-15.120842903779629,-15.213490794019513,-15.296874035381522,-15.37191904401988,-15.439459611387402,-15.500246160850466,-15.55495408066222,-15.604191224964886,-15.648504665561328,-15.688386769078573,-15.724280666787049,-15.7565851776809,-15.785659239408849,-15.81182589621542,-15.835375888155447,-15.856570881431063,-15.875646375723607,-15.892814320810974,-15.908265471535351,-15.922171507282087,-15.934686939515805,-15.945950828566252,-15.956088328737737,-15.965212078909033,-15.973423454074233,-15.980813691730088,-15.987464905625023,-15.993450998133499,-15.9988384813931,-16.003687216328025,-16.008051077770293,-16.01197855306888,-16.015513280837954,-16.018694535830356,-16.021557665323666,-16.02413448186774,-16.026453616757472,-16.02854083815827,-16.030419337419016,-16.032109986753706,-16.033631571154938,-16.03500099711605,-16.036233480481062,-16.03734271550957,-16.038341027035234,-16.03923950740833,-16.04004813974412,-16.040775908846328,-16.041430901038318,-16.042020394011107,-16.04255093768662,-16.04302842699458,-16.043458167371746,-16.043844933711192,-16.044193023416696,-16.04450630415165,-16.04478825681311,-16.04504201420842,-16.0452703958642,-16.045475939354404,-16.045660928495586,-16.04582741872265,-16.045977259927007,-16.046112117010928,-16.04623348838646,-16.046342722624438,-16.046441033438615,-16.04652951317138,-16.046609144930862,-16.0466808135144,-16.04674531523958,-16.046803366792247,-16.046855613189646
47,0,-1.6720978579357175,-3.1456108154394737,-4.454958838669842,-5.624645977054428,-6.6730190374253375,-7.614508531385141,-8.460965261654314,-9.222453096009744,-9.907721511213936,-10.52449373164194,-11.07965033015783,-11.579353857710734,-12.02913985786657,-12.4339881114923,-12.79838158409875,-13.12635710391364,-13.421549974673056,-13.687233777315688,-13.926356126082267,-14.141570893832037,-14.335267290884318,-14.50959611053968,-14.666493411944854,-14.807701882071497,-14.934790096130534,-15.049169876495206,-15.152111932776233,-15.244759949547982,-15.328143273189285,-15.403188335332027,-15.470728937492806,-15.531515509581816,-15.586223444107313,-15.63546059797848,-15.679774044797465,-15.719656152361356,-15.75555005270146,-15.787854565306727,-15.81692862814766,-15.84309528567804,-15.866645278088782,-15.88784027167052,-15.906915766162147,-15.924083711378982,-15.939534862187559,-15.953440897989053,-15.965956330258381,-15.977220219331988,-15.987357719518533,-15.996481469699626,-16.004692844871194,-16.01208308253119,-16.01873429642882,-16.02472038893905,-16.03010787219979,-16.034956607135456,-16.039320468578207,-16.043247943877102,-16.046782671646383,-16.04996392663892,-16.052827056132315,-16.055403872676447,-16.057723007566214,-16.059810228967034,-16.061688728227796,-16.063379377562494,-16.064900961963733,-16.066270387924853,-16.067502871289864,-16.068612106318376,-16.06961041784404,-16.07050889821714,-16.07131753055293,-16.072045299655137,-16.072700291847127,-16.073289784819917,-16.07382032849543,-16.07429781780339,-16.074727558180555,-16.07511432452,-16.07546241422551,-16.075775694960463,-16.076057647621916,-16.07631140501723,-16.07653978667301,-16.076745330163213,-16.076930319304395,-16.077096809531458,-16.077246650735816,-16.077381507819737,-16.07750287919527,-16.077612113433243,-16.077710424247424,-16.077798903980185,-16.07787853573967,-16.07795020432321,-16.07801470604839,-16.078072757601056,-16.078125003998455
48,0,-1.6812412373755872,-3.161486605522628,-4.4756251481786276,-5.648637720314293,-6.699277597253525,-7.642291729463567,-8.489763884153371,-9.251923172985974,-9.937633298709207,-10.55469502133104,-11.110040867311959,-11.60986788021283,-12.059734354278651,-12.464635007172095,-12.829062579422542,-13.15706028198452,-13.452267579907826,-13.717960764365797,-13.95708921355252,-14.172307947888603,-14.366006924047666,-14.540337420666592,-14.697235812466081,-14.838444991600618,-14.965533666687124,-15.079913746837372,-15.182855998059056,-15.275504141596343,-15.358887547671632,-15.433932663420805,-15.501473300441985,-15.562259895201013,-15.616967844469139,-15.666205007927706,-15.710518460981591,-15.750400572600194,-15.786294475577188,-15.818598989897305,-15.847673053853459,-15.873839712109104,-15.897389704991511,-15.918584698879988,-15.9376601935711,-15.954828138917668,-15.970279289810614,-15.984185325666976,-15.99670075797199,-16.007964647068803,-16.018102147270437,-16.027225897461346,-16.0354372726393,-16.042827510303447,-16.049478724203777,-16.05546481671576,-16.060852299977643,-16.065701034914053,-16.070064896357284,-16.073992371656495,-16.077527099425982,-16.080708354418647,-16.08357148391213,-16.086148300456315,-16.08846743534612,-16.09055465674697,-16.092433156007747,-16.094123805342456,-16.095645389743698,-16.097014815704824,-16.098247299069836,-16.09935653409835,-16.100354845624015,-16.10125332599711,-16.1020619583329,-16.102789727435113,-16.103444719627102,-16.104034212599895,-16.104564756275405,-16.105042245583366,-16.10547198596053,-16.10585875229998,-16.106206842005484,-16.106520122740434,-16.10680207540189,-16.107055832797204,-16.107284214452985,-16.10748975794319,-16.10767474708437,-16.107841237311437,-16.10799107851579,-16.108125935599713,-16.108247306975247,-16.108356541213222,-16.108454852027403,-16.10854333176016,-16.108622963519647,-16.108694632103184,-16.108759133828368,-16.108817185381028,-16.10886943177843
49,0,-1.6901960800285136,-3.177046676804626,-4.495894931364855,-5.6721838510972535,-6.725061764405485,-7.6695841408506125,-8.518062606691304,-9.280888391940461,-9.9670375843164,-10.584387427227835,-11.139921813843984,-11.639871959698679,-12.089818737740286,-12.494771711792124,-12.8592333504896,-13.187253223717995,-13.482474946065189,-13.748177513301627,-13.987312065004405,-14.202534768075342,-14.396236325157844,-14.570568500145507,-14.727467983372446,-14.868677872250352,-14.995767008876516,-15.110147389163496,-15.213089835563826,-15.305738106026547,-15.38912159464254,-15.46416676406901,-15.531707435997445,-15.59249405345738,-15.647202017488441,-15.696439190547734,-15.740752649845245,-15.780634765524265,-15.816528671141885,-15.848833187179284,-15.87790725225225,-15.904073911234194,-15.927623904588943,-15.948818898784602,-15.967894393675484,-15.985062339151971,-16.000513490129407,-16.01441952604072,-16.026934958381464,-16.03819884750152,-16.04833634771827,-16.057460097919005,-16.06567147310335,-16.073061710771654,-16.079712924674688,-16.08569901718843,-16.091086500451457,-16.09593523538861,-16.100299096832323,-16.10422657213185,-16.10776129990154,-16.110942554894336,-16.11380568438791,-16.116382500932154,-16.118701635821992,-16.120788857222863,-16.122667356483657,-16.124358005818372,-16.125879590219625,-16.127249016180752,-16.12848149954577,-16.129590734574286,-16.130589046099953,-16.131487526473048,-16.13229615880884,-16.13302392791105,-16.13367892010304,-16.134268413075834,-16.134798956751347,-16.135276446059304,-16.13570618643647,-16.13609295277592,-16.136441042481422,-16.136754323216376,-16.137036275877833,-16.137290033273146,-16.137518414928927,-16.13772395841913,-16.137908947560312,-16.138075437787375,-16.138225278991733,-16.138360136075654,-16.138481507451186,-16.138590741689164,-16.13868905250334,-16.1387775322361,-16.13885716399559,-16.138928832579126,-16.138993334304306,-16.13905138585697,-16.13910363225437
50,0,-1.6989700043360187,-3.1923029236253377,-4.5157821447340325,-5.695299118883197,-6.750386443606187,-7.696400554583676,-8.545876020694978,-9.309363149770814,-9.995948604055297,-10.613585063334508,-11.169307195802077,-11.669380060843558,-12.119406931021533,-12.524412119932196,-12.88890777311065,-13.21694979251823,-13.512185928389828,-13.77789787402053,-14.017038526839546,-14.232265198512508,-14.425969336848011,-14.60030319064102,-14.757203765698055,-14.898414364644534,-15.025503963055648,-15.13988464365691,-15.242827285360965,-15.335475682835595,-15.418859254051256,-15.493904477194825,-15.56144518405718,-15.622231824235774,-15.676939803041538,-15.726176985709326,-15.77049045125558,-15.810372570998382,-15.846266479258826,-15.878570997014956,-15.907645063205672,-15.933811722914536,-15.957361716742025,-15.978556711245128,-15.997632206335952,-16.014800151942467,-16.03025130300447,-16.044157338970777,-16.056672771347287,-16.067936660490602,-16.07807416072248,-16.08719791093305,-16.095409286123793,-16.10279952379626,-16.109450737701998,-16.115436830217504,-16.12082431348167,-16.125673048419568,-16.13003690986377,-16.13396438516361,-16.137499112933504,-16.140680367926436,-16.14354349742009,-16.146120313964392,-16.14843944885427,-16.15052667025516,-16.152405169515973,-16.1540958188507,-16.15561740325196,-16.15698682921309,-16.15821931257811,-16.159328547606627,-16.160326859132297,-16.161225339505393,-16.162033971841183,-16.162761740943395,-16.163416733135385,-16.164006226108178,-16.16453676978369,-16.16501425909165,-16.165443999468813,-16.165830765808263,-16.166178855513767,-16.16649213624872,-16.16677408891018,-16.16702784630549,-16.167256227961275,-16.167461771451475,-16.167646760592653,-16.16781325081972,-16.167963092024078,-16.168097949108002,-16.16821932048353,-16.16832855472151,-16.168426865535686,-16.168515345268446,-16.168594977027933,-16.168666645611466,-16.16873114733665,-16.168789198889314,-16.168841445286713
51,0,-1.7075701760979363,-3.2072665422162108,-4.535299932787366,-5.717997417937799,-6.775265673881586,-7.72275489609973,-8.573217859405029,-9.337360990333481,-10.024379744787117,-10.642301197124333,-11.198210194378449,-11.698405304489564,-12.148512013668421,-12.553569283304702,-12.918098880435537,-13.246163009247438,-13.541413539652801,-13.807134853985541,-14.046281603047916,-14.261512240921865,-14.455218959360524,-14.62955449143145,-14.786456158093417,-14.927667467025016,-15.054757527200442,-15.169138508120518,-15.272081345140835,-15.36472986964063,-15.448113523467319,-15.523158800336823,-15.590699542139625,-15.651486205041536,-15.706194198625253,-15.75543139090377,-15.799744862700276,-15.839626986507879,-15.87552089741183,-15.907825416887137,-15.936899484195907,-15.963066144631885,-15.986616138932245,-16.007811133742873,-16.026886629033697,-16.044054574770282,-16.059505725916868,-16.073411761938186,-16.08592719435047,-16.097191083517053,-16.107328583764062,-16.116452333984476,-16.12466370918162,-16.132053946858246,-16.13870516076669,-16.144691253283952,-16.15007873654927,-16.15492747148791,-16.159291332932593,-16.16321880823275,-16.16675353600285,-16.169934790995917,-16.172797920489657,-16.175374737034012,-16.177693871923925,-16.179781093324845,-16.181659592585667,-16.183350241920404,-16.184871826321668,-16.186241252282805,-16.18747373564783,-16.18858297067635,-16.189581282202017,-16.190479762575116,-16.19128839491091,-16.192016164013122,-16.19267115620511,-16.1932606491779,-16.193791192853414,-16.194268682161375,-16.19469842253854,-16.19508518887799,-16.195433278583494,-16.195746559318447,-16.196028511979904,-16.196282269375217,-16.196510651030994,-16.1967161945212,-16.19690118366238,-16.197067673889443,-16.197217515093804,-16.197352372177725,-16.197473743553257,-16.19758297779123,-16.19768128860541,-16.197769768338173,-16.197849400097656,-16.197921068681193,-16.197985570406377,-16.19804362195904,-16.19809586835644
52,0,-1.7160033436347992,-3.2219480815591326,-4.554460683621552,-5.7402918427814775,-6.799712682339848,-7.748660279226676,-8.600101048450409,-9.364894654028344,-10.052343593151678,-10.670548298070715,-11.226643194185918,-11.7269600157672,-12.177146270029372,-12.582255458722349,-12.946818910884526,-13.274905100134378,-13.570169998045678,-13.83590066611037,-14.075053503087023,-14.290288102502123,-14.483997398419962,-14.658334607280306,-14.815237364695916,-14.956449383121475,-15.083539904775193,-15.197921185845924,-15.30086421808267,-15.393512869547804,-15.476896605949323,-15.551941936522677,-15.619482713252333,-15.680269398869136,-15.734977407225546,-15.784214609111487,-15.828528087156165,-15.868410215027245,-15.904304128573857,-15.936608649767805,-15.965682718194282,-15.991849379357152,-16.015399374130244,-16.03659436924831,-16.055669864739066,-16.07283781060568,-16.08828896183683,-16.10219499791314,-16.114710430361196,-16.125974319551034,-16.13611181981317,-16.145235570043422,-16.153446945246962,-16.16083718292775,-16.1674883968389,-16.173474489357922,-16.178861972624382,-16.183710707563765,-16.188074569008936,-16.192002044309405,-16.195536772079713,-16.19871802707291,-16.20158115656674,-16.20415797311115,-16.206477108001103,-16.208564329402044,-16.21044282866288,-16.212133477997632,-16.213655062398903,-16.215024488360044,-16.21625697172507,-16.21736620675359,-16.21836451827926,-16.21926299865236,-16.22007163098815,-16.220799400090364,-16.221454392282354,-16.222043885255147,-16.222574428930656,-16.223051918238617,-16.223481658615782,-16.22386842495523,-16.224216514660736,-16.22452979539569,-16.224811748057146,-16.22506550545246,-16.22529388710824,-16.225499430598443,-16.225684419739625,-16.225850909966688,-16.226000751171046,-16.226135608254967,-16.2262569796305,-16.226366213868477,-16.226464524682655,-16.226553004415415,-16.2266326361749,-16.226704304758435,-16.22676880648362,-16.226826858036283,-16.22687910443368
53,0,-1.724275869600789,-3.236357489383975,-4.5732760791653995,-5.762194738227448,-6.8237399325905574,-7.774129052896633,-8.626537751208206,-9.39197612220851,-10.079851979352616,-10.698338081036514,-11.254617826401121,-11.755055767086798,-12.20532123215307,-12.61048215093816,-12.975079350952262,-13.303187539555704,-13.598466769947603,-13.864206771517413,-14.10336568463411,-14.318604238677437,-14.51231610797923,-14.686654991180841,-14.843558837873363,-14.984771564894325,-15.111862547475063,-15.226244128355633,-15.329187355596629,-15.42183613389417,-15.505219952786767,-15.580265337010948,-15.647806148633743,-15.708592856943923,-15.763300880059253,-15.812538091543777,-15.856851575830941,-15.896733707761832,-15.932627623948742,-15.964932146859804,-15.994006216402997,-16.020172878292122,-16.043722873537526,-16.06491786896276,-16.08399336465328,-16.101161310649807,-16.116612461965445,-16.130518498096706,-16.143033930580494,-16.15429781979357,-16.16443532007082,-16.173559070310898,-16.18177044552083,-16.189160683205778,-16.195811897119633,-16.20179798964041,-16.207185472908016,-16.212034207848145,-16.216398069293795,-16.22032554459458,-16.22386027236509,-16.227041527358423,-16.229904656852337,-16.232481473396806,-16.234800608286793,-16.23688782968776,-16.238766328948614,-16.240456978283373,-16.24197856268465,-16.243347988645798,-16.244580472010824,-16.245689707039347,-16.246688018565017,-16.24758649893812,-16.24839513127391,-16.249122900376122,-16.249777892568115,-16.250367385540905,-16.250897929216418,-16.25137541852438,-16.251805158901544,-16.25219192524099,-16.252540014946497,-16.25285329568145,-16.253135248342907,-16.253389005738217,-16.253617387394,-16.253822930884205,-16.254007920025387,-16.254174410252446,-16.254324251456808,-16.25445910854073,-16.254580479916257,-16.254689714154235,-16.254788024968413,-16.254876504701176,-16.25495613646066,-16.255027805044197,-16.255092306769377,-16.255150358322044,-16.255202604719443
54,0,-1.7323937598229686,-3.2505041538137904,-4.591757140578148,-5.783717744490172,-6.847359168275007,-7.799172843032569,-8.652539409385726,-9.41861665684347,-10.10691601621355,-10.725681544943559,-11.282145007192444,-11.782703416416743,-12.233047717974056,-12.638260150773547,-13.002890973299934,-13.331021088105583,-13.62631460798064,-13.89206391758401,-14.131228891626627,-14.34647139113413,-14.540185828253884,-14.714526382388836,-14.871431316255764,-15.012644750565839,-15.139736193256779,-15.254118073433496,-15.357061495354037,-15.449710400277821,-15.533094301530106,-15.608139739321095,-15.675680585783153,-15.73646731675208,-15.791175354604029,-15.840412575672746,-15.8847260661931,-15.92460820217779,-15.960502121001104,-15.992806645626757,-16.021880716285033,-16.048047378899344,-16.071597374616378,-16.092792370348327,-16.111867866238324,-16.129035812364577,-16.144486963764585,-16.15839299995071,-16.170908432470178,-16.182172321706464,-16.1923098219988,-16.201433572248696,-16.209644947465016,-16.21703518515411,-16.223686399070665,-16.2296724915932,-16.235059974861944,-16.239908709802815,-16.244272571248953,-16.24820004655005,-16.251734774320763,-16.25491602931423,-16.25777915880823,-16.260355975352756,-16.26267511024278,-16.26476233164377,-16.266640830904638,-16.268331480239407,-16.269853064640692,-16.27122249060184,-16.272454973966873,-16.273564208995396,-16.274562520521066,-16.275461000894172,-16.276269633229965,-16.276997402332174,-16.277652394524168,-16.278241887496957,-16.27877243117247,-16.27924992048043,-16.279679660857596,-16.280066427197042,-16.280414516902546,-16.2807277976375,-16.28100975029896,-16.28126350769427,-16.281491889350054,-16.281697432840254,-16.28188242198144,-16.282048912208502,-16.28219875341286,-16.28233361049678,-16.28245498187231,-16.282564216110288,-16.28266252692447,-16.28275100665723,-16.282830638416712,-16.28290230700025,-16.282966808725433,-16.283024860278097,-16.283077106675496
55,0,-1.7403626894942439,-3.2643969410996734,-4.609914269263139,-5.804871837794984,-6.870581452111801,-7.823802589991854,-8.678116779194804,-9.444826835797198,-10.133546133861772,-10.752589007075894,-11.309234971784388,-11.80991314119918,-12.26033586513604,-12.665599568884057,-13.030263870484989,-13.358415826302693,-13.653723584702405,-13.919482171625907,-14.1586531879398,-14.373899621494513,-14.567616619393522,-14.741958840092416,-14.898864858404135,-15.040078998288292,-15.167170900006347,-15.28155307879213,-15.38449669495464,-15.477145726225055,-15.560529709657832,-15.635575200900503,-15.703116082127712,-15.763902835707594,-15.818610888265292,-15.867848118898248,-15.91216161563887,-15.952043755668994,-15.98793767712329,-16.02024220346001,-16.04931627523109,-16.075482938569113,-16.099032934756806,-16.12022793079485,-16.139303426883917,-16.15647137313963,-16.17192252462383,-16.185828560864714,-16.198343993419794,-16.209607882679236,-16.219745382986638,-16.228869133246324,-16.237080508469013,-16.24447074616225,-16.2511219600815,-16.257108052605787,-16.262495535875672,-16.267344270817283,-16.2717081322639,-16.275635607565313,-16.27917033533623,-16.282351590329828,-16.285214719823916,-16.287791536368495,-16.290110671258557,-16.29219789265957,-16.294076391920456,-16.295767041255235,-16.297288625656524,-16.29865805161768,-16.299890534982712,-16.30099977001124,-16.30199808153691,-16.302896561910018,-16.303705194245808,-16.30443296334802,-16.30508795554001,-16.305677448512803,-16.306207992188316,-16.306685481496277,-16.307115221873442,-16.30750198821289,-16.307850077918392,-16.308163358653346,-16.308445311314802,-16.30869906871012,-16.308927450365896,-16.3091329938561,-16.309317982997282,-16.309484473224348,-16.309634314428706,-16.309769171512627,-16.30989054288816,-16.309999777126134,-16.310098087940315,-16.31018656767307,-16.31026619943256,-16.310337868016095,-16.31040236974128,-16.310460421293943,-16.31051266769134
56,0,-1.7481880270062005,-3.278044229829221,-4.627757283887829,-5.825667366856958,-6.893417200800189,-7.848028581889491,-8.703279963427901,-9.470616584022528,-10.159752110335845,-10.77907013331016,-11.335897304450036,-11.836694468193691,-12.287195160742742,-12.692509865452177,-13.057207484617473,-13.385381184223546,-13.680703122224749,-13.946470950506622,-14.18564798699005,-14.400898340916445,-14.59461789107886,-14.768961773007527,-14.925868872404934,-15.067083715737736,-15.194176075132399,-15.308558551665994,-15.411502361519492,-15.5041515187831,-15.58753558416913,-15.6625811287171,-15.73012204461501,-15.79090882074482,-15.845616887968795,-15.894854128140432,-15.939167631084766,-15.979049775149583,-16.014943699227892,-16.047248227271165,-16.076322300152107,-16.102488964211933,-16.126038960869053,-16.14723395721239,-16.1663094535,-16.183477399884833,-16.19892855145301,-16.212834587748503,-16.2253500203391,-16.23661390962164,-16.246751409944064,-16.25587516021352,-16.26408653544256,-16.27147677313993,-16.27812798706187,-16.2841140795879,-16.289501562858923,-16.294350297801273,-16.298714159248373,-16.302641634550096,-16.306176362321217,-16.309357617314948,-16.312220746809118,-16.314797563353757,-16.317116698243854,-16.31920391964489,-16.321082418905792,-16.322773068240583,-16.324294652641875,-16.325664078603037,-16.326896561968073,-16.328005796996603,-16.329004108522277,-16.32990258889538,-16.33071122123117,-16.331438990333385,-16.332093982525375,-16.33268347549817,-16.33321401917368,-16.333691508481643,-16.334121248858807,-16.334508015198256,-16.334856104903757,-16.33516938563871,-16.33545133830017,-16.33570509569548,-16.33593347735126,-16.336139020841465,-16.336324009982647,-16.336490500209713,-16.336640341414068,-16.33677519849799,-16.336896569873524,-16.3370058041115,-16.33710411492568,-16.33719259465844,-16.337272226417923,-16.33734389500146,-16.337408396726644,-16.337466448279308,-16.337518694676707
57,0,-1.7558748556724915,-3.2914539419417697,-4.645295453745625,-5.8461140855409,-6.915876216067819,-7.871860484068304,-8.728038439690328,-9.495995200918,-10.18554309835831,-10.80513396451136,-11.362140964668002,-11.863056299484272,-12.313634467270896,-12.718999876041341,-13.083730633176874,-13.41192596729581,-13.707262017992134,-13.973039046406255,-14.212222077497644,-14.427476335852047,-14.621198428277905,-14.795543965132456,-14.95245214162352,-15.093667685866752,-15.220760501318491,-15.335143274563384,-15.438087277442763,-15.530736560271828,-15.614120707335509,-15.689166305010929,-15.75670725546461,-15.81749405407,-15.872202135912111,-15.921439385591231,-15.96575289471905,-16.005635042805437,-16.041528969499247,-16.07383349924354,-16.102907573230752,-16.12907423801005,-16.15262423513508,-16.17381923178272,-16.192894728268232,-16.210062674781774,-16.225513826433655,-16.239419862783585,-16.251935295409584,-16.263199184715145,-16.27333668505254,-16.282460435331743,-16.290671810567112,-16.298062048268598,-16.304713262193214,-16.31069935472099,-16.316086837993147,-16.320935572936236,-16.325299434383812,-16.329226909685847,-16.332761637457168,-16.33594289245103,-16.338806021945288,-16.341382838489984,-16.343701973380114,-16.345789194781176,-16.347667694042094,-16.349358343376892,-16.350879927778195,-16.35224935373936,-16.353481837104397,-16.354591072132926,-16.3555893836586,-16.356487864031706,-16.3572964963675,-16.358024265469716,-16.358679257661706,-16.359268750634495,-16.359799294310008,-16.36027678361797,-16.360706523995134,-16.361093290334587,-16.36144138004009,-16.36175466077504,-16.362036613436498,-16.36229037083181,-16.36251875248759,-16.36272429597779,-16.362909285118974,-16.36307577534604,-16.3632256165504,-16.363360473634323,-16.36348184500985,-16.363591079247826,-16.363689390062007,-16.363777869794767,-16.363857501554254,-16.363929170137787,-16.36399367186297,-16.36405172341564,-16.364103969813037
58,0,-1.7634279935629373,-3.3046335708389125,-4.662537528745139,-5.866221181962997,-6.937967712097965,-7.8953073649318934,-8.752401084991467,-9.520971384041918,-10.210927648463276,-10.830788939280637,-11.387974309628612,-11.889006934833109,-12.339662044828149,-12.745077833793452,-13.109841531171474,-13.438058378433439,-13.733408466901308,-13.999194648931283,-14.238383645590156,-14.453641790147065,-14.64736641334267,-14.821713597842843,-14.978622846798045,-15.119839088997646,-15.246932358615828,-15.36131542735887,-15.464259622483972,-15.55690903037585,-15.640293258792825,-15.7153389093861,-15.782879894259976,-15.843666715253159,-15.898374811656524,-15.947612070806246,-15.99192558609362,-16.03180773818605,-16.067701667485274,-16.100006198924042,-16.129080274013276,-16.15524693950928,-16.178796937100422,-16.199991934051198,-16.219067430733855,-16.236235377375614,-16.251686529110877,-16.265592565515032,-16.278107998176296,-16.289371887504796,-16.29950938785711,-16.308633138146007,-16.316844513387686,-16.324234751093275,-16.33088596502056,-16.336872057550075,-16.342259540823356,-16.347108275767177,-16.351472137215232,-16.35539961251758,-16.358934340289103,-16.362115595283093,-16.36497872477744,-16.36755554132219,-16.36987467621236,-16.371961897613442,-16.37384039687437,-16.375531046209183,-16.377052630610493,-16.378422056571658,-16.3796545399367,-16.38076377496523,-16.381762086490905,-16.38266056686401,-16.38346919919981,-16.38419696830202,-16.384851960494014,-16.385441453466804,-16.385971997142317,-16.386449486450278,-16.386879226827446,-16.387265993166892,-16.387614082872396,-16.387927363607346,-16.388209316268807,-16.38846307366412,-16.3886914553199,-16.3888969988101,-16.389081987951286,-16.38924847817835,-16.389398319382707,-16.38953317646663,-16.38965454784216,-16.389763782080134,-16.389862092894315,-16.389950572627075,-16.390030204386562,-16.390101872970096,-16.39016637469528,-16.390224426247947,-16.390276672645342
59,0,-1.7708520116421442,-3.317590206839159,-4.679491766267104,-5.8859973042472,-6.959700339523113,-7.918377718307555,-8.776376196848979,-9.545553249329192,-10.235913728619206,-10.85604291319226,-11.413405113224494,-11.91455409051516,-12.365285569889089,-12.770751388102596,-13.135547809772573,-13.463786036645745,-13.75915007989433,-14.024945363697281,-14.264140293378556,-14.479402303612693,-14.673129444578247,-14.847478268458964,-15.004388584605604,-15.145605521387816,-15.272699243008153,-15.387082605857854,-15.490026992332353,-15.582676524708747,-15.666060834105407,-15.741106537374895,-15.80864755651252,-15.869434399792137,-15.924142510691041,-15.973379779268736,-16.017693300688002,-16.05757545676851,-16.093469388661486,-16.125773921787154,-16.15484799797348,-16.181014664182992,-16.20456466223817,-16.22575965949073,-16.244835156369657,-16.262003103139055,-16.27745425495733,-16.291360291415472,-16.303875724111847,-16.31513961346318,-16.325277113830342,-16.334400864128895,-16.34261223937686,-16.350002477086534,-16.356653691016472,-16.362639783547714,-16.368027266822118,-16.37287600176667,-16.377239863215202,-16.381167338517855,-16.38470206628958,-16.387883321283702,-16.390746450778135,-16.393323267322938,-16.39564240221314,-16.39772962361425,-16.399608122875197,-16.401298772210016,-16.402820356611333,-16.404189782572505,-16.40542226593755,-16.406531500966082,-16.40752981249176,-16.408428292864865,-16.40923692520066,-16.409964694302875,-16.410619686494865,-16.411209179467658,-16.41173972314317,-16.412217212451132,-16.412646952828297,-16.413033719167746,-16.41338180887325,-16.413695089608204,-16.41397704226966,-16.414230799664974,-16.414459181320755,-16.414664724810958,-16.414849713952137,-16.415016204179203,-16.41516604538356,-16.415300902467482,-16.415422273843014,-16.415531508080992,-16.41562981889517,-16.41571829862793,-16.415797930387416,-16.41586959897095,-16.415934100696134,-16.415992152248798,-16.416044398646196
60,0,-1.7781512503836436,-3.330330560189923,-4.696165955087267,-5.90545058310452,-6.981082206125427,-7.941079482459261,-8.799971511012428,-9.569748347908682,-10.260508740439182,-10.88090317460859,-11.43844058161229,-11.939704914718838,-12.390512150593837,-12.796027619848857,-13.160856531507111,-13.48911599220377,-13.784493899108114,-14.050298227467666,-14.28949905408901,-14.504764907152879,-14.698494551367196,-14.872845005368243,-15.029756382783502,-15.17097401035026,-15.29806818153174,-15.412451836916233,-15.515396413726288,-15.608046069932367,-15.691430459885272,-15.766476215556889,-15.834017268780714,-15.89480413423167,-15.949512259551458,-15.998749537508683,-16.04306306502839,-16.082945225076564,-16.118839159550024,-16.15114369435397,-16.1802177716318,-16.206384438551176,-16.22993443706802,-16.251129434620832,-16.270204931695027,-16.287372878591416,-16.30282403049228,-16.316730067004134,-16.32924549973544,-16.34050938910949,-16.350646889491422,-16.359770639799585,-16.367982015053794,-16.375372252767537,-16.38202346670012,-16.388009559233076,-16.3933970425086,-16.39824577745388,-16.40260963890288,-16.406537114205843,-16.41007184197777,-16.413253096972024,-16.41611622646654,-16.418693043011395,-16.421012177901638,-16.423099399302767,-16.424977898563732,-16.426668547898558,-16.428190132299882,-16.429559558261058,-16.430792041626102,-16.43190127665464,-16.432899588180316,-16.433798068553426,-16.43460670088922,-16.435334469991435,-16.435989462183425,-16.43657895515622,-16.43710949883173,-16.437586988139692,-16.438016728516857,-16.438403494856306,-16.43875158456181,-16.439064865296764,-16.43934681795822,-16.439600575353534,-16.439828957009315,-16.440034500499518,-16.4402194896407,-16.440385979867763,-16.44053582107212,-16.440670678156042,-16.440792049531574,-16.440901283769552,-16.44099959458373,-16.44108807431649,-16.441167706075976,-16.441239374659514,-16.441303876384694,-16.441361927937358,-16.441414174334756
61,0,-1.7853298350107671,-3.342860981817614,-4.7125674365239485,-5.924588651360054,-7.002120894339205,-7.9634200558241774,-8.823194215865321,-9.593563679570746,-10.284719532022521,-10.905376457113348,-11.463087365383421,-11.964465999549303,-12.415348338644776,-12.820913053227232,-13.18577420204331,-13.514054738398222,-13.809446409614615,-14.075259719882471,-14.314466403784278,-14.529736074480974,-14.723468205883124,-14.897820279736832,-15.054732711839556,-15.195951025963023,-15.323045643984278,-15.437429590148941,-15.54037435616162,-15.633024135464995,-15.716408605500192,-15.791454413266976,-15.85899550037805,-15.91978238787132,-15.97449052752828,-16.023727814810698,-16.068041348395564,-16.10792351238848,-16.143817449427544,-16.176121985900092,-16.20519606426313,-16.23136273188829,-16.25491273086415,-16.27610772871548,-16.29518322598382,-16.31235117300647,-16.32780232498945,-16.34170836155471,-16.354223794320745,-16.365487683717383,-16.375625184114003,-16.38474893443172,-16.392960309692143,-16.40035054740992,-16.407001761345132,-16.412987853879798,-16.418375337156434,-16.423224072102435,-16.42758793355191,-16.431515408855176,-16.435050136627304,-16.438231391621684,-16.441094521116284,-16.443671337661197,-16.445990472551472,-16.448077693952627,-16.449956193213602,-16.451646842548442,-16.453168426949773,-16.45453785291095,-16.455770336275997,-16.456879571304533,-16.457877882830214,-16.458776363203324,-16.459584995539117,-16.460312764641333,-16.460967756833327,-16.46155724980612,-16.462087793481633,-16.462565282789594,-16.462995023166762,-16.463381789506208,-16.463729879211712,-16.464043159946666,-16.464325112608122,-16.464578870003436,-16.464807251659217,-16.465012795149416,-16.465197784290602,-16.465364274517665,-16.465514115722023,-16.465648972805944,-16.465770344181475,-16.46587957841945,-16.46597788923363,-16.466066368966388,-16.466146000725878,-16.46621766930941,-16.466282171034596,-16.466340222587263,-16.466392468984658
62,0,-1.792391689498254,-3.3551874819665555,-4.728703122930829,-5.943418660509506,-7.022823475604625,-7.985406309498623,-8.84605096351589,-9.617005702885344,-10.308552407421779,-10.929468948553136,-11.487351568331363,-11.988843389620211,-12.439800137786209,-12.845413664155696,-13.210306778552965,-13.538608219872447,-13.83401354773493,-14.099835771760283,-14.33904826965781,-14.554321730408738,-14.748056331376409,-14.92241001379321,-15.079323493334293,-15.22054248935049,-15.347637551205613,-15.462021786210293,-15.564966740171766,-15.657616641761276,-15.741001191353533,-15.816047050875133,-15.883588171652768,-15.944375081045186,-15.999083234946394,-16.048320531493673,-16.09263407110452,-16.13251623901673,-16.16841017860486,-16.200714716735266,-16.22978879617653,-16.255955464502932,-16.27950546393485,-16.30070046208279,-16.31977595954402,-16.336943906692127,-16.35239505875669,-16.366301095375007,-16.378816528175555,-16.390080417594632,-16.40021791800585,-16.40934166833306,-16.417553043599654,-16.424943281321447,-16.431594495259265,-16.437580587795633,-16.442968071073373,-16.447816806020093,-16.45218066747003,-16.456108142773605,-16.459642870545927,-16.462824125540436,-16.46568725503512,-16.468264071580087,-16.470583206470398,-16.472670427871577,-16.474548927132567,-16.476239576467417,-16.47776116086875,-16.479130586829932,-16.480363070194983,-16.481472305223523,-16.482470616749204,-16.483369097122313,-16.48417772945811,-16.484905498560327,-16.485560490752317,-16.486149983725113,-16.486680527400626,-16.487158016708587,-16.487587757085752,-16.4879745234252,-16.488322613130702,-16.488635893865656,-16.488917846527112,-16.48917160392243,-16.489399985578206,-16.48960552906841,-16.489790518209592,-16.489957008436654,-16.490106849641013,-16.490241706724934,-16.490363078100465,-16.490472312338444,-16.49057062315262,-16.49065910288538,-16.490738734644868,-16.490810403228405,-16.49087490495359,-16.490932956506253,-16.49098520290365
63,0,-1.7993405494535817,-3.36731574684907,-4.744579513617662,-5.961947294343229,-7.0431965215745365,-8.007044596449672,-8.868547877535864,-9.640080341919017,-10.332013132676428,-10.953186296624127,-11.51123875274955,-12.012842587166169,-12.463873008798055,-12.869534885192829,-13.234459674580267,-13.562781837459864,-13.858200705856547,-14.124031769902466,-14.36325003482955,-14.57852725563671,-14.77226430696102,-14.9466195856127,-15.103534104664012,-15.244753777465501,-15.3718492798592,-15.486233801575043,-15.589178942108484,-15.681828965092853,-15.765213593664752,-15.840259504566836,-15.90780065876823,-15.968587589902231,-16.023295757945405,-16.072533063691125,-16.11684660928481,-16.15672878108828,-16.192622723207254,-16.224927262983684,-16.25400134349548,-16.28016801251812,-16.303718012402854,-16.32491301084528,-16.343988508498036,-16.361156455770697,-16.37660760791627,-16.39051364458727,-16.403029077422072,-16.414292966863435,-16.424430467289145,-16.433554217625776,-16.4417655928985,-16.44915583062428,-16.455807044564693,-16.461793137102745,-16.46718062038158,-16.472029355329013,-16.476393216779414,-16.480320692083293,-16.48385541985581,-16.487036674850447,-16.48989980434521,-16.492476620890237,-16.49479575578058,-16.49688297718178,-16.498761476442787,-16.500452125777645,-16.501973710178987,-16.503343136140174,-16.50457561950523,-16.50568485453377,-16.506683166059453,-16.507581646432563,-16.508390278768356,-16.509118047870572,-16.509773040062566,-16.510362533035355,-16.51089307671087,-16.511370566018833,-16.511800306395997,-16.512187072735443,-16.51253516244095,-16.512848443175905,-16.51313039583736,-16.51338415323267,-16.513612534888455,-16.51381807837866,-16.51400306751984,-16.514169557746904,-16.51431939895126,-16.514454256035183,-16.51457562741071,-16.51468486164869,-16.514783172462867,-16.51487165219563,-16.514951283955114,-16.515022952538654,-16.515087454263835,-16.5151455058165,-16.5151977522139
64,0,-1.806179973983887,-3.3792511534016407,-4.760202708243071,-5.980180779629814,-7.063246112125544,-8.028340757375062,-8.89069055725099,-9.662792989442314,-10.355106938297142,-10.976533610882871,-11.534753941135616,-12.036468553549627,-12.487571870875938,-12.893281606836467,-13.258237761288097,-13.586580449396557,-13.882012733624173,-14.147852558269932,-14.387076539513604,-14.602357487915965,-14.79609696877247,-14.970453830272955,-15.127369380214622,-15.26858972424212,-15.395685663584228,-15.510070469690055,-15.613015795293284,-15.705665938699552,-15.789050645620474,-15.864096607494076,-15.931637794853877,-15.992424747557223,-16.047132929630525,-16.096370244502047,-16.14068379603138,-16.18056597169545,-16.21645991632535,-16.24876445773485,-16.277838539308757,-16.304005209022172,-16.327555209356152,-16.348750208090756,-16.36782570593353,-16.384993653329772,-16.40044480555571,-16.41435084227898,-16.42686627514778,-16.438130164611245,-16.448267665051333,-16.457391415397314,-16.46560279067612,-16.47299302840586,-16.47964424234884,-16.485630334888565,-16.491017818168487,-16.495866553116628,-16.500230414567493,-16.504157889871664,-16.507692617644377,-16.51087387263914,-16.51373700213399,-16.516313818679063,-16.518632953569448,-16.52072017497067,-16.522598674231688,-16.524289323566556,-16.525810907967905,-16.527180333929095,-16.528412817294154,-16.529522052322697,-16.530520363848378,-16.531418844221488,-16.532227476557285,-16.5329552456595,-16.533610237851498,-16.534199730824287,-16.5347302744998,-16.53520776380776,-16.53563750418493,-16.536024270524376,-16.53637236022988,-16.536685640964834,-16.536967593626294,-16.537221351021604,-16.537449732677384,-16.537655276167587,-16.53784026530877,-16.538006755535836,-16.53815659674019,-16.538291453824115,-16.538412825199643,-16.53852205943762,-16.5386203702518,-16.538708849984562,-16.538788481744046,-16.538860150327583,-16.538924652052767,-16.53898270360543,-16.53903495000283
65,0,-1.8129133566428555,-3.390998782214725,-4.775578417683192,-5.998124893801726,-7.082977840069195,-8.049300123075016,-8.91248407842576,-9.685148506456509,-10.377838518020658,-10.999515460995593,-11.557901614112751,-12.059725706970587,-12.510901099204588,-12.916658175009314,-13.281645364887051,-13.61000836871377,-13.90545393530865,-14.17130243533678,-14.41053207836199,-14.625816719385462,-14.819558607300987,-14.993917037184412,-15.150833608690366,-15.292054617923238,-15.419150990322441,-15.53353607830066,-15.636481587343448,-15.729131850115225,-15.812516634700208,-15.887562647100971,-15.955103867330788,-16.015890841416244,-16.07059903739808,-16.11983636131642,-16.16414991873008,-16.2040320982214,-16.239926045340546,-16.27223058836903,-16.301304670995894,-16.327471341394123,-16.351021342173485,-16.372216341197745,-16.391291839228902,-16.40845978674766,-16.42391093905328,-16.43781697582837,-16.450332408730866,-16.46159629821625,-16.47173379867059,-16.480857549025846,-16.489068924310676,-16.49645916204433,-16.503110375989866,-16.509096468531247,-16.51448395181225,-16.519332686761093,-16.523696548212413,-16.52762402351688,-16.531158751289787,-16.53434000628468,-16.537203135779606,-16.539779952324736,-16.54209908721515,-16.544186308616393,-16.546064807877432,-16.547755457212308,-16.54927704161366,-16.550646467574857,-16.55187895093992,-16.55298818596846,-16.553986497494147,-16.554884977867257,-16.555693610203054,-16.55642137930527,-16.557076371497264,-16.557665864470057,-16.55819640814557,-16.558673897453534,-16.5591036378307,-16.559490404170145,-16.55983849387565,-16.560151774610603,-16.56043372727206,-16.560687484667373,-16.560915866323153,-16.561121409813357,-16.56130639895454,-16.5614728891816,-16.561622730385963,-16.561757587469884,-16.561878958845412,-16.561988193083387,-16.562086503897568,-16.562174983630328,-16.562254615389815,-16.562326283973352,-16.562390785698533,-16.5624488372512,-16.5625010836486
66,0,-1.8195439355418688,-3.4025634286758706,-4.790711972336119,-6.01578496953058,-7.102396812396872,-8.069927513132843,-8.933932990115059,-9.707151217796724,-10.400212023582421,-11.022135870966718,-11.580685704304782,-12.082617916113058,-12.533864518456674,-12.939668384462461,-13.304686259977414,-13.633069356540103,-13.928528063083368,-14.194385147350035,-14.433620393713557,-14.648908689813931,-14.842652960628849,-15.017012943324682,-15.17393052634627,-15.315152194291755,-15.442248995548546,-15.55663436268051,-15.659580053401559,-15.752230434397035,-15.835615295905475,-15.910661358352812,-15.978202611140665,-16.038989606405643,-16.093697816164426,-16.14293514904409,-16.187248712286525,-16.227130895569,-16.26302484515393,-16.29532938978614,-16.324403473456044,-16.35057014453264,-16.374120145753192,-16.395315145064387,-16.414390643282157,-16.431558590922275,-16.447009743306825,-16.46091578013324,-16.473431213069126,-16.48469510257622,-16.49483260304468,-16.503956353409116,-16.512167728699918,-16.519557966437457,-16.526209180385518,-16.532195272928544,-16.537582756210615,-16.54243149116015,-16.54679535261192,-16.550722827916683,-16.554257555689784,-16.557438810684797,-16.56030194017981,-16.562878756724988,-16.56519789161544,-16.567285113016705,-16.569163612277755,-16.57085426161264,-16.572375846014,-16.5737452719752,-16.574977755340264,-16.57608699036881,-16.577085301894492,-16.577983782267605,-16.578792414603406,-16.579520183705622,-16.580175175897615,-16.58076466887041,-16.58129521254592,-16.581772701853883,-16.582202442231047,-16.582589208570496,-16.582937298275997,-16.58325057901095,-16.58353253167241,-16.583786289067724,-16.584014670723505,-16.584220214213705,-16.584405203354887,-16.584571693581953,-16.58472153478631,-16.584856391870233,-16.584977763245764,-16.585086997483742,-16.58518530829792,-16.58527378803068,-16.585353419790167,-16.5854250883737,-16.585489590098884,-16.58554764165155,-16.585599888048947
67,0,-1.8260748027008264,-3.4139496123361246,-4.805608327773465,-6.0331658960172145,-7.121507647820657,-8.090227230623961,-8.955041307374687,-9.72880490348557,-10.422231055169531,-11.04439830900173,-11.603109585815185,-12.105148489375308,-12.556465391862076,-12.96231546774056,-13.327363658446929,-13.655766610955613,-13.951238305850097,-14.217103877137118,-14.456344664389542,-14.671636575387708,-14.865383203213197,-15.039744722018074,-15.196663305765554,-15.337885625446624,-15.464982851045331,-15.579368494406134,-15.682314364909654,-15.774964862899383,-15.858349800533587,-15.933395912509726,-16.00093719751943,-16.061724213745585,-16.116432437139466,-16.165669778888294,-16.209983347899616,-16.249865534934308,-16.28575948695972,-16.318064033179212,-16.34713811788146,-16.373304789629476,-16.396854791286692,-16.418049790881884,-16.437125289284353,-16.454293237044595,-16.469744389507262,-16.483650426384486,-16.496165859353415,-16.507429748881997,-16.51756724936443,-16.526690999737955,-16.53490237503467,-16.542292612776052,-16.548943826726614,-16.554929919271263,-16.56031740255439,-16.565166137504615,-16.56952999895683,-16.57345747426189,-16.576992202035175,-16.58017345703031,-16.5830365865254,-16.58561340307063,-16.58793253796112,-16.590019759362406,-16.591898258623473,-16.59358890795837,-16.595110492359733,-16.596479918320934,-16.597712401686,-16.59882163671455,-16.599819948240235,-16.600718428613348,-16.60152706094915,-16.602254830051365,-16.602909822243355,-16.60349931521615,-16.604029858891664,-16.604507348199625,-16.60493708857679,-16.60532385491624,-16.605671944621744,-16.605985225356697,-16.606267178018154,-16.606520935413467,-16.606749317069248,-16.60695486055945,-16.607139849700634,-16.6073063399277,-16.607456181132054,-16.607591038215975,-16.607712409591507,-16.607821643829485,-16.607919954643663,-16.608008434376423,-16.60808806613591,-16.608159734719447,-16.608224236444627,-16.60828228799729,-16.60833453439469
68,0,-1.8325089127062364,-3.4251615844774337,-4.820272067594715,-6.050272116749066,-7.1403144702885655,-8.110203052482264,-8.975812499427352,-9.75011278541306,-10.443898647116399,-11.066305672558043,-11.625176058858106,-12.127320159228328,-12.578706405389635,-12.984602079248976,-13.349680193463685,-13.678102750936546,-13.973587273152445,-14.239461227999012,-14.47870748957355,-14.69400297258213,-14.887751929751845,-15.062114966797804,-15.21903453971948,-15.36025750366116,-15.487355148760983,-15.601741065213597,-15.704687113465493,-15.797337727129884,-15.88072274003343,-15.955768900982358,-16.02331021785282,-16.0840972548056,-16.138805491682188,-16.18804284220115,-16.232356416916993,-16.27223860766208,-16.308132562100774,-16.340437109889866,-16.36951119561297,-16.395677868024922,-16.419227870113954,-16.44042286998998,-16.459498368575094,-16.476666316454118,-16.49211746899404,-16.506023505921505,-16.518538938923104,-16.52980282847294,-16.539940328969195,-16.549064079351705,-16.557275454654263,-16.564665692399448,-16.571316906352482,-16.57730299889874,-16.58269048218291,-16.58753921713382,-16.591903078586476,-16.59583055389182,-16.599365281665293,-16.602546536660554,-16.60540966615572,-16.607986482701005,-16.610305617591525,-16.612392838992832,-16.614271338253914,-16.615961987588815,-16.61748357199019,-16.618852997951397,-16.620085481316465,-16.621194716345013,-16.6221930278707,-16.623091508243814,-16.623900140579615,-16.624627909681827,-16.625282901873824,-16.625872394846617,-16.62640293852213,-16.62688042783009,-16.627310168207256,-16.627696934546705,-16.62804502425221,-16.628358304987163,-16.628640257648623,-16.628894015043933,-16.629122396699714,-16.629327940189917,-16.6295129293311,-16.629679419558165,-16.62982926076252,-16.629964117846445,-16.630085489221972,-16.63019472345995,-16.63029303427413,-16.630381514006892,-16.630461145766375,-16.630532814349912,-16.630597316075097,-16.63065536762776,-16.630707614025155
69,0,-1.8388490907372552,-3.4362033338222027,-4.834707403274848,-6.067107623391253,-7.1588208980526495,-8.129858215043873,-8.99624947276643,-9.771077508800754,-10.465217248285228,-11.087860268015794,-11.646887328966619,-12.149135061123324,-12.600589646459282,-13.006530273839106,-13.371637897979054,-13.700079794804756,-13.995576973590513,-14.261459202102316,-14.500710867188916,-14.716009876529359,-14.909761133544903,-15.084125669763566,-15.241046219522303,-15.382269819736267,-15.509367879161221,-15.623754065349914,-15.726700289173476,-15.819351017099986,-15.902736104355899,-15.977782313682157,-16.045323662026615,-16.10611071945474,-16.16081896965076,-16.210056328833748,-16.254369909185147,-16.29425210359579,-16.33014606041863,-16.36245060975838,-16.391524696490013,-16.4176913695579,-16.441241372073534,-16.462436372227007,-16.481511870992563,-16.49867981898894,-16.514130971605184,-16.528037008582285,-16.540552441616164,-16.55181633118699,-16.5619538316969,-16.57107758208829,-16.579288957396624,-16.586679195145567,-16.59333040910104,-16.599316501648886,-16.604703984934094,-16.60955271988567,-16.613916581338767,-16.617844056644394,-16.62137878441805,-16.624560039413428,-16.627423168908674,-16.629999985454013,-16.63231912034456,-16.634406341745894,-16.636284841006987,-16.6379754903419,-16.63949707474328,-16.640866500704487,-16.64209898406956,-16.643208219098113,-16.644206530623798,-16.645105010996915,-16.64591364333271,-16.64664141243493,-16.647296404626925,-16.647885897599718,-16.64841644127523,-16.648893930583196,-16.64932367096036,-16.649710437299806,-16.65005852700531,-16.650371807740264,-16.65065376040172,-16.650907517797034,-16.651135899452814,-16.651341442943018,-16.6515264320842,-16.651692922311263,-16.651842763515624,-16.651977620599546,-16.652098991975073,-16.652208226213048,-16.65230653702723,-16.65239501675999,-16.652474648519476,-16.652546317103013,-16.652610818828194,-16.65266887038086,-16.65272111677826
70,0,-1.845098040014257,-3.4470785902839003,-4.848918170717782,-6.083675945373646,-7.177030027747178,-8.149195394156251,-9.01635454854064,-9.791701117764372,-10.48618869642695,-11.109063784252015,-11.668244980053704,-12.170594706218587,-12.622116576451548,-13.028101479176502,-13.393238177003898,-13.721699132444128,-14.017208786998431,-14.28309917263148,-14.522356166034491,-14.737658653143447,-14.931412178612876,-15.105778193695103,-15.262699707141879,-15.403923935109162,-15.531022403336744,-15.645408855679682,-15.748355252750752,-15.841006093430742,-15.92439125405943,-15.999437511126786,-16.066978890531917,-16.127765968166834,-16.18247423150776,-16.231711599241343,-16.276025185154566,-16.31590738318284,-16.35180134235866,-16.384105893228803,-16.4131799809558,-16.439346654671056,-16.462896657607722,-16.484091658035023,-16.503167156978662,-16.520335105090865,-16.53578625778243,-16.54969229480852,-16.56220772787426,-16.573471617465806,-16.58360911798919,-16.592732868389344,-16.600944243703378,-16.608334481456026,-16.614985695413907,-16.620971787963324,-16.626359271249548,-16.63120800620179,-16.635571867655315,-16.639499342961223,-16.643034070735062,-16.646215325730562,-16.649078455225887,-16.651655271771272,-16.653974406661852,-16.656061628063206,-16.657940127324313,-16.659630776659238,-16.661152361060623,-16.662521787021834,-16.66375427038691,-16.66486350541546,-16.665861816941153,-16.666760297314266,-16.667568929650066,-16.668296698752282,-16.668951690944276,-16.66954118391707,-16.670071727592585,-16.670549216900547,-16.67097895727771,-16.671365723617157,-16.671713813322665,-16.67202709405762,-16.67230904671908,-16.672562804114385,-16.67279118577017,-16.672996729260372,-16.673181718401555,-16.673348208628617,-16.673498049832975,-16.673632906916897,-16.673754278292428,-16.673863512530403,-16.673961823344584,-16.674050303077344,-16.674129934836827,-16.674201603420368,-16.67426610514555,-16.674324156698212,-16.67437640309561
71,0,-1.8512583487190752,-3.457790826607103,-4.862907823133101,-6.099980134608499,-7.194944412784985,-8.168216679077846,-9.036129433391416,-9.811985024112257,-10.506814185637651,-11.129917259218699,-11.689249940416973,-12.191699947010463,-12.643287996095074,-13.049316460969827,-13.414481772734261,-13.74296149035904,-14.038483429459049,-14.304381848775021,-14.543644090752299,-14.75895000407593,-14.952705764644396,-15.127073236994823,-15.283995700138963,-15.425220546790477,-15.552319417938948,-15.66670613261988,-15.769652700461437,-15.862303652286625,-15.94568888524358,-16.020735189373518,-16.08827659939847,-16.14906369695369,-16.203771973253335,-16.253009349416484,-16.297322940812865,-16.33720514240762,-16.373099103903172,-16.40540365628209,-16.434477744990392,-16.460644419343875,-16.48419442269563,-16.50538942339289,-16.524464922512113,-16.541632870738496,-16.557084023504327,-16.570990060578712,-16.58350549367586,-16.594769383287836,-16.604906883824505,-16.6140306342333,-16.622242009552952,-16.629632247309253,-16.636283461269514,-16.642269553820473,-16.647657037107702,-16.6525057720606,-16.656869633514553,-16.660797108820734,-16.664331836594755,-16.66751309159037,-16.670376221085768,-16.672953037631203,-16.67527217252182,-16.677359393923194,-16.67923789318431,-16.680928542519244,-16.682450126920635,-16.683819552881854,-16.685052036246926,-16.686161271275484,-16.687159582801172,-16.68805806317429,-16.68886669551009,-16.689594464612306,-16.690249456804302,-16.690838949777095,-16.69136949345261,-16.69184698276057,-16.692276723137738,-16.692663489477184,-16.693011579182684,-16.693324859917638,-16.693606812579098,-16.69386056997441,-16.694088951630192,-16.694294495120396,-16.694479484261578,-16.69464597448864,-16.694795815693,-16.694930672776923,-16.69505204415245,-16.695161278390426,-16.695259589204607,-16.69534806893737,-16.695427700696854,-16.695499369280387,-16.69556387100557,-16.69562192255824,-16.695674168955634
72,0,-1.8573324964312685,-3.468343257683948,-4.876679419735868,-6.116022744614444,-7.212566035194357,-8.186923539190705,-9.055575182701117,-9.831929968296452,-10.527094225800345,-11.150421038397031,-11.709902440547959,-12.212450934721781,-12.664104002580485,-13.070175279905703,-13.435368721369526,-13.763866888416473,-14.059400909996503,-14.325307232385786,-14.564574638466784,-14.779883923341384,-14.97364188361287,-15.148010790298642,-15.304934188274274,-15.446159643968876,-15.57325891178293,-15.687645884741842,-15.790592620717888,-15.883243681976372,-15.966628986149571,-16.041675336619594,-16.109216776794877,-16.170003893965287,-16.224712183025325,-16.27394956748913,-16.31826316428485,-16.358145369391604,-16.39403933317146,-16.42634388703612,-16.455417976710745,-16.481584651692717,-16.505134655453226,-16.526329656416337,-16.54540515570845,-16.56257310404728,-16.578024256886245,-16.591930294008186,-16.60444572713627,-16.61570961676836,-16.62584711731811,-16.63497086773541,-16.643182243060597,-16.650572480820497,-16.6572236947831,-16.663209787335582,-16.668597270623803,-16.67344600557734,-16.677809867031712,-16.681737342338167,-16.68527207011236,-16.688453325108092,-16.691316454603566,-16.69389327114905,-16.696212406039695,-16.69829962744109,-16.700178126702227,-16.701868776037166,-16.70339036043856,-16.704759786399784,-16.70599226976486,-16.707101504793417,-16.70809981631911,-16.708998296692226,-16.709806929028026,-16.710534698130243,-16.71118969032224,-16.711779183295032,-16.712309726970545,-16.712787216278507,-16.71321695665567,-16.71360372299512,-16.713951812700625,-16.71426509343558,-16.71454704609704,-16.71480080349235,-16.71502918514813,-16.715234728638332,-16.715419717779515,-16.71558620800658,-16.715736049210935,-16.71587090629486,-16.715992277670388,-16.716101511908366,-16.716199822722544,-16.716288302455308,-16.71636793421479,-16.716439602798328,-16.716504104523512,-16.716562156076176,-16.716614402473574
73,0,-1.863322860120456,-3.4787388372574384,-4.890235609621151,-6.131805803122536,-7.229896269784854,-8.205316782293057,-9.074692154941207,-9.851535971155162,-10.547028592618314,-11.17057472371275,-11.73020196131688,-12.23284706700937,-12.684563936956291,-13.09067723884121,-13.455898300172173,-13.784414586819189,-14.079960477492925,-14.345874564860878,-14.585147045640753,-14.800459644157748,-14.99421976660662,-15.168590083299502,-15.325514400327702,-15.466740454827455,-15.593840112662061,-15.708227339584624,-15.811174240893319,-15.903825409765094,-15.987210783972081,-16.062257180013827,-16.129798649840083,-16.190585786301106,-16.24529408791056,-16.294531480537856,-16.338845082643754,-16.378727291204527,-16.414621257230987,-16.44692581255688,-16.475999903181897,-16.502166578781992,-16.525716582944522,-16.546911584169095,-16.565987083631253,-16.583155032080676,-16.59860618499156,-16.612512222160284,-16.62502765531878,-16.63629154497066,-16.646429045533278,-16.655552795958943,-16.663764171289575,-16.671154409053013,-16.677805623017917,-16.683791715571893,-16.68917919886109,-16.694027933815256,-16.69839179527004,-16.702319270576766,-16.705853998351138,-16.70903525334698,-16.711898382842527,-16.714475199388062,-16.716794334278738,-16.718881555680156,-16.720760054941298,-16.72245070427625,-16.723972288677647,-16.725341714638876,-16.726574198003956,-16.727683433032514,-16.728681744558205,-16.729580224931322,-16.730388857267123,-16.731116626369342,-16.731771618561336,-16.732361111534132,-16.732891655209645,-16.733369144517606,-16.73379888489477,-16.73418565123422,-16.734533740939725,-16.73484702167468,-16.735128974336135,-16.73538273173145,-16.73561111338723,-16.735816656877432,-16.736001646018615,-16.736168136245677,-16.736317977450035,-16.736452834533956,-16.736574205909488,-16.736683440147466,-16.736781750961644,-16.736870230694404,-16.73694986245389,-16.737021531037428,-16.737086032762612,-16.737144084315272,-16.73719633071267
74,0,-1.8692317197309762,-3.488980251625253,-4.9035786099763445,-6.147330776985109,-7.246935839232498,-8.223396502913582,-9.093479955466835,-9.870802274731803,-10.566616266485232,-11.190377111131648,-11.750147170734767,-12.252886924181384,-12.704666319990093,-13.110820818432389,-13.476068962944321,-13.80460302148306,-14.100160556001057,-14.366082262412062,-14.605359723318271,-14.820675574171275,-15.014437819042161,-15.188809519953056,-15.345734739299022,-15.486961381741242,-15.614061422543394,-15.72844889884906,-15.831395962514947,-15.92404723706684,-16.007432680051426,-16.082479120848497,-16.150020619795093,-16.210807775201808,-16.26551608913644,-16.314753489781452,-16.359067097102745,-16.39894930905591,-16.434843277288913,-16.467147834049978,-16.496221925608438,-16.522388601815642,-16.545938606373024,-16.567133607854394,-16.586209107483576,-16.603377056041623,-16.61882820902315,-16.632734246237817,-16.645249679426193,-16.6565135690975,-16.66665106967276,-16.675774820106646,-16.683986195442618,-16.691376433209534,-16.698027647176698,-16.704013739732147,-16.709401223022297,-16.71424995797709,-16.718613819432278,-16.722541294739262,-16.726076022513805,-16.72925727750976,-16.73212040700538,-16.73469722355096,-16.737016358441668,-16.739103579843103,-16.740982079104263,-16.74267272843922,-16.744194312840627,-16.745563738801856,-16.74679622216694,-16.747905457195497,-16.748903768721192,-16.749802249094305,-16.750610881430106,-16.751338650532325,-16.751993642724322,-16.752583135697115,-16.753113679372632,-16.753591168680593,-16.754020909057758,-16.754407675397204,-16.754755765102708,-16.755069045837665,-16.75535099849912,-16.75560475589443,-16.755833137550212,-16.756038681040415,-16.756223670181598,-16.756390160408664,-16.75654000161302,-16.756674858696943,-16.756796230072474,-16.75690546431045,-16.757003775124627,-16.75709225485739,-16.757171886616874,-16.75724355520041,-16.757308056925595,-16.75736610847826,-16.757418354875654
75,0,-1.8750612633917,-3.4990699098331697,-4.916710177550957,-6.162598527879715,-7.2636847582910935,-8.24116201867086,-9.111937367663959,-9.889727270000924,-10.58585535797306,-11.209826114684008,-11.769735847020561,-12.27256819163798,-12.724408774199471,-13.13060359889715,-13.49587826161548,-13.824429725510427,-14.119998666142939,-14.385927837415716,-14.625210178442837,-14.840529216754021,-15.034293541948193,-15.208666599752833,-15.365592703677374,-15.50681992254292,-15.633920338830956,-15.748308059659466,-15.851255282524685,-15.943906660704636,-16.027292171133162,-16.102338655818713,-16.169880183322164,-16.23066735730825,-16.285375683329907,-16.334613091837795,-16.378926704273802,-16.4188089195539,-16.454702889950873,-16.487007448119435,-16.516081540593348,-16.54224821739595,-16.56579822234057,-16.5869932240738,-16.606068723866773,-16.62323667253135,-16.638687825582156,-16.65259386284188,-16.665109296059562,-16.67637318574993,-16.68651068633758,-16.695634436779528,-16.70384581212074,-16.71123604989107,-16.717887263860447,-16.72387335641734,-16.729260839708424,-16.73410957466383,-16.738473436119413,-16.742400911426657,-16.745935639201367,-16.749116894197428,-16.751980023693122,-16.754556840238745,-16.75687597512949,-16.75896319653094,-16.760841695792113,-16.76253234512708,-16.76405392952849,-16.765423355489723,-16.76665583885481,-16.767765073883368,-16.768763385409063,-16.769661865782183,-16.770470498117984,-16.7711982672202,-16.771853259412197,-16.77244275238499,-16.772973296060503,-16.773450785368468,-16.773880525745632,-16.77426729208508,-16.774615381790582,-16.774928662525536,-16.775210615186992,-16.77546437258231,-16.775692754238086,-16.77589829772829,-16.776083286869472,-16.776249777096538,-16.776399618300896,-16.77653447538482,-16.77665584676035,-16.776765080998324,-16.776863391812505,-16.776951871545265,-16.777031503304748,-16.777103171888285,-16.77716767361347,-16.777225725166133,-16.77727797156353
76,0,-1.8808135922807914,-3.509009929684665,-4.929631571985885,-6.177609256872375,-7.280142264837597,-8.258611792157648,-9.130062268782872,-9.908308408740819,-10.604743017116254,-11.228918674056173,-11.788964785084877,-12.291887565629743,-12.7437879291355,-13.150022164988005,-13.515322751012032,-13.843891233826747,-14.139471329659774,-14.405407802906092,-14.644694918313707,-14.860017075436064,-15.053783436382128,-15.22815782213658,-15.385084791840896,-15.526312574918162,-15.65341335875826,-15.767801318954328,-15.870748697668619,-15.963400177299158,-16.046785753756264,-16.121832281410224,-16.1893738368724,-16.250161029048975,-16.30486936690482,-16.35410678311119,-16.39842040055502,-16.43830261909254,-16.474196591608287,-16.506501151154957,-16.535575244525198,-16.561741921910773,-16.585291927234557,-16.60648692921438,-16.625562429167736,-16.642730377936616,-16.65818153105526,-16.6720875683591,-16.684603001605478,-16.695866891314502,-16.706004391914288,-16.71512814236413,-16.723339517710478,-16.73072975548414,-16.73738096945569,-16.743367062013995,-16.748754545306,-16.753603280262,-16.75796714171797,-16.76189461702547,-16.765429344800342,-16.768610599796514,-16.771473729292275,-16.774050545837945,-16.776369680728713,-16.778456902130188,-16.78033540139137,-16.782026050726344,-16.78354763512776,-16.784917061088997,-16.786149544454084,-16.787258779482645,-16.78825709100834,-16.78915557138146,-16.78996420371726,-16.79069197281948,-16.791346965011474,-16.79193645798427,-16.792467001659787,-16.79294449096775,-16.793374231344913,-16.79376099768436,-16.794109087389863,-16.79442236812482,-16.794704320786277,-16.794958078181587,-16.795186459837367,-16.79539200332757,-16.795576992468753,-16.79574348269582,-16.795893323900174,-16.7960281809841,-16.79614955235963,-16.796258786597605,-16.796357097411782,-16.796445577144546,-16.79652520890403,-16.796596877487566,-16.79666137921275,-16.796719430765414,-16.796771677162816
77,0,-1.8864907251724818,-3.5188021186782494,-4.942343509184761,-6.192362435340836,-7.296306734803471,-8.275743335115845,-9.147851527041112,-9.92654209601768,-10.62327532288002,-11.247650642086507,-11.807829682734436,-12.310840638615884,-12.762799306186523,-13.169071990432776,-13.534397873060358,-13.862982967228378,-14.158573953358252,-14.424517556455365,-14.663809334422716,-14.879134537714155,-15.072902887220353,-15.24727857026453,-15.404206385827234,-15.545434720171027,-15.672535863150397,-15.786924057246223,-15.889871588255543,-15.98252316702638,-16.06590880801017,-16.140955377656116,-16.20849696044216,-16.269284170396475,-16.32399251981812,-16.37322994354845,-16.41754356588662,-16.457425787607775,-16.493319762194307,-16.525624323087875,-16.55469841733416,-16.580865095289514,-16.60441510098387,-16.62561010320471,-16.644685603314816,-16.66185355218564,-16.677304705370588,-16.691210742717548,-16.703726175991967,-16.71499006571923,-16.725127566330876,-16.734251316788434,-16.742462692139796,-16.749852929916724,-16.756504143890396,-16.762490236450077,-16.76787771974298,-16.772726454699562,-16.777090316155913,-16.78101779146366,-16.784552519238694,-16.78773377423497,-16.790596903730798,-16.793173720276513,-16.795492855167307,-16.797580076568803,-16.79945857583,-16.80114922516498,-16.8026708095664,-16.80404023552764,-16.80527271889273,-16.806381953921292,-16.807380265446987,-16.808278745820108,-16.80908737815591,-16.80981514725813,-16.810470139450125,-16.811059632422918,-16.811590176098434,-16.8120676654064,-16.812497405783564,-16.81288417212301,-16.813232261828514,-16.813545542563467,-16.813827495224928,-16.814081252620237,-16.81430963427602,-16.81451517776622,-16.814700166907407,-16.81486665713447,-16.815016498338828,-16.81515135542275,-16.81527272679828,-16.815381961036255,-16.815480271850436,-16.815568751583196,-16.81564838334268,-16.815720051926217,-16.8157845536514,-16.815842605204065,-16.815894851601463
78,0,-1.8920946026904804,-3.528447948695762,-4.954846102349327,-6.2068567190077015,-7.312175577172212,-8.292553090720016,-9.165300875582309,-9.944423558718295,-10.641447148151922,-11.266016647440827,-11.826325001829957,-12.329421759427182,-12.781437178088828,-13.187747297017916,-13.553097815590395,-13.881699091003123,-14.17730068761148,-14.44325123859647,-14.682547560826135,-14.897875733390308,-15.09164602147517,-15.266022969322218,-15.422951609627132,-15.564180481511588,-15.691281974707762,-15.80567039690302,-15.908618076436499,-16.00126975189602,-16.084655455812527,-16.159702066414063,-16.227243675850108,-16.288030903143962,-16.34273926384648,-16.39197669491549,-16.436290322027517,-16.476172546853952,-16.512066523460323,-16.544371085667656,-16.573445180768434,-16.599611859279552,-16.623161865335376,-16.644356867791302,-16.663432368054302,-16.680600317024567,-16.696051470274185,-16.709957507663205,-16.722472940964977,-16.733736830710033,-16.743874331333245,-16.752998081798328,-16.76120945715458,-16.76859969493469,-16.775250908910433,-16.78123700147146,-16.78662448476524,-16.791473219722395,-16.795837081179116,-16.7997645564871,-16.803299284262295,-16.80648053925867,-16.809343668754565,-16.81192048530032,-16.814239620191145,-16.816326841592655,-16.818205340853865,-16.819895990188854,-16.82141757459028,-16.82278700055152,-16.824019483916615,-16.82512871894518,-16.82612703047088,-16.827025510843995,-16.8278341431798,-16.82856191228202,-16.829216904474013,-16.82980639744681,-16.830336941122326,-16.830814430430287,-16.83124417080745,-16.8316309371469,-16.831979026852405,-16.83229230758736,-16.832574260248816,-16.832828017644125,-16.83305639929991,-16.833261942790113,-16.833446931931295,-16.833613422158358,-16.833763263362716,-16.833898120446637,-16.834019491822165,-16.834128726060143,-16.83422703687432,-16.834315516607084,-16.834395148366568,-16.83446681695011,-16.83453131867529,-16.834589370227953,-16.83464161662535
79,0,-1.8976270912904414,-3.537948522873158,-4.967138787542748,-6.221089840821852,-7.327745104051154,-8.30903628851456,-9.182404757540427,-9.961946684189376,-10.659251994189828,-11.284009926317932,-11.84444379819396,-12.347623861994409,-12.799694396881497,-13.20604088203626,-13.571415339451262,-13.900032341828577,-14.195644253115281,-14.461601559486601,-14.700902300747618,-14.91623336113525,-15.110005534832466,-15.284383713041374,-15.441313155694408,-15.582542550558763,-15.709644384504243,-15.824033028643045,-15.92698085269798,-16.019632622243492,-16.10301838740031,-16.178065037856932,-16.24560667322735,-16.306393917395393,-16.361102289076157,-16.410339727287063,-16.454653359044972,-16.494535586893463,-16.530429565465546,-16.56273412895145,-16.59180822488383,-16.617974903935828,-16.641524910343435,-16.66271991302816,-16.68179541343996,-16.698963362507,-16.71441451581956,-16.728320553249514,-16.74083598657791,-16.752099876340274,-16.76223737697475,-16.77136112744715,-16.779572502808172,-16.786962740591377,-16.793613954569135,-16.799600047131474,-16.804987530426104,-16.809836265383808,-16.81420012684089,-16.81812760214911,-16.821662329924454,-16.824843584920927,-16.827706714416887,-16.83028353096269,-16.83260266585354,-16.83468988725507,-16.83656838651629,-16.838259035851287,-16.839780620252718,-16.841150046213965,-16.84238252957906,-16.843491764607624,-16.84449007613332,-16.845388556506443,-16.846197188842243,-16.846924957944463,-16.84757995013646,-16.848169443109256,-16.84869998678477,-16.84917747609273,-16.849607216469895,-16.849993982809345,-16.85034207251485,-16.850655353249802,-16.850937305911263,-16.851191063306572,-16.851419444962353,-16.851624988452556,-16.85180997759374,-16.851976467820805,-16.852126309025163,-16.852261166109084,-16.852382537484615,-16.85249177172259,-16.85259008253677,-16.85267856226953,-16.85275819402902,-16.852829862612552,-16.852894364337736,-16.8529524158904,-16.8530046622878
80,0,-1.9030899869919435,-3.5473045325458092,-4.979220229606295,-6.235058477046594,-7.343010369230603,-8.325186764819717,-9.199156134642696,-9.97910382116937,-10.676681786549956,-11.301622115102443,-11.86217751211531,-12.365438254442795,-12.817562182075479,-13.223943905849264,-13.589341565675943,-13.917973814676598,-14.21359572762252,-14.479559585530403,-14.71886461312883,-14.934198474991716,-15.12797247812415,-15.302351850152238,-15.459282071385145,-15.600511973770988,-15.72761413841235,-15.84200299795659,-15.944950962281082,-16.037602823147484,-16.120988647746415,-16.196035336888727,-16.26357699743303,-16.3243642579807,-16.379072640318096,-16.428310085461725,-16.472623721729498,-16.512505952511585,-16.54839993299186,-16.58070449771892,-16.60977859445857,-16.635945274035628,-16.65949528078473,-16.68069028369155,-16.699765784247806,-16.71693373340879,-16.732384886782448,-16.74629092425214,-16.758806357606375,-16.770070247385547,-16.780207748030953,-16.789331498510464,-16.797542873876107,-16.80493311166232,-16.81158432564203,-16.81757041820564,-16.822957901501102,-16.827806636459343,-16.832170497916778,-16.836097973225225,-16.839632701000717,-16.842813955997286,-16.845677085493307,-16.848253902039147,-16.850573036930026,-16.85266025833157,-16.854538757592803,-16.85622940692781,-16.857750991329244,-16.859120417290494,-16.86035290065559,-16.86146213568416,-16.86246044720986,-16.863358927582976,-16.86416755991878,-16.864895329021,-16.865550321212996,-16.86613981418579,-16.866670357861306,-16.867147847169267,-16.867577587546435,-16.86796435388588,-16.86831244359139,-16.868625724326343,-16.8689076769878,-16.86916143438311,-16.86938981603889,-16.869595359529093,-16.869780348670275,-16.869946838897338,-16.8700966801017,-16.87023153718562,-16.87035290856115,-16.870462142799127,-16.870560453613304,-16.870648933346068,-16.87072856510555,-16.87080023368909,-16.87086473541427,-16.870922786966936,-16.870975033364335
81,0,-1.9084850188786497,-3.556516201406616,-4.991088202813411,-6.248758079005787,-7.357964966444338,-8.340996739039591,-9.215546249285557,-9.995885532623278,-10.693726621893292,-11.318842993223322,-11.87951570861676,-12.382854357657967,-12.835029858102393,-13.241445628602978,-13.606865711717028,-13.935512698734675,-14.231144281658912,-14.497114474961439,-14.736423648123207,-14.95176021981099,-15.145535992727387,-15.31991651975848,-15.476847494316784,-15.618077887794971,-15.745180372445231,-15.859569440443563,-15.962517540516304,-16.055169489762935,-16.138555371891428,-16.213602098475548,-16.281143783384763,-16.341931059785942,-16.396639452437796,-16.44587690429163,-16.490190544924534,-16.530072778546103,-16.565966760873355,-16.598271326801765,-16.627345424322808,-16.653512104408083,-16.677062111487725,-16.698257114609532,-16.7173326153056,-16.73450056455752,-16.74995171799032,-16.763857755498474,-16.776373188877727,-16.787637078673168,-16.797774579329154,-16.806898329815542,-16.815109705185666,-16.822499942974787,-16.82915115695639,-16.835137249521228,-16.84052473281749,-16.845373467776255,-16.849737329234024,-16.853664804542692,-16.85719953231833,-16.86038078731499,-16.863243916811072,-16.865820733356955,-16.86813986824786,-16.87022708964942,-16.87210558891066,-16.87379623824567,-16.875317822647116,-16.876687248608366,-16.877919731973464,-16.879028967002032,-16.88002727852773,-16.880925758900855,-16.881734391236655,-16.882462160338875,-16.883117152530872,-16.88370664550367,-16.88423718917918,-16.884714678487146,-16.88514441886431,-16.88553118520376,-16.885879274909264,-16.886192555644218,-16.886474508305675,-16.886728265700988,-16.88695664735677,-16.887162190846972,-16.887347179988154,-16.887513670215217,-16.887663511419575,-16.887798368503496,-16.887919739879028,-16.888028974117002,-16.88812728493118,-16.888215764663943,-16.888295396423427,-16.888367065006967,-16.888431566732148,-16.88848961828481,-16.88854186468221
82,0,-1.9138138523837167,-3.565583212946408,-5.002739438615129,-6.262182660265782,-7.372600775470864,-8.356456532979612,-9.231564326530926,-10.012280286498859,-10.710374451407178,-11.3356601617693,-11.89644575291426,-12.399859378671525,-12.852084526338109,-13.258533081357918,-13.623974761990798,-13.952635947566502,-14.248276848432726,-14.514253147588004,-14.753566316734764,-14.968905500821874,-15.162682980088025,-15.33706462083094,-15.493996321842502,-15.635227188927503,-15.762329982210293,-15.87671925126175,-15.979667482268347,-16.07231951676357,-16.155705454384663,-16.23075221708571,-16.298293925498122,-16.359081217192347,-16.41378961979415,-16.463027078121122,-16.507340722964983,-16.547222959325758,-16.58311694343477,-16.615421510522122,-16.644495608796966,-16.670662289372522,-16.694212296771042,-16.715407300100242,-16.734482800931197,-16.751650750270844,-16.767101903760697,-16.78100794130596,-16.79352337470934,-16.804787264520474,-16.814924765186667,-16.824048515679696,-16.832259891054132,-16.83965012884606,-16.84630134282949,-16.852287435395517,-16.85767491869255,-16.862523653651817,-16.866887515109916,-16.870814990418793,-16.87434971819457,-16.87753097319132,-16.880394102687465,-16.88297091923338,-16.88529005412431,-16.887377275525886,-16.88925577478714,-16.89094642412216,-16.892468008523604,-16.89383743448486,-16.89506991784996,-16.89617915287853,-16.89717746440423,-16.89807594477735,-16.898884577113154,-16.899612346215378,-16.90026733840737,-16.900856831380167,-16.90138737505568,-16.901864864363645,-16.90229460474081,-16.90268137108026,-16.90302946078576,-16.903342741520714,-16.90362469418217,-16.903878451577487,-16.904106833233264,-16.904312376723468,-16.90449736586465,-16.904663856091716,-16.904813697296074,-16.90494855438,-16.905069925755527,-16.9051791599935,-16.905277470807683,-16.905365950540443,-16.90544558229993,-16.905517250883463,-16.905581752608647,-16.90563980416131,-16.90569205055871
83,0,-1.919078092376074,-3.5745046157055675,-5.014169429927515,-6.275324525225879,-7.386907639850485,-8.371554215565968,-9.247197197530257,-10.02827406533542,-10.72661068139457,-11.3520586381639,-11.91295240120588,-12.416437898895433,-12.86871065165885,-13.275190651543669,-13.640653052609748,-13.969327863371667,-14.264977707785206,-14.530959868541414,-14.7702768744344,-14.985618567160891,-15.179397685194635,-15.35378039564506,-15.51071279446482,-15.651944116513492,-15.779047206297118,-15.893436668508174,-15.996385025313165,-16.089037141716158,-16.17242313265663,-16.247469930060984,-16.315011661057113,-16.375798967446343,-16.430507379609118,-16.479744844156226,-16.524058493046507,-16.563940732039477,-16.599834717860652,-16.632139286061676,-16.661213385060886,-16.687380066107576,-16.710930073812527,-16.73212507734102,-16.7512005783016,-16.768368527725546,-16.78381968127022,-16.797725718851137,-16.81024115227771,-16.821505042103926,-16.831642542779928,-16.840766293279337,-16.84897766865792,-16.856367906452547,-16.863019120437734,-16.869005213004904,-16.874392696302674,-16.879241431262425,-16.883605292720837,-16.887532768029917,-16.891067495805828,-16.894248750802667,-16.897111880298862,-16.899688696844816,-16.90200783173577,-16.90409505313736,-16.905973552398624,-16.90766420173365,-16.909185786135097,-16.91055521209636,-16.911787695461456,-16.912896930490028,-16.91389524201573,-16.914793722388854,-16.91560235472466,-16.916330123826878,-16.916985116018875,-16.91757460899167,-16.918105152667184,-16.918582641975146,-16.91901238235231,-16.919399148691763,-16.919747238397264,-16.920060519132218,-16.920342471793678,-16.92059622918899,-16.920824610844768,-16.92103015433497,-16.921215143476154,-16.92138163370322,-16.921531474907578,-16.9216663319915,-16.92178770336703,-16.921896937605005,-16.921995248419186,-16.922083728151947,-16.922163359911433,-16.922235028494967,-16.92229953022015,-16.922357581772815,-16.922409828170213
84,0,-1.9242792860618816,-3.5832786986064766,-5.02537217718865,-6.288173919583507,-7.400872953694265,-8.386275148564012,-9.26242881876844,-10.043849868331536,-10.742417664120262,-11.368020339648126,-11.929017279313241,-12.432571349579757,-12.884889535806701,-13.291399554950974,-13.656881742474182,-13.985569567487575,-14.281227956306774,-14.547215718140135,-14.786536390859421,-15.001880481464381,-15.195661166100566,-15.370044899257278,-15.52697796528223,-15.668209722373238,-15.795313095692109,-15.909702742625495,-16.01265121973904,-16.105303414478083,-16.188689456414345,-16.26373628701048,-16.331278039607113,-16.392065360051795,-16.446773781359568,-16.496011251856263,-16.540324904616988,-16.580207146127695,-16.6161011335866,-16.648405702852884,-16.67747980254497,-16.70364648404232,-16.72719649204038,-16.748391495759513,-16.76746699684407,-16.784634946348657,-16.800086099945776,-16.813992137560803,-16.826507571009557,-16.8377714608502,-16.84790896153558,-16.857032712041093,-16.865244087423644,-16.87263432522085,-16.879285539207718,-16.88527163177598,-16.89065911507446,-16.89550785003467,-16.899871711493383,-16.90379918680266,-16.907333914578693,-16.910515169575618,-16.913378299071866,-16.91595511561786,-16.918274250508833,-16.92036147191044,-16.922239971171713,-16.923930620506745,-16.925452204908197,-16.92682163086946,-16.928054114234563,-16.929163349263135,-16.930161660788837,-16.931060141161957,-16.93186877349776,-16.932596542599985,-16.93325153479198,-16.933841027764775,-16.934371571440288,-16.93484906074825,-16.93527880112542,-16.935665567464866,-16.93601365717037,-16.936326937905324,-16.936608890566784,-16.936862647962094,-16.937091029617875,-16.93729657310808,-16.93748156224926,-16.937648052476327,-16.93779789368068,-16.937932750764606,-16.938054122140134,-16.938163356378112,-16.93826166719229,-16.938350146925053,-16.938429778684537,-16.93850144726807,-16.938565948993254,-16.93862400054592,-16.938676246943317
85,0,-1.9294189257142926,-3.5919028252587784,-5.036339855155384,-6.3007185750244865,-7.414481125802872,-8.400601398917898,-9.27723965108243,-10.058987068737187,-10.757774041062,-11.38352341724487,-11.944618210536758,-12.448237335648852,-12.900598638584022,-13.307137155191727,-13.672638131595022,-14.001338317967493,-14.297004824427868,-14.562997908662217,-14.802322066378062,-15.017668436297347,-15.211450610264299,-15.385835315787713,-15.542769016234283,-15.684001187023036,-15.811104829983162,-15.925494652596326,-16.028443244134124,-16.121095513380535,-16.20448160382164,-16.279528465989063,-16.34707023913204,-16.407857572946472,-16.462566002953217,-16.511803479109386,-16.55611713555186,-16.595999379457584,-16.631893368474397,-16.66419793875403,-16.693272039105235,-16.719438721031285,-16.742988729308173,-16.764183733208654,-16.783259234411158,-16.80042718399245,-16.81587833763946,-16.82978437528693,-16.84229980875679,-16.85356369861115,-16.863701199305464,-16.872824949816778,-16.8810363252031,-16.888426563002767,-16.895077776991226,-16.901063869560524,-16.906451352859683,-16.911300087820333,-16.91566394927933,-16.919591424588795,-16.92312615236495,-16.92630740736195,-16.929170536858255,-16.931747353404276,-16.934066488295272,-16.936153709696892,-16.938032208958177,-16.939722858293212,-16.94124444269467,-16.942613868655933,-16.943846352021037,-16.944955587049613,-16.945953898575315,-16.946852378948435,-16.947661011284243,-16.948388780386463,-16.94904377257846,-16.949633265551252,-16.95016380922677,-16.950641298534734,-16.9510710389119,-16.951457805251344,-16.951805894956852,-16.952119175691806,-16.952401128353262,-16.952654885748572,-16.952883267404356,-16.95308881089456,-16.953273800035742,-16.953440290262805,-16.953590131467163,-16.953724988551084,-16.953846359926615,-16.95395559416459,-16.95405390497877,-16.95414238471153,-16.954222016471014,-16.954293685054555,-16.954358186779736,-16.9544162383324,-16.9544684847298
86,0,-1.9344984512435677,-3.6003732109731437,-5.047062369948047,-6.312943108284353,-7.427712875429813,-8.414510968395113,-9.291605846788235,-10.073660573365775,-10.772653884347529,-11.39854138531594,-11.959728337393148,-12.46340875229303,-12.915810691062017,-13.32237607468628,-13.687894770624533,-14.016606618157411,-14.312280784371785,-14.578278891890315,-14.81760633936819,-15.032954861258393,-15.22673844154105,-15.40112406533787,-15.558058364971187,-15.699290926513402,-15.826394824177473,-15.94078481274773,-16.043733512382296,-16.136385852018698,-16.219771988285697,-16.294818880281515,-16.362360672837006,-16.423148019283627,-16.477856457509574,-16.52709393901315,-16.571407598934403,-16.611289845103123,-16.647183835591978,-16.679488406829112,-16.70856250780311,-16.73472919013424,-16.75827919867459,-16.779474202746428,-16.798549704060385,-16.815717653714156,-16.831168807408307,-16.845074845086437,-16.857590278576232,-16.868854168443566,-16.878991669146306,-16.888115419663105,-16.896326795053003,-16.90371703285498,-16.910368246844953,-16.916354339415232,-16.921741822715028,-16.926590557676093,-16.93095441913536,-16.934881894445,-16.93841662222127,-16.941597877218346,-16.944461006714693,-16.94703782326075,-16.949356958151768,-16.951444179553402,-16.95332267881469,-16.955013328149736,-16.956534912551195,-16.957904338512463,-16.959136821877568,-16.96024605690614,-16.961244368431846,-16.962142848804966,-16.962951481140774,-16.963679250242993,-16.96433424243499,-16.964923735407783,-16.965454279083303,-16.965931768391265,-16.96636150876843,-16.96674827510788,-16.967096364813383,-16.967409645548337,-16.967691598209793,-16.967945355605107,-16.968173737260887,-16.96837928075109,-16.968564269892273,-16.968730760119335,-16.968880601323697,-16.96901545840762,-16.969136829783146,-16.96924606402112,-16.969344374835302,-16.969432854568062,-16.96951248632755,-16.969584154911086,-16.969648656636267,-16.969706708188934,-16.969758954586332
87,0,-1.9395192526186185,-3.608684618161961,-5.057526761216462,-6.324828215958146,-7.44054429273272,-8.427976768340757,-9.305498169340646,-10.087839706433606,-10.787025557121865,-11.413041966488878,-11.974314956374018,-12.478052613033698,-12.930492519244813,-13.337083015437623,-13.702618279735562,-14.031341034334236,-14.327022366981057,-14.5930251754075,-14.832355702166652,-15.047706238702967,-15.241491135758565,-15.415877619470342,-15.57281248027085,-15.714045407805346,-15.84114954405124,-15.955539688083638,-16.05848848898431,-16.15114089456559,-16.23452707376612,-16.3095739937085,-16.37711580445224,-16.43790316273463,-16.492611608661715,-16.54184909517572,-16.586162758356558,-16.626045006645704,-16.661938998513875,-16.694243570648204,-16.723317672205773,-16.749484354916472,-16.773034363703697,-16.794229367936097,-16.813304869354482,-16.830472819076174,-16.845923972814496,-16.859830010521353,-16.872345444029833,-16.883609333909316,-16.893746834619964,-16.9028705851419,-16.91108196053514,-16.918472198339295,-16.925123412330674,-16.931109504901872,-16.93649698820227,-16.94134572316372,-16.94570958462324,-16.949637059933046,-16.953171787709422,-16.956353042706567,-16.959216172202964,-16.961792988749046,-16.964112123640085,-16.966199345041733,-16.96807784430303,-16.969768493638078,-16.97129007803954,-16.97265950400081,-16.973891987365917,-16.975001222394493,-16.9759995339202,-16.97689801429332,-16.977706646629123,-16.97843441573135,-16.979089407923347,-16.97967890089614,-16.980209444571653,-16.980686933879614,-16.981116674256782,-16.98150344059623,-16.981851530301736,-16.98216481103669,-16.98244676369815,-16.98270052109346,-16.98292890274924,-16.983134446239443,-16.983319435380626,-16.98348592560769,-16.983635766812046,-16.98377062389597,-16.9838919952715,-16.984001229509477,-16.984099540323655,-16.98418802005642,-16.9842676518159,-16.984339320399435,-16.98440382212462,-16.984461873677287,-16.98451412007468
88,0,-1.9444826721501687,-3.616829932884051,-5.067716381086555,-6.336349576842476,-7.452945563480217,-8.440965231419073,-9.318880532428134,-10.101486701360367,-10.800850174318612,-11.42698553199975,-11.988337944829155,-12.492128467744681,-12.944603456263255,-13.351217167398621,-13.716767754479594,-14.045500599920627,-14.34118856485734,-14.60719572503465,-14.846529103047947,-15.061881505422708,-15.255667622201253,-15.430054902565669,-15.586990283312845,-15.728223549990313,-15.855327907334429,-15.969718195446719,-16.072667090204767,-16.16531955690932,-16.248705775905886,-16.323752721753415,-16.391294549357276,-16.452081918611423,-16.506790371677592,-16.556027862836416,-16.600341529039028,-16.64022377929393,-16.67611777244081,-16.7084223454069,-16.73749644750548,-16.763663130568066,-16.787213139584164,-16.808408143965423,-16.82748364548062,-16.844651595265283,-16.860102749044557,-16.87400878677805,-16.886524220303848,-16.897788110194597,-16.907925610912567,-16.917049361439272,-16.925260736835604,-16.932650974641778,-16.93930218863447,-16.945288281206523,-16.95067576450747,-16.955524499469288,-16.95988836092904,-16.963815836239,-16.967350564015472,-16.970531819012685,-16.973394948509117,-16.97597176505523,-16.978290899946284,-16.980378121347943,-16.98225662060925,-16.9839472699443,-16.98546885434577,-16.98683828030704,-16.988070763672148,-16.989179998700724,-16.99017831022643,-16.991076790599553,-16.991885422935358,-16.99261319203758,-16.993268184229578,-16.99385767720237,-16.994388220877887,-16.994865710185852,-16.995295450563017,-16.995682216902463,-16.99603030660797,-16.996343587342924,-16.99662554000438,-16.99687929739969,-16.997107679055475,-16.997313222545678,-16.99749821168686,-16.997664701913923,-16.99781454311828,-16.997949400202202,-16.99807077157773,-16.99818000581571,-16.998278316629886,-16.99836679636265,-16.998446428122133,-16.998518096705673,-16.998582598430854,-16.998640649983518,-16.998692896380916
89,0,-1.9493900066449128,-3.624799563954558,-5.077609743664397,-6.347476325597471,-7.4648792034416065,-8.453434394188129,-9.331707984834013,-10.114554621915671,-10.814079481950001,-11.440322953404115,-12.001747594499255,-12.50558622421391,-12.958093156064251,-13.364728016992094,-13.730292570917335,-14.05903461839593,-14.354728633820399,-14.62073976534057,-14.860075746114758,-15.075429852131663,-15.269217082832736,-15.443605090873037,-15.600540946617114,-15.741774523155934,-15.868879082529048,-15.983269502305713,-16.086218482839335,-16.178871005407228,-16.262257260776934,-16.337304230302426,-16.404846073317373,-16.46563345260057,-16.52034191219258,-16.569579407597317,-16.61389307656223,-16.65377532861411,-16.689669322929923,-16.72197389665637,-16.75104799924953,-16.777214682633797,-16.800764691859126,-16.821959696376467,-16.841035197980172,-16.858203147822394,-16.873654301639107,-16.887560339396945,-16.90007577293858,-16.91133966283963,-16.9214771635643,-16.930600914095358,-16.938812289494525,-16.94620252730254,-16.952853741296433,-16.958839833869263,-16.964227317170717,-16.969076052132863,-16.97343991359283,-16.977367388902927,-16.98090211667949,-16.98408337167676,-16.986946501173236,-16.98952331771937,-16.99184245261044,-16.99392967401211,-16.995808173273424,-16.99749882260848,-16.99902040700995,-17.000389832971223,-17.00162231633633,-17.00273155136491,-17.003729862890616,-17.00462834326374,-17.005436975599547,-17.006164744701767,-17.006819736893764,-17.00740922986656,-17.007939773542073,-17.00841726285004,-17.008847003227206,-17.009233769566652,-17.009581859272153,-17.009895140007107,-17.010177092668567,-17.01043085006388,-17.01065923171966,-17.010864775209864,-17.01104976435105,-17.011216254578112,-17.011366095782467,-17.011500952866392,-17.01162232424192,-17.011731558479898,-17.011829869294075,-17.01191834902684,-17.011997980786322,-17.012069649369856,-17.01213415109504,-17.012192202647707,-17.012244449045102
90,0,-1.954242509439325,-3.6325805696252975,-5.087178875031487,-6.358168881143251,-7.476297557478546,-8.465331187564992,-9.343923866430972,-10.126984430370726,-10.826652867474932,-11.452992574843188,-12.014481558659131,-12.51836307874024,-12.970898513126228,-13.377552259681444,-13.743129293504712,-14.071879568114522,-14.367578995719901,-14.633593681142528,-14.872931991942279,-15.088287623551958,-15.282075852017178,-15.456464511994108,-15.613400793373051,-15.754634647614346,-15.8817393880718,-15.99612992587538,-16.09907898330685,-16.191731555959866,-16.27511784394241,-16.35016483469905,-16.417706691533095,-16.47849407980965,-16.533202545253737,-16.582440044466097,-16.626753715908215,-16.66663596957163,-16.702529964935763,-16.73483453934412,-16.76390864238083,-16.7900753260536,-16.813625335466572,-16.83482034010596,-16.853895841789043,-16.871063791682893,-16.88651494553318,-16.900420983312852,-16.912936416868693,-16.924200306778978,-16.934337807509653,-16.94346155804462,-16.95167293344633,-16.959063171255995,-16.96571438525096,-16.971700477824488,-16.977087961126397,-16.981936696088837,-16.986300557549,-16.99022803285922,-16.993762760635867,-16.99694401563319,-16.9998071451297,-17.002383961675857,-17.004703096566942,-17.006790317968623,-17.008668817229943,-17.010359466565003,-17.011881050966476,-17.013250476927748,-17.014482960292856,-17.015592195321435,-17.01659050684714,-17.017488987220265,-17.018297619556073,-17.019025388658296,-17.019680380850293,-17.020269873823086,-17.020800417498602,-17.021277906806567,-17.02170764718373,-17.022094413523178,-17.02244250322868,-17.022755783963635,-17.023037736625096,-17.023291494020405,-17.02351987567619,-17.02372541916639,-17.023910408307575,-17.024076898534638,-17.024226739738996,-17.024361596822917,-17.02448296819845,-17.024592202436423,-17.024690513250604,-17.024778992983364,-17.02485862474285,-17.024930293326385,-17.02499479505157,-17.025052846604233,-17.02510509300163
91,0,-1.9590413923210936,-3.640155352287093,-5.096386882029218,-6.368375773585643,-7.487139161739713,-8.476587504765025,-9.35545568607702,-10.13870074099833,-10.838493031363594,-11.464915830544808,-12.026460433961278,-12.530379074490762,-12.982939205371643,-13.389609332742541,-13.755197201216292,-14.083954624075886,-14.37965875735808,-14.645676534568283,-14.88501687342539,-15.100373833468252,-15.294162931056794,-15.468552159083579,-15.625488811420523,-15.766722907740176,-15.893827806078976,-16.008218446800743,-16.111167571294125,-16.203820187630143,-16.28720650405906,-16.362253513335673,-16.429795382224814,-16.490582778347065,-16.545291248896625,-16.594528751430936,-16.63884242503434,-16.678724680103798,-16.714618676382596,-16.746923251385926,-16.775997354809647,-16.802164038734144,-16.825714048310843,-16.846909053056724,-16.865984554809067,-16.88315250474796,-16.898603658627547,-16.912509696426273,-16.925025129994506,-16.936289019912852,-16.946426520648767,-16.955550271187143,-16.963761646591067,-16.971151884402175,-16.977803098398077,-16.983789190972217,-16.989176674274525,-16.994025409237224,-16.99838927069755,-17.00231674600788,-17.0058514737846,-17.009032728781968,-17.011895858278507,-17.01447267482468,-17.01679180971578,-17.01887903111747,-17.020757530378795,-17.02244817971386,-17.023969764115336,-17.025339190076608,-17.02657167344172,-17.0276809084703,-17.028679219996004,-17.029577700369128,-17.030386332704936,-17.031114101807155,-17.031769093999156,-17.032358586971952,-17.032889130647465,-17.033366619955427,-17.03379636033259,-17.034183126672044,-17.034531216377545,-17.0348444971125,-17.03512644977396,-17.035380207169272,-17.03560858882505,-17.035814132315256,-17.035999121456435,-17.036165611683504,-17.03631545288786,-17.03645030997178,-17.03657168134731,-17.03668091558529,-17.036779226399467,-17.036867706132227,-17.036947337891714,-17.037019006475248,-17.037083508200432,-17.037141559753096,-17.037193806150494
92,0,-1.9637878273455553,-3.6474996420885093,-5.105184254409687,-6.3780288603896205,-7.497323284240855,-8.487114313900133,-9.366208957094022,-10.149605473770178,-10.84949952091305,-11.475990699491803,-12.037581162892721,-12.541530469567201,-12.994111039619119,-13.400794745869065,-13.766391608417464,-14.095154972424053,-14.390863020821216,-14.656883372664105,-14.896225401608493,-15.111583469397367,-15.305373292104901,-15.479762994269088,-15.636699956348458,-15.777934254859867,-15.905039285099486,-16.019430011821417,-16.122379192362526,-16.215031845212295,-16.298418185421774,-16.373465210182196,-16.44100708915092,-16.501794491833603,-16.5565029666525,-16.605740471964843,-16.650054147375723,-16.689936403621083,-16.72583040066485,-16.758134976165795,-16.787209079913197,-16.81337576404824,-16.83692577376188,-16.858120778596827,-16.8771962804071,-16.894364230383673,-16.909815384287764,-16.923721422102428,-16.936236855681024,-16.94750074560611,-16.95763824634641,-16.966761996887637,-16.974973372293416,-16.98236361010573,-16.989014824102416,-16.995000916677068,-17.000388399979705,-17.00523713494262,-17.00960099640309,-17.01352847171351,-17.017063199490288,-17.020244454487692,-17.02310758398426,-17.02568440053045,-17.028003535421558,-17.030090756823256,-17.031969256084583,-17.03365990541965,-17.035181489821127,-17.036550915782403,-17.037783399147518,-17.038892634176094,-17.0398909457018,-17.040789426074927,-17.041598058410734,-17.042325827512954,-17.04298081970495,-17.043570312677748,-17.044100856353264,-17.044578345661225,-17.045008086038393,-17.04539485237784,-17.045742942083344,-17.046056222818297,-17.046338175479757,-17.046591932875067,-17.04682031453085,-17.04702585802105,-17.047210847162237,-17.0473773373893,-17.047527178593658,-17.04766203567758,-17.047783407053107,-17.047892641291085,-17.047990952105266,-17.048079431838026,-17.04815906359751,-17.048230732181047,-17.048295233906227,-17.048353285458894,-17.048405531856293
93,0,-1.968482948553935,-3.65457925728302,-5.113503024081791,-6.3870358403067184,-7.5067414210768435,-8.496792508369616,-9.376057628199103,-10.159568009537903,-10.859538703370596,-11.486081558293893,-12.047706807310616,-12.551679458286156,-13.004275638504717,-13.410969745538496,-13.77657351444503,-14.105341450348243,-14.401052517049687,-14.667074856828501,-14.90641819241872,-15.121777117559533,-15.315567501988204,-15.4899575717246,-15.646894774080298,-15.788129229519328,-15.915234362175564,-16.029625155697588,-16.13257437978625,-16.22522706101311,-16.308613419707655,-16.383660456505915,-16.45120234331205,-16.511989751096397,-16.56669822923561,-16.61593573670863,-16.6602494135254,-16.70013167068545,-16.73602566832428,-16.768330244212333,-16.797404348211543,-16.823571032510376,-16.847121042330553,-16.868316047234796,-16.88739154909014,-16.904559499096024,-16.92001065301918,-16.933916690846242,-16.946432124432903,-16.957696014363233,-16.967833515106946,-16.976957265650388,-16.985168641057612,-16.992558878870863,-16.99921009286816,-17.00519618544321,-17.010583668746104,-17.015432403709188,-17.019796265169763,-17.023723740480257,-17.02725846825708,-17.030439723254517,-17.033302852751103,-17.03587966929731,-17.038198804188422,-17.040286025590124,-17.042164524851458,-17.043855174186525,-17.045376758588006,-17.04674618454928,-17.047978667914396,-17.049087902942972,-17.050086214468678,-17.050984694841805,-17.051793327177613,-17.052521096279836,-17.05317608847183,-17.05376558144463,-17.054296125120143,-17.054773614428107,-17.055203354805272,-17.05559012114472,-17.055938210850226,-17.05625149158518,-17.056533444246636,-17.056787201641946,-17.05701558329773,-17.057221126787933,-17.057406115929115,-17.057572606156178,-17.057722447360536,-17.057857304444457,-17.057978675819985,-17.058087910057964,-17.058186220872145,-17.058274700604905,-17.058354332364388,-17.05842600094793,-17.05849050267311,-17.058548554225773,-17.05860080062317
94,0,-1.9731278535996986,-3.661344646136193,-5.121247109262414,-6.395267998397264,-7.515243440201208,-8.50545803141506,-9.384828543763515,-10.168409212663223,-10.868427499351272,-11.495002723513839,-12.05664996469024,-12.560637504390936,-13.013243719101519,-13.419944557797697,-13.785552822905174,-14.114323750004838,-14.410036799704853,-14.676060450109567,-14.915404649674354,-15.13076414308861,-15.324554900592348,-15.498945214866724,-15.655882577295499,-15.797117137400738,-15.924222338430974,-16.038613176584267,-16.14156242978735,-16.23421512999635,-16.317601501061464,-16.39264854591863,-16.460190437973203,-16.520977849174795,-16.57568632953851,-16.62492383845935,-16.669237516218306,-16.70911977399143,-16.74501377202914,-16.77731834817669,-16.80639245234471,-16.83255913675335,-16.85610914664496,-16.877304151595663,-16.896379653481226,-16.913547603506768,-16.928998757442702,-16.942904795278082,-16.955420228870153,-16.966684118803997,-16.976821619549998,-16.985945370094928,-16.99415674550312,-17.001546983317,-17.008198197314705,-17.014184289890018,-17.01957177319309,-17.024420508156282,-17.028784369616936,-17.032711844927476,-17.03624657270433,-17.039427827701786,-17.042290957198382,-17.044867773744595,-17.04718690863572,-17.04927413003742,-17.051152629298755,-17.05284327863383,-17.05436486303531,-17.055734288996586,-17.0569667723617,-17.05807600739028,-17.059074318915982,-17.059972799289113,-17.060781431624918,-17.06150920072714,-17.062164192919138,-17.062753685891934,-17.063284229567447,-17.063761718875412,-17.064191459252577,-17.064578225592026,-17.06492631529753,-17.065239596032484,-17.06552154869394,-17.065775306089254,-17.066003687745035,-17.066209231235238,-17.06639422037642,-17.066560710603483,-17.066710551807844,-17.066845408891762,-17.066966780267297,-17.067076014505272,-17.06717432531945,-17.06726280505221,-17.067342436811696,-17.067414105395233,-17.067478607120417,-17.067536658673077,-17.06758890507048
95,0,-1.9777236052888478,-3.6677211377065886,-5.1282754289471875,-6.402538995488474,-7.522613710876275,-8.512876304873881,-9.392274759958799,-10.175874012771553,-10.875905478889559,-11.502490226739075,-12.064144331427483,-12.568136764895877,-13.020746425087905,-13.427449660262448,-13.793059574238827,-14.12183162526948,-14.417545435041822,-14.683569596050214,-14.92291413673105,-15.138273856981623,-15.332064764749031,-15.506455178245815,-15.66339260602018,-15.804627209066254,-15.931732438263198,-16.04612329486449,-16.149072560135224,-16.24172526823011,-16.32511164444407,-16.400158692660668,-16.467700586905885,-16.52848799953528,-16.583196480829237,-16.632433990355956,-16.676747668509424,-16.716629926539373,-16.752523924744242,-16.78482850100058,-16.813902605239388,-16.840069289694085,-16.863619299615657,-16.884814304585856,-16.9038898064841,-16.921057756517886,-16.93650891045919,-16.950414948298057,-16.962930381892395,-16.97419427182772,-16.984331772574677,-16.993455523120232,-17.00166689852883,-17.009057136342975,-17.015708350340855,-17.021694442916278,-17.02708192621942,-17.031930661182663,-17.036294522643345,-17.040221997953903,-17.04375672573077,-17.046937980728234,-17.049801110224838,-17.052377926771058,-17.054697061662182,-17.056784283063887,-17.05866278232522,-17.060353431660293,-17.061875016061773,-17.063244442023052,-17.064476925388167,-17.065586160416746,-17.066584471942452,-17.067482952315576,-17.068291584651387,-17.069019353753607,-17.069674345945604,-17.070263838918397,-17.070794382593913,-17.071271871901878,-17.071701612279046,-17.072088378618492,-17.072436468323996,-17.07274974905895,-17.073031701720407,-17.07328545911572,-17.073513840771504,-17.073719384261704,-17.07390437340289,-17.074070863629952,-17.074220704834307,-17.07435556191823,-17.07447693329376,-17.074586167531738,-17.074684478345915,-17.07477295807868,-17.074852589838162,-17.074924258421696,-17.07498876014688,-17.075046811699547,-17.075099058096942
96,0,-1.9822712330395684,-3.673590194417188,-5.134370199854983,-6.408565472305966,-7.5285269699088815,-8.518695048687363,-9.398026363568432,-10.18158090079883,-10.881583482193147,-11.50814985685268,-12.069792363486476,-12.573777499453527,-13.026382570951242,-13.433082917933552,-13.798691010508286,-14.127461910032357,-14.423174989806007,-14.68919868672587,-14.928542931555876,-15.143902462715625,-15.337693249338468,-15.5120835850545,-15.669020962794232,-15.81025553360011,-15.937360741992574,-16.05175158515199,-16.154700841728573,-16.24735354419501,-16.330739916762415,-16.405786962614958,-16.473328855326734,-16.53411626696103,-16.588824747608978,-16.638062256716193,-16.68237593459717,-16.72225819245008,-16.758152190539914,-16.790456766721487,-16.819530870911702,-16.845697555334812,-16.869247565235852,-16.890442570192697,-16.909518072082257,-16.926686022110403,-16.942137176048032,-16.956043213884517,-16.968558647477302,-16.979822537411618,-16.989960038157918,-16.99908378870305,-17.007295164111365,-17.01468540192533,-17.021336615923094,-17.027322708498442,-17.032710191801534,-17.037558926764746,-17.041922788225406,-17.045850263535954,-17.04938499131281,-17.05256624631027,-17.05542937580687,-17.058006192353083,-17.060325327244204,-17.06241254864591,-17.064291047907247,-17.065981697242314,-17.067503281643795,-17.068872707605074,-17.070105190970185,-17.071214425998768,-17.072212737524474,-17.073111217897598,-17.073919850233406,-17.07464761933563,-17.075302611527626,-17.075892104500422,-17.076422648175935,-17.076900137483896,-17.077329877861064,-17.077716644200514,-17.078064733906018,-17.07837801464097,-17.07865996730243,-17.078913724697742,-17.079142106353522,-17.079347649843726,-17.079532638984908,-17.079699129211974,-17.07984897041633,-17.079983827500254,-17.08010519887578,-17.08021443311376,-17.080312743927937,-17.0804012236607,-17.080480855420184,-17.080552524003718,-17.080617025728902,-17.08067507728157,-17.080727323678964
97,0,-1.9867717342662448,-3.6787497188222567,-5.139171610394852,-6.41288677104459,-7.532458785614484,-8.522348751110155,-9.401490992555914,-10.184919834982857,-10.88483979503173,-11.51135219171549,-12.072959553685237,-12.576921850979996,-13.029512096208371,-13.43620282324088,-13.801804675099046,-14.130571526048435,-14.426281979029682,-14.692303971311446,-14.931647109686825,-15.147005922502123,-15.340796242651946,-15.515186275391734,-15.672123456310764,-15.81335789923613,-15.940463024528679,-16.054853813680957,-16.15780303515419,-16.2504557148022,-16.333842072535656,-16.40888910874422,-16.476430995185822,-16.537218402743278,-16.591926880740388,-16.641164388123922,-16.685478064884055,-16.725360322008115,-16.761254319623987,-16.793558895497345,-16.822632999487126,-16.848799683779895,-16.872349693596167,-16.893544698497887,-16.9126202003516,-16.929788150356433,-16.945239304278907,-16.959145342105533,-16.971660775691902,-16.982924665622043,-16.993062166365636,-17.002185916909003,-17.010397292316174,-17.017787530129393,-17.02443874412667,-17.030424836701705,-17.035812320004588,-17.040661054967664,-17.04502491642824,-17.048952391738727,-17.05248711951555,-17.055668374512987,-17.058531504009572,-17.061108320555775,-17.06342745544689,-17.065514676848593,-17.067393176109924,-17.069083825444995,-17.070605409846472,-17.071974835807747,-17.073207319172862,-17.07431655420144,-17.075314865727147,-17.07621334610027,-17.077021978436083,-17.077749747538302,-17.0784047397303,-17.078994232703096,-17.07952477637861,-17.080002265686574,-17.08043200606374,-17.080818772403187,-17.08116686210869,-17.081480142843645,-17.081762095505105,-17.082015852900415,-17.0822442345562,-17.0824497780464,-17.082634767187585,-17.082801257414648,-17.082951098619002,-17.083085955702927,-17.083207327078455,-17.083316561316433,-17.08341487213061,-17.083503351863374,-17.083582983622858,-17.083654652206395,-17.083719153931575,-17.083777205484243,-17.083829451881638
98,0,-1.9912260756924949,-3.6828182033559793,-5.1420248731542015,-6.414679077271605,-7.533479124258429,-8.522838817252255,-9.401625117453028,-10.184817647790535,-10.884581667057567,-11.510991546944492,-12.072531685862398,-12.576449984336369,-13.029011471087916,-13.435683420809362,-13.801273022388461,-14.130031886397003,-14.42573713467849,-14.691755736667318,-14.93109666733919,-15.146454042898005,-15.340243427556128,-15.514632851495056,-15.671569636269112,-15.812803821450995,-15.939908779062208,-16.054299459132682,-16.15724860964878,-16.249901243141586,-16.333287570853738,-16.408334587535734,-16.475876461277096,-16.536663860574368,-16.591372333199175,-16.640609837088682,-16.684923511576407,-16.72480576722257,-16.760699763877277,-16.793004339125535,-16.822078442708783,-16.848245126737158,-16.871795136381483,-16.892990141171378,-16.91206564295237,-16.929233592909902,-16.944684746801617,-16.958590784608237,-16.9711062181816,-16.982370108103282,-16.992507608841372,-17.001631359381157,-17.009842734786,-17.01723297259771,-17.023884186594,-17.029870279168392,-17.035257762470867,-17.04010649743367,-17.044470358894067,-17.048397834204444,-17.05193256198119,-17.05511381697858,-17.05797694647513,-17.060553763021314,-17.062872897912417,-17.064960119314108,-17.066838618575435,-17.068529267910503,-17.070050852311976,-17.07142027827325,-17.072652761638363,-17.073761996666942,-17.07476030819265,-17.075658788565775,-17.07646742090158,-17.077195190003803,-17.0778501821958,-17.078439675168596,-17.07897021884411,-17.07944770815207,-17.079877448529242,-17.080264214868688,-17.080612304574192,-17.080925585309146,-17.081207537970606,-17.081461295365916,-17.081689677021696,-17.0818952205119,-17.082080209653082,-17.082246699880148,-17.082396541084506,-17.082531398168427,-17.082652769543955,-17.082762003781934,-17.082860314596115,-17.082948794328875,-17.083028426088358,-17.083100094671895,-17.08316459639708,-17.083222647949743,-17.08327489434714
99,0,-1.99563519459755,-3.6849541685594787,-5.141547919344631,-6.412235734235788,-7.529677265747874,-8.51812211732784,-9.396298510070267,-10.179086556882469,-10.87858326053141,-11.504816946449095,-12.066241204071064,-12.570083427113758,-13.02259504756082,-13.429234353163153,-13.794802608275182,-14.123547526401913,-14.419243670740626,-14.685256333478788,-14.924593391582945,-15.139948243248597,-15.333735983608543,-15.508124336631097,-15.665060424106112,-15.806294155356422,-15.933398817516563,-16.047789305314208,-16.150738330718454,-16.24339088280903,-16.326777157562276,-16.4018241397924,-16.469365991122682,-16.53015337584211,-16.584861838984754,-16.634099336706765,-16.678413007183064,-16.718295260220188,-16.754189255178,-16.78649382932263,-16.81556793218811,-16.84173461574967,-16.865284625090396,-16.886479629682842,-16.905555131335422,-16.92272308120944,-16.938174235046844,-16.95208027281814,-16.96459570636853,-16.975859596275274,-16.985997097003647,-16.995120847537116,-17.003332222937853,-17.010722460746884,-17.01737367474144,-17.0233597673147,-17.028747250616437,-17.033595985578764,-17.037959847038852,-17.041887322349027,-17.04542205012564,-17.04860330512294,-17.051466434619435,-17.054043251165588,-17.056362386056666,-17.058449607458343,-17.06032810671966,-17.062018756054716,-17.063540340456193,-17.064909766417465,-17.066142249782573,-17.067251484811152,-17.068249796336858,-17.06914827670998,-17.069956909045786,-17.07068467814801,-17.071339670340006,-17.071929163312802,-17.072459706988315,-17.072937196296277,-17.07336693667344,-17.073753703012894,-17.0741017927184,-17.074415073453352,-17.074697026114812,-17.074950783510122,-17.075179165165903,-17.075384708656106,-17.075569697797288,-17.075736188024354,-17.07588602922871,-17.07602088631263,-17.07614225768816,-17.07625149192614,-17.07634980274032,-17.07643828247308,-17.076517914232564,-17.0765895828161,-17.076654084541282,-17.07671213609395,-17.076764382491344
100,0,-2.0,-3.6827291400299007,-5.13396010566686,-6.400976932432684,-7.515965969276987,-8.502779592720335,-9.379873016739982,-10.161943407346604,-10.860965496659478,-11.486885945464726,-12.048103878717392,-12.551810445290036,-13.004233017637494,-13.41081395351996,-13.776343995633814,-14.105063923498818,-14.400743739770508,-14.666745742362094,-14.906075845285406,-15.121426161549666,-15.315210945778098,-15.4895973727604,-15.646532205742135,-15.787765120116548,-15.914869250476848,-16.029259392127067,-16.13220819225866,-16.224860597760145,-16.30824677713496,-16.383293697312233,-16.450835508273983,-16.51162286673314,-16.566331312793942,-16.61556879940495,-16.65988246265425,-16.699764710990795,-16.73565870289133,-16.767963275047528,-16.797037376619755,-16.82320405934022,-16.846754068133926,-16.86794907237061,-16.887024573791813,-16.904192523515356,-16.919643677254893,-16.933549714962545,-16.946065148471547,-16.957329038351375,-16.96746653906224,-16.976590289584323,-16.984801664977653,-16.99219190278187,-16.99884311677329,-17.004829209344518,-17.01021669264493,-17.015065427606395,-17.019429289065922,-17.02335676437573,-17.02689149215211,-17.03007274714926,-17.032935876645656,-17.035512693191738,-17.037831828082773,-17.039919049484425,-17.04179754874572,-17.04348819808077,-17.045009782482232,-17.046379208443497,-17.04761169180861,-17.048720926837184,-17.04971923836289,-17.050617718736014,-17.051426351071818,-17.05215412017404,-17.052809112366035,-17.053398605338835,-17.053929149014344,-17.054406638322305,-17.054836378699473,-17.055223145038923,-17.055571234744427,-17.055884515479384,-17.05616646814084,-17.05642022553615,-17.05664860719193,-17.056854150682135,-17.057039139823317,-17.057205630050383,-17.057355471254738,-17.057490328338663,-17.05761169971419,-17.05772093395217,-17.057819244766346,-17.05790772449911,-17.057987356258593,-17.05805902484213,-17.058123526567314,-17.058181578119978,-17.058233824517373
