,v^0,v^1,v^2,v^3,v^4,v^5,v^6,v^7,v^8,v^9,v^10,v^11,v^12,v^13,v^14,v^15,v^16,v^17,v^18,v^19,v^20,v^21,v^22,v^23,v^24,v^25,v^26,v^27,v^28,v^29,v^30,v^31,v^32,v^33,v^34,v^35,v^36,v^37,v^38,v^39,v^40,v^41,v^42,v^43,v^44,v^45,v^46,v^47,v^48,v^49,v^50,v^51,v^52,v^53,v^54,v^55,v^56,v^57,v^58,v^59,v^60,v^61,v^62,v^63,v^64,v^65,v^66,v^67,v^68,v^69,v^70,v^71,v^72,v^73,v^74,v^75,v^76,v^77,v^78,v^79,v^80,v^81,v^82,v^83,v^84,v^85,v^86,v^87,v^88,v^89,v^90,v^91,v^92,v^93,v^94,v^95,v^96,v^97,v^98,v^99,v^100,v^101,v^102,v^103,v^104,v^105,v^106
1,0,0.0,-1.8310945237539442,-4.068848854376772,-6.332243132318502,-8.446503684892429,-10.37829257899013,-12.130124359701181,-13.71274529268046,-15.139801222681648,-16.42534805119245,-17.58286109721154,-18.624844901216235,-19.562722779083103,-20.406850316779835,-21.166579769980878,-21.850341782116097,-22.465729537597912,-23.01957914190216,-23.518043951871174,-23.966662304285908,-24.370418809674266,-24.733799649750196,-25.060842395268182,-25.355180859930968,-25.620085474695312,-25.8584996262227,-26.073072361732816,-26.266187823281943,-26.439991738487485,-26.59641526208799,-26.737196433291615,-26.863899487359244,-26.977932236013665,-27.080561709800076,-27.172928236206864,-27.256058109972614,-27.330874996361672,-27.398210194111787,-27.458811872086887,-27.513353382264476,-27.56244074142431,-27.60661936466816,-27.646380125587626,-27.68216481041515,-27.714371026759917,-27.74335662147021,-27.769443656709473,-27.79292198842481,-27.81405248696861,-27.83306993565803,-27.850185639478514,-27.865589772916948,-27.879453493011535,-27.89193084109667,-27.903160454373285,-27.91326710632224,-27.9223630930763,-27.930549481154955,-27.937917230425743,-27.944548204769454,-27.950516081678792,-27.955887170897196,-27.96072115119376,-27.965071733460668,-27.968987257500885,-27.97251122913708,-27.975682803609654,-27.978537220634976,-27.98110619595776,-27.983418273748267,-27.98549914375973,-27.987371926770038,-27.989057431479317,-27.990574385717668,-27.991939644532188,-27.993168377465253,-27.99427423710501,-27.995269510780794,-27.996165257088997,-27.99697142876638,-27.99769698327603,-27.99834998233471,-27.998937681487522,-27.999466610725054,-27.999942647038832,-28.000371079721234,-28.000756669135395,-28.00110369960814,-28.00141602703361,-28.001697121716532,-28.00195010693116,-28.002177793624334,-28.002382711648185,-28.00256713786965,-28.00273312146897,-28.002882506708353,-28.003016953423806,-28.003137955467707,-28.00324685730722,-28.003344868962785,-28.00343307945279,-28.003512468893796,-28.0035839193907,-28.003648224837914,-28.003706099740405,-28.00375818715265
2,0,-0.6931471805599453,-2.5566980320025507,-4.774776675101602,-7.0226702551538915,-9.130972286327477,-11.060665074892947,-12.811676768308715,-14.393969030075624,-15.820892060805997,-17.106386085227232,-18.26387881743226,-19.305855173523657,-20.243730513123513,-21.08785728918518,-21.84758657309171,-22.531348586035634,-23.14673637516024,-23.70058600859109,-24.199050837366975,-24.647669200484785,-25.051425711530438,-25.414806554448408,-25.74184930133965,-26.03618776664491,-26.301092381701377,-26.539506533358065,-26.754079268923924,-26.94719473049642,-27.120998645711463,-27.2774221693157,-27.41820334052072,-27.54490639458884,-27.658939143243416,-27.76156861702987,-27.85393514343666,-27.937065017202407,-28.011881903591462,-28.079217101341577,-28.139818779316673,-28.19436028949426,-28.243447648654094,-28.287626271897945,-28.32738703281741,-28.36317171764493,-28.3953779339897,-28.424363528699992,-28.450450563939256,-28.473928895654595,-28.495059394198396,-28.51407684288782,-28.531192546708297,-28.54659668014673,-28.560460400241322,-28.572937748326453,-28.584167361603072,-28.594274013552024,-28.603370000306086,-28.61155638838474,-28.618924137655526,-28.625555111999237,-28.631522988908575,-28.636894078126982,-28.641728058423542,-28.64607864069045,-28.649994164730668,-28.653518136366863,-28.65668971083944,-28.65954412786476,-28.662113103187544,-28.664425180978053,-28.66650605098951,-28.668378833999824,-28.670064338709103,-28.671581292947455,-28.67294655176197,-28.674175284695036,-28.675281144334797,-28.676276418010577,-28.677172164318783,-28.677978335996166,-28.678703890505812,-28.679356889564495,-28.679944588717305,-28.680473517954837,-28.680949554268615,-28.681377986951016,-28.681763576365178,-28.682110606837924,-28.682422934263393,-28.682704028946315,-28.682957014160948,-28.683184700854117,-28.683389618877964,-28.683574045099434,-28.68374002869875,-28.68388941393814,-28.68402386065359,-28.68414486269749,-28.684253764537004,-28.684351776192567,-28.684439986682573,-28.68451937612358,-28.684590826620482,-28.684655132067697,-28.68471300697019,-28.68476509438243
3,0,-1.0986122886681098,-3.0343526725706393,-5.258925760723462,-7.503411079587383,-9.60996133011303,-11.539121291805776,-13.289992206557153,-14.872261195822357,-16.299189815405327,-17.584693171664366,-18.742193026611993,-19.784173823054097,-20.722051666919015,-21.56617976876796,-22.325909723138583,-23.009672063056662,-23.62506000681286,-24.178909711388286,-24.67737457206355,-25.125992949126477,-25.52974946611169,-25.89313031148936,-26.220173059367127,-26.514511525052992,-26.77941614024899,-27.017830291953164,-27.232403027533234,-27.425518489108878,-27.5993224043239,-27.75574592792751,-27.89652709913199,-28.02323015319976,-28.13726290185414,-28.239892375640483,-28.332258902047226,-28.415388775812946,-28.490205662201987,-28.557540859952095,-28.618142537927188,-28.672684048104777,-28.72177140726461,-28.76595003050846,-28.805710791427927,-28.84149547625545,-28.873701692600218,-28.90268728731051,-28.928774322549774,-28.95225265426511,-28.97338315280891,-28.992400601498336,-29.009516305318815,-29.02492043875725,-29.038784158851836,-29.05126150693697,-29.062491120213586,-29.072597772162542,-29.0816937589166,-29.089880146995256,-29.097247896266044,-29.103878870609755,-29.109846747519093,-29.115217836737497,-29.120051817034064,-29.124402399300973,-29.128317923341186,-29.13184189497738,-29.135013469449955,-29.137867886475277,-29.14043686179806,-29.142748939588568,-29.14482980960003,-29.14670259261034,-29.148388097319618,-29.149905051557973,-29.15127031037249,-29.152499043305554,-29.15360490294531,-29.154600176621095,-29.155495922929298,-29.156302094606684,-29.15702764911633,-29.15768064817501,-29.158268347327823,-29.158797276565355,-29.159273312879133,-29.159701745561534,-29.160087334975696,-29.16043436544844,-29.16074669287391,-29.161027787556833,-29.161280772771462,-29.161508459464635,-29.161713377488486,-29.16189780370995,-29.162063787309272,-29.162213172548658,-29.162347619264107,-29.16246862130801,-29.162577523147522,-29.162675534803085,-29.16276374529309,-29.162843134734096,-29.162914585231,-29.162978890678215,-29.163036765580706,-29.16308885299295
4,0,-1.3862943611198906,-3.39931377872791,-5.6413694184981695,-7.888721470245488,-9.996058145559614,-11.9256873450656,-13.67684868058548,-15.259286778165041,-16.686307887940615,-17.971859606536803,-19.12938387833696,-20.171376644027898,-21.10926020315119,-21.95339096831215,-22.713122135127904,-23.39688501439484,-24.01227319248343,-24.566122996359308,-25.06458789797096,-25.513206291379944,-25.916962814640982,-26.280343662305626,-26.60738641095477,-26.901724876867785,-27.16662949211169,-27.405043643813467,-27.619616379382173,-27.81273184094841,-27.986535756157455,-28.142959279757694,-28.283740450960405,-28.410443505027292,-28.524476253681247,-28.627105727467395,-28.71947225387404,-28.802602127639723,-28.87741901402875,-28.94475421177885,-29.005355889753943,-29.05989739993153,-29.10898475909136,-29.15316338233521,-29.19292414325468,-29.228708828082198,-29.26091504442697,-29.289900639137258,-29.315987674376522,-29.33946600609186,-29.360596504635666,-29.379613953325087,-29.396729657145567,-29.412133790584,-29.42599751067859,-29.43847485876372,-29.449704472040338,-29.459811123989294,-29.468907110743352,-29.477093498822008,-29.484461248092792,-29.491092222436503,-29.49706009934584,-29.50243118856425,-29.507265168860812,-29.51161575112772,-29.515531275167938,-29.519055246804133,-29.52222682127671,-29.525081238302025,-29.527650213624813,-29.52996229141532,-29.532043161426778,-29.53391594443709,-29.535601449146373,-29.537118403384724,-29.538483662199237,-29.5397123951323,-29.540818254772063,-29.541813528447843,-29.54270927475605,-29.543515446433435,-29.544241000943078,-29.54489400000176,-29.545481699154575,-29.546010628392104,-29.546486664705885,-29.546915097388283,-29.547300686802444,-29.54764771727519,-29.547960044700663,-29.548241139383585,-29.548494124598218,-29.548721811291383,-29.548926729315234,-29.5491111555367,-29.54927713913602,-29.54942652437541,-29.549560971090855,-29.54968197313476,-29.549790874974274,-29.549888886629837,-29.54997709711984,-29.550056486560845,-29.55012793705775,-29.550192242504963,-29.550250117407458,-29.550302204819697
5,0,-1.6094379124341003,-3.6971286347805634,-5.961782675959015,-8.215695462149423,-10.325520287353983,-12.256338927669642,-14.008106103475015,-15.590854454176782,-17.01803174095808,-18.303660402347358,-19.461221750780986,-20.503231996258418,-21.44112362017286,-22.285258026764385,-23.044990801965167,-23.728754375475443,-24.344142845876686,-24.89799276945001,-25.396457718494695,-25.845076129944506,-26.248832659695598,-26.61221350950508,-26.939256258760608,-27.233594724784965,-27.49849934000812,-27.736913491670297,-27.951486227208612,-28.144601688756115,-28.318405603954776,-28.474829127549622,-28.615610298749655,-28.742313352815266,-28.856346101468628,-28.95897557525451,-29.05134210166104,-29.134471975426674,-29.20928886181568,-29.27662405956577,-29.337225737540855,-29.391767247718445,-29.440854606878275,-29.485033230122124,-29.52479399104159,-29.560578675869113,-29.59278489221388,-29.621770486924174,-29.647857522163438,-29.671335853878773,-29.692466352422578,-29.711483801112,-29.72859950493248,-29.744003638370913,-29.757867358465504,-29.770344706550635,-29.78157431982725,-29.791680971776206,-29.800776958530268,-29.80896334660892,-29.816331095879708,-29.82296207022342,-29.828929947132757,-29.83430103635116,-29.839135016647727,-29.843485598914636,-29.84740112295485,-29.850925094591044,-29.854096669063622,-29.85695108608894,-29.85952006141173,-29.861832139202235,-29.863913009213693,-29.865785792224003,-29.86747129693328,-29.868988251171636,-29.870353509986153,-29.871582242919217,-29.872688102558975,-29.87368337623476,-29.874579122542965,-29.875385294220347,-29.876110848729994,-29.876763847788673,-29.877351546941487,-29.87788047617902,-29.878356512492797,-29.878784945175198,-29.87917053458936,-29.879517565062105,-29.879829892487574,-29.880110987170497,-29.88036397238513,-29.8805916590783,-29.88079657710215,-29.880981003323615,-29.881146986922936,-29.88129637216232,-29.88143081887777,-29.881551820921675,-29.88166072276119,-29.881758734416753,-29.881846944906755,-29.88192633434776,-29.881997784844664,-29.88206209029188,-29.88211996519437,-29.882172052606613
6,0,-1.791759469228055,-3.9496756142155194,-6.239332328828116,-8.502110946686297,-10.615620175612982,-12.548170030978048,-14.300787017328645,-15.883955840598071,-17.311339106442478,-18.597067025680936,-19.754675306929286,-20.79670730590862,-21.7346088079099,-22.57874760615523,-23.33848229102349,-24.02224667540086,-24.63763548112354,-25.191485539179062,-25.6899505401719,-26.138568970721153,-26.542325507007188,-26.905706358795307,-27.232749108504095,-27.52708757453894,-27.791992189683384,-28.03040634127514,-28.24497907676752,-28.438094538288755,-28.6118984534735,-28.76832197706134,-28.909103148257987,-29.03580620232201,-29.149838950974647,-29.252468424760213,-29.344834951166604,-29.42796482493218,-29.50278171132116,-29.570116909071245,-29.630718587046328,-29.685260097223914,-29.734347456383745,-29.778526079627593,-29.81828684054706,-29.854071525374582,-29.88627774171935,-29.915263336429643,-29.941350371668907,-29.964828703384242,-29.985959201928047,-30.00497665061747,-30.022092354437948,-30.037496487876382,-30.05136020797097,-30.063837556056104,-30.07506716933272,-30.08517382128168,-30.094269808035737,-30.10245619611439,-30.109823945385177,-30.116454919728888,-30.122422796638226,-30.12779388585663,-30.132627866153197,-30.136978448420106,-30.14089397246032,-30.144417944096514,-30.14758951856909,-30.15044393559441,-30.153012910917194,-30.1553249887077,-30.157405858719162,-30.159278641729472,-30.16096414643875,-30.162481100677105,-30.16384635949162,-30.165075092424686,-30.166180952064444,-30.167176225740228,-30.16807197204843,-30.168878143725813,-30.169603698235463,-30.170256697294143,-30.170844396446956,-30.17137332568449,-30.171849361998266,-30.172277794680667,-30.17266338409483,-30.173010414567575,-30.173322741993044,-30.173603836675966,-30.173856821890595,-30.174084508583768,-30.17428942660762,-30.174473852829085,-30.174639836428405,-30.17478922166779,-30.17492366838324,-30.175044670427145,-30.17515357226666,-30.17525158392222,-30.175339794412224,-30.17541918385323,-30.175490634350133,-30.175554939797347,-30.17561281469984,-30.175664902112082
7,0,-1.9459101490553132,-4.169395263979014,-6.485076756263386,-8.758201210278374,-10.876257342198661,-12.810954920459269,-14.564615150025205,-16.148292930012673,-17.575922257835792,-18.86176735174118,-20.019430437751016,-21.061487578348963,-21.999400382335917,-22.8435441542698,-23.60328097892265,-24.28704626138661,-24.902435433628114,-25.456285636368744,-25.954750692127178,-26.4033691422456,-26.807125684928234,-27.170506538483583,-27.497549288488667,-27.791887754438562,-28.056792369451784,-28.29520652094598,-28.50977925637903,-28.702894717867615,-28.876698633035485,-29.033122156614994,-29.173903327807672,-29.30060638186986,-29.414639130521675,-29.517268604306874,-29.609635130713116,-29.692765004478627,-29.76758189086758,-29.834917088617654,-29.895518766592737,-29.95006027677032,-29.999147635930147,-30.043326259174,-30.08308702009347,-30.118871704920988,-30.151077921265756,-30.18006351597605,-30.206150551215313,-30.229628882930648,-30.250759381474452,-30.269776830163874,-30.286892533984357,-30.302296667422787,-30.316160387517375,-30.32863773560251,-30.339867348879125,-30.349974000828084,-30.359069987582142,-30.367256375660794,-30.374624124931582,-30.381255099275293,-30.38722297618463,-30.39259406540304,-30.397428045699602,-30.401778627966507,-30.405694152006724,-30.409218123642923,-30.412389698115497,-30.415244115140815,-30.4178130904636,-30.42012516825411,-30.422206038265568,-30.424078821275877,-30.42576432598516,-30.42728128022351,-30.428646539038027,-30.429875271971092,-30.43098113161085,-30.431976405286633,-30.432872151594836,-30.433678323272222,-30.434403877781868,-30.435056876840548,-30.43564457599336,-30.436173505230894,-30.43664954154467,-30.437077974227076,-30.437463563641234,-30.43781059411398,-30.43812292153945,-30.438404016222375,-30.438657001437004,-30.43888468813017,-30.439089606154024,-30.43927403237549,-30.439440015974807,-30.439589401214196,-30.439723847929642,-30.439844849973547,-30.43995375181306,-30.440051763468624,-30.440139973958633,-30.44021936339964,-30.44029081389654,-30.440355119343753,-30.440412994246245,-30.44046508165849
8,0,-2.0794415416798357,-4.364115617904561,-6.706095828561848,-8.990524946135203,-11.113758342436892,-13.0509272375365,-14.80578569214422,-16.39004425028498,-17.817952248908362,-19.10392903443438,-20.261653250842002,-21.30373822385117,-22.241663443431317,-23.085812635284906,-23.845551771533756,-24.52931801481573,-25.14470757474818,-25.698557928396475,-26.197023040217505,-26.645641509823637,-27.04939805857982,-27.412778913637155,-27.73982166377057,-28.03416012954094,-28.299064744373307,-28.53747889574515,-28.752051631106923,-28.9451670925573,-29.118971007705778,-29.275394531275843,-29.416175702464074,-29.542878756524228,-29.656911505175138,-29.759540978959947,-29.85190750536602,-29.935037379131465,-30.009854265520392,-30.077189463270457,-30.137791141245533,-30.192332651423115,-30.241420010582946,-30.285598633826798,-30.32535939474626,-30.361144079573783,-30.39335029591855,-30.422335890628844,-30.44842292586811,-30.471901257583447,-30.49303175612725,-30.51204920481667,-30.52916490863715,-30.544569042075587,-30.558432762170174,-30.570910110255305,-30.582139723531924,-30.59224637548088,-30.601342362234938,-30.609528750313594,-30.616896499584378,-30.62352747392809,-30.629495350837427,-30.63486644005583,-30.639700420352394,-30.644051002619307,-30.64796652665952,-30.65149049829572,-30.654662072768293,-30.65751648979361,-30.6600854651164,-30.662397542906906,-30.664478412918363,-30.666351195928677,-30.668036700637956,-30.669553654876307,-30.670918913690823,-30.672147646623888,-30.673253506263645,-30.67424877993943,-30.675144526247635,-30.67595069792502,-30.676676252434664,-30.677329251493344,-30.677916950646157,-30.67844587988369,-30.678921916197467,-30.679350348879872,-30.679735938294034,-30.680082968766776,-30.680395296192245,-30.680676390875167,-30.6809293760898,-30.68115706278297,-30.68136198080682,-30.681546407028286,-30.681712390627606,-30.68186177586699,-30.68199622258244,-30.682117224626346,-30.68222612646586,-30.682324138121423,-30.682412348611425,-30.68249173805243,-30.682563188549334,-30.68262749399655,-30.68268536889904,-30.682737456311283
9,0,-2.1972245773362196,-4.539111967468671,-6.90724558943972,-9.203594783215141,-11.332468597698197,-13.27236111932858,-15.028542251084463,-16.613439949596557,-18.041653133196327,-19.327773332785338,-20.48556372342938,-21.527678636233496,-22.46561712284372,-23.309772064913567,-24.06951363425006,-24.75328087969892,-25.368670839625974,-25.92252134682959,-26.42098651461865,-26.86960500311346,-27.273361557439742,-27.63674241367729,-27.963785163756878,-28.25812362925176,-28.523028243855173,-28.761442395081463,-28.976015130361137,-29.169130591768376,-29.342934506895293,-29.49935803045498,-29.640139201638377,-29.766842255696336,-29.880875004346276,-29.98350447813067,-30.075871004536573,-30.159000878301942,-30.233817764690844,-30.3011529624409,-30.361754640415974,-30.416296150593553,-30.46538350975338,-30.50956213299723,-30.5493228939167,-30.58510757874422,-30.61731379508899,-30.646299389799285,-30.672386425038543,-30.69586475675388,-30.716995255297686,-30.736012703987107,-30.75312840780759,-30.76853254124602,-30.782396261340608,-30.794873609425743,-30.806103222702358,-30.816209874651317,-30.825305861405376,-30.833492249484028,-30.84085999875482,-30.847490973098527,-30.853458850007865,-30.858829939226272,-30.863663919522835,-30.86801450178974,-30.871930025829958,-30.875453997466153,-30.87862557193873,-30.88147998896405,-30.884048964286833,-30.886361042077343,-30.8884419120888,-30.89031469509911,-30.892000199808393,-30.893517154046744,-30.89488241286126,-30.896111145794325,-30.897217005434083,-30.898212279109867,-30.89910802541807,-30.899914197095452,-30.9006397516051,-30.90129275066378,-30.901880449816595,-30.902409379054127,-30.902885415367905,-30.90331384805031,-30.903699437464468,-30.90404646793721,-30.904358795362683,-30.90463989004561,-30.904892875260238,-30.905120561953403,-30.905325479977257,-30.905509906198724,-30.90567588979804,-30.90582527503743,-30.905959721752875,-30.90608072379678,-30.906189625636294,-30.906287637291857,-30.906375847781863,-30.906455237222872,-30.906526687719772,-30.906590993166986,-30.906648868069478,-30.906700955481725
10,0,-2.302585092994046,-4.698121388167003,-7.092025052494744,-9.400676384471257,-11.535530200501352,-13.478342679074153,-15.235946026980905,-16.821529988591728,-18.250069709304054,-19.53634265396985,-20.694203155990355,-21.736349608052624,-22.674301983047087,-23.51846290308741,-24.278206982150333,-24.961975251904565,-25.577365616095527,-26.13121627623318,-26.629681498609063,-27.0783000049081,-27.482056564128317,-27.84543742116822,-28.172480170996543,-28.46681863611756,-28.731723250444798,-28.970137401503564,-29.184710136691194,-29.377825598050926,-29.5516295131544,-29.70805303670292,-29.848834207881158,-29.975537261936804,-30.089570010585735,-30.192199484369695,-30.28456601077542,-30.36769588454072,-30.44251277092959,-30.509847968679633,-30.570449646654705,-30.624991156832287,-30.674078515992118,-30.71825713923597,-30.758017900155433,-30.793802584982956,-30.826008801327724,-30.854994396038016,-30.88108143127728,-30.90455976299262,-30.92569026153642,-30.944707710225842,-30.96182341404632,-30.977227547484755,-30.991091267579346,-31.003568615664477,-31.014798228941096,-31.02490488089005,-31.03400086764411,-31.042187255722766,-31.04955500499355,-31.05618597933726,-31.0621538562466,-31.067524945465003,-31.072358925761566,-31.076709508028475,-31.080625032068692,-31.084149003704887,-31.087320578177465,-31.090174995202783,-31.092743970525568,-31.095056048316078,-31.097136918327536,-31.09900970133785,-31.100695206047124,-31.102212160285475,-31.10357741909999,-31.104806152033056,-31.105912011672817,-31.106907285348598,-31.107803031656804,-31.108609203334193,-31.109334757843836,-31.109987756902516,-31.110575456055326,-31.11110438529286,-31.11158042160664,-31.11200885428904,-31.112394443703206,-31.112741474175948,-31.113053801601417,-31.11333489628434,-31.113587881498972,-31.11381556819214,-31.11402048621599,-31.114204912437458,-31.114370896036778,-31.114520281276164,-31.114654727991613,-31.114775730035518,-31.114884631875032,-31.114982643530592,-31.115070854020594,-31.1151502434616,-31.115221693958503,-31.115285999405717,-31.115343874308213,-31.11539596172046
11,0,-2.3978952727983707,-4.843894389623321,-7.26305094068252,-9.584224228852024,-11.72530446907214,-13.671188494803435,-15.430292873489416,-17.01660062064439,-18.4454837449399,-19.731916662605926,-20.88985023096287,-21.93202936759033,-22.86999604527277,-23.714163078237362,-24.473909702865235,-25.15767900150452,-25.77306976685039,-26.326920576284067,-26.825385850671708,-27.274004373237105,-27.677760936512286,-28.041141793923046,-28.368184543287597,-28.662523007933686,-28.9274276219381,-29.165841772808385,-29.380414507894805,-29.57352996920313,-29.747333884281538,-29.903757407818254,-30.044538578991087,-30.171241633044325,-30.28527438169221,-30.387903855475734,-30.480270381881276,-30.563400255646506,-30.63821714203535,-30.705552339785385,-30.76615401776045,-30.820695527938028,-30.869782887097863,-30.913961510341714,-30.953722271261178,-30.989506956088697,-31.021713172433465,-31.050698767143764,-31.07678580238302,-31.10026413409836,-31.121394632642165,-31.14041208133159,-31.15752778515207,-31.1729319185905,-31.18679563868509,-31.199272986770218,-31.210502600046837,-31.220609251995796,-31.22970523874985,-31.237891626828507,-31.2452593760993,-31.251890350443006,-31.257858227352344,-31.263229316570744,-31.26806329686731,-31.27241387913422,-31.276329403174444,-31.279853374810635,-31.28302494928321,-31.285879366308528,-31.28844834163131,-31.290760419421822,-31.292841289433277,-31.29471407244359,-31.296399577152876,-31.297916531391223,-31.29928179020574,-31.300510523138804,-31.301616382778562,-31.302611656454346,-31.30350740276255,-31.30431357443993,-31.30503912894958,-31.30569212800826,-31.30627982716107,-31.30680875639861,-31.307284792712387,-31.307713225394785,-31.308098814808943,-31.30844584528169,-31.308758172707165,-31.309039267390084,-31.30929225260472,-31.309519939297886,-31.309724857321733,-31.309909283543206,-31.310075267142523,-31.310224652381905,-31.310359099097354,-31.31048010114126,-31.310589002980777,-31.310687014636336,-31.31077522512635,-31.310854614567354,-31.31092606506425,-31.310990370511462,-31.311048245413957,-31.3111003328262
12,0,-2.4849066497880004,-4.978517616037978,-7.422338061125316,-9.7561383674251,-11.903620080551216,-13.852690974661982,-15.613357704176636,-17.200418423517124,-18.62965784851612,-19.916256081938517,-21.074264783151246,-22.116477336102637,-23.054458541297777,-23.898631736892405,-24.658380905334422,-25.342151221224892,-25.957542377791725,-26.511393330089067,-27.009858652806326,-27.458477189679346,-27.86223375601929,-28.22561461331954,-28.552657361993788,-28.84699582606135,-29.111900439696807,-29.350314590358614,-29.564887325335388,-29.758002786588833,-29.93180670164082,-30.08823022516521,-30.22901139633245,-30.355714450383218,-30.469747199030046,-30.57237667281312,-30.664743199218485,-30.747873072983644,-30.822689959372465,-30.890025157122487,-30.95062683509755,-31.00516834527513,-31.05425570443496,-31.098434327678813,-31.138195088598277,-31.1739797734258,-31.206185989770567,-31.23517158448086,-31.261258619720124,-31.284736951435463,-31.305867449979267,-31.32488489866869,-31.342000602489165,-31.3574047359276,-31.371268456022193,-31.383745804107317,-31.39497541738394,-31.405082069332895,-31.414178056086953,-31.42236444416561,-31.429732193436397,-31.436363167780105,-31.442331044689446,-31.44770213390785,-31.45253611420441,-31.456886696471322,-31.46080222051154,-31.464326192147734,-31.46749776662031,-31.470352183645623,-31.47292115896841,-31.47523323675892,-31.477314106770375,-31.479186889780692,-31.48087239448997,-31.482389348728322,-31.483754607542842,-31.4849833404759,-31.48608920011566,-31.487084473791448,-31.487980220099647,-31.488786391777037,-31.48951194628668,-31.490164945345363,-31.490752644498176,-31.491281573735705,-31.491757610049483,-31.492186042731884,-31.49257163214605,-31.49291866261879,-31.49323099004426,-31.493512084727183,-31.493765069941816,-31.493992756634984,-31.49419767465883,-31.4943821008803,-31.49454808447962,-31.494697469719007,-31.494831916434457,-31.49495291847836,-31.495061820317876,-31.495159831973435,-31.495248042463444,-31.49532743190445,-31.495398882401354,-31.495463187848568,-31.495521062751056,-31.495573150163303
13,0,-2.5649493574615367,-5.1036135924496655,-7.571474721825503,-9.917924923629643,-12.07192774153264,-14.024271065996013,-15.786546519619558,-17.374382067006234,-18.803987129440987,-20.090754307963902,-21.248839393954473,-22.291085713626973,-23.229081495787486,-24.07326082464732,-24.83301250025256,-25.51678380670593,-26.132175338227587,-26.68602642436781,-27.184491790709682,-27.63311033954427,-28.036866907820425,-28.400247764483666,-28.727290512228684,-29.0216289756121,-29.28653358883313,-29.524947739267404,-29.73952047412679,-29.93263593532233,-30.106439850346757,-30.262863373858416,-30.403644545019944,-30.53034759906821,-30.64438034771397,-30.747009821496608,-30.839376347901794,-30.922506221666886,-30.99732310805568,-31.064658305805697,-31.125259983780758,-31.179801493958337,-31.228888853118164,-31.273067476362016,-31.312828237281487,-31.348612922109005,-31.380819138453777,-31.40980473316407,-31.43589176840333,-31.45937010011867,-31.480500598662474,-31.49951804735189,-31.516633751172375,-31.532037884610805,-31.545901604705392,-31.558378952790527,-31.569608566067146,-31.579715218016105,-31.58881120477016,-31.596997592848815,-31.6043653421196,-31.61099631646331,-31.61696419337265,-31.622335282591052,-31.62716926288762,-31.63151984515453,-31.63543536919474,-31.638959340830937,-31.642130915303515,-31.644985332328833,-31.647554307651617,-31.649866385442127,-31.651947255453585,-31.6538200384639,-31.65550554317318,-31.657022497411532,-31.658387756226045,-31.65961648915911,-31.660722348798867,-31.66171762247465,-31.662613368782853,-31.663419540460236,-31.66414509496989,-31.664798094028566,-31.66538579318138,-31.665914722418915,-31.666390758732692,-31.666819191415094,-31.667204780829252,-31.667551811301998,-31.66786413872747,-31.668145233410392,-31.66839821862502,-31.66862590531819,-31.66883082334204,-31.66901524956351,-31.669181233162828,-31.669330618402213,-31.669465065117663,-31.669586067161564,-31.66969496900108,-31.66979298065664,-31.669881191146647,-31.669960580587652,-31.670032031084556,-31.67009633653177,-31.670154211434266,-31.670206298846505
14,0,-2.6390573296152584,-5.220470079252447,-7.71173760845601,-10.070801232467671,-12.231401270674644,-14.18707790608006,-15.950995552618787,-17.539621268508046,-18.969598077298777,-20.25653625656913,-21.41469822496194,-22.45697830693431,-23.394988551960015,-24.23917391093377,-24.99892802450857,-25.682700280826246,-26.298092165161744,-26.851943373733,-27.35040877805528,-27.799027336152776,-28.202783905112287,-28.566164760572374,-28.893207507138886,-29.187545969731246,-29.452450582493245,-29.690864732681955,-29.905437467416924,-30.098552928551953,-30.27235684354791,-30.42878036704656,-30.569561538202304,-30.696264592248067,-30.81029734089277,-30.91292681467498,-31.00529334107999,-31.08842321484502,-31.16324010123379,-31.2305752989838,-31.29117697695886,-31.345718487136438,-31.39480584629627,-31.438984469540117,-31.478745230459587,-31.514529915287106,-31.54673613163187,-31.57572172634217,-31.601808761581434,-31.62528709329677,-31.64641759184057,-31.665435040529992,-31.682550744350475,-31.69795487778891,-31.711818597883497,-31.724295945968628,-31.735525559245247,-31.7456322111942,-31.75472819794826,-31.762914586026913,-31.7702823352977,-31.776913309641415,-31.78288118655075,-31.788252275769153,-31.79308625606572,-31.797436838332633,-31.801352362372842,-31.804876334009037,-31.808047908481615,-31.810902325506934,-31.813471300829722,-31.815783378620228,-31.817864248631686,-31.819737031642,-31.821422536351275,-31.822939490589633,-31.824304749404146,-31.82553348233721,-31.826639341976968,-31.82763461565275,-31.828530361960958,-31.82933653363834,-31.83006208814799,-31.830715087206666,-31.83130278635948,-31.831831715597016,-31.832307751910793,-31.832736184593195,-31.833121774007353,-31.833468804480102,-31.83378113190557,-31.834062226588493,-31.83431521180312,-31.834542898496288,-31.834747816520142,-31.834932242741605,-31.835098226340925,-31.835247611580314,-31.835382058295767,-31.835503060339665,-31.83561196217918,-31.835709973834746,-31.835798184324748,-31.835877573765753,-31.835949024262657,-31.83601332970987,-31.836071204612367,-31.836123292024606
15,0,-2.70805020110221,-5.330127003803698,-7.8441698598193526,-10.215767382121475,-12.383006250007451,-14.342056403692041,-16.10763846338341,-17.697063843666957,-19.127415555432993,-20.414525333762466,-21.572763978540163,-22.615077486183452,-23.55310192668091,-24.397293143521107,-25.157049595472703,-25.84082274791941,-26.456214957490324,-27.010066274883428,-27.50853171068702,-27.957150275032113,-28.360906843312808,-28.724287696970038,-29.05133044210082,-29.34566890379481,-29.610573516054384,-29.84898766598062,-30.063560400584887,-30.256675861657214,-30.430479776624022,-30.586903300109505,-30.727684471259444,-30.854387525302727,-30.968420273946393,-31.071049747728182,-31.163416274133034,-31.246546147898002,-31.32136303428675,-31.388698232036752,-31.449299910011817,-31.503841420189392,-31.552928779349223,-31.597107402593075,-31.636868163512542,-31.672652848340064,-31.704859064684833,-31.733844659395125,-31.759931694634385,-31.783410026349724,-31.80454052489353,-31.823557973582954,-31.84067367740343,-31.85607781084186,-31.869941530936455,-31.88241887902158,-31.8936484922982,-31.903755144247157,-31.912851131001215,-31.92103751907987,-31.928405268350662,-31.935036242694366,-31.941004119603704,-31.946375208822108,-31.951209189118675,-31.955559771385584,-31.959475295425804,-31.962999267062,-31.96617084153457,-31.96902525855989,-31.971594233882673,-31.973906311673183,-31.975987181684637,-31.977859964694954,-31.979545469404236,-31.981062423642587,-31.9824276824571,-31.983656415390165,-31.984762275029922,-31.985757548705703,-31.98665329501391,-31.9874594666913,-31.98818502120094,-31.98883802025962,-31.989425719412434,-31.989954648649967,-31.990430684963748,-31.990859117646146,-31.99124470706031,-31.991591737533053,-31.991904064958526,-31.992185159641448,-31.99243814485608,-31.992665831549246,-31.992870749573097,-31.993055175794563,-31.993221159393883,-31.99337054463327,-31.99350499134872,-31.993625993392623,-31.993734895232137,-31.993832906887697,-31.993921117377706,-31.994000506818708,-31.99407195731561,-31.994136262762826,-31.99419413766532,-31.994246225077568
16,0,-2.772588722239781,-5.433436721564513,-7.969635792576939,-10.353656451603387,-12.527548161763372,-14.489994561581026,-16.25725335959278,-17.847482612647664,-19.27820966285835,-20.565490279836112,-21.723804734854642,-22.766151019110673,-23.70418924356332,-24.548386081216595,-25.30814474355984,-25.991918726295467,-26.607311228513453,-27.161162639115005,-27.659628099131638,-28.108246666429643,-28.51200323257589,-28.875384083803567,-29.202426827236085,-29.496765287925026,-29.761669899640346,-30.00008404928844,-30.2146567837565,-30.40777224476439,-30.5815761597016,-30.737999683173854,-30.878780854318038,-31.005483908358876,-31.119516657001544,-31.222146130782935,-31.31451265718763,-31.397642530952545,-31.47245941734128,-31.539794615091278,-31.600396293066332,-31.65493780324391,-31.704025162403745,-31.748203785647597,-31.78796454656706,-31.82374923139458,-31.85595544773935,-31.884941042449643,-31.911028077688908,-31.934506409404246,-31.95563690794805,-31.97465435663747,-31.99177006045795,-32.00717419389638,-32.02103791399097,-32.0335152620761,-32.04474487535272,-32.05485152730167,-32.063947514055734,-32.07213390213439,-32.079501651405174,-32.08613262574889,-32.09210050265822,-32.09747159187663,-32.102305572173194,-32.1066561544401,-32.11057167848032,-32.11409565011652,-32.11726722458909,-32.1201216416144,-32.12269061693719,-32.125002694727705,-32.12708356473916,-32.12895634774947,-32.13064185245875,-32.132158806697106,-32.133524065511615,-32.13475279844468,-32.135858658084445,-32.13685393176022,-32.13774967806843,-32.13855584974582,-32.13928140425546,-32.13993440331414,-32.14052210246695,-32.141051031704485,-32.14152706801826,-32.14195550070067,-32.142341090114826,-32.14268812058757,-32.14300044801304,-32.143281542695966,-32.143534527910596,-32.14376221460377,-32.143967132627616,-32.14415155884908,-32.144317542448405,-32.14446692768779,-32.14460137440324,-32.14472237644714,-32.14483127828666,-32.14492928994222,-32.145017500432225,-32.14509688987322,-32.14516834037013,-32.145232645817345,-32.14529052071984,-32.14534260813208
17,0,-2.833213344056216,-5.531106904861549,-8.08886027100153,-10.48517073720198,-12.66570706138356,-14.63155751954405,-16.400496598244008,-17.991529110068345,-19.42262940857558,-20.710078829704567,-21.86846760673955,-22.91084572380279,-23.84889718496703,-24.693099345594938,-25.45286006387375,-26.136634799862776,-26.752027557553877,-27.305879043940852,-27.804344520220585,-28.252963086936003,-28.65671964941531,-29.02010049756673,-29.347143239035994,-29.641481698614946,-29.9063863097462,-30.14480045910189,-30.359373193429075,-30.552488654371224,-30.726292569278613,-30.8827160927377,-31.023497263876223,-31.150200317914695,-31.264233066556404,-31.366862540337415,-31.459229066741976,-31.542358940506837,-31.617175826895558,-31.684511024645552,-31.745112702620606,-31.799654212798185,-31.84874157195802,-31.892920195201867,-31.932680956121335,-31.96846564094886,-32.000671857293625,-32.02965745200392,-32.05574448724318,-32.07922281895852,-32.100353317502325,-32.11937076619175,-32.13648647001223,-32.15189060345066,-32.16575432354525,-32.178231671630385,-32.189461284907,-32.199567936855956,-32.20866392361001,-32.21685031168867,-32.22421806095946,-32.230849035303166,-32.236816912212504,-32.24218800143091,-32.24702198172748,-32.25137256399438,-32.2552880880346,-32.258812059670795,-32.26198363414337,-32.26483805116869,-32.267407026491476,-32.269719104281975,-32.271799974293444,-32.27367275730375,-32.27535826201303,-32.27687521625138,-32.2782404750659,-32.279469207998964,-32.28057506763872,-32.281570341314506,-32.28246608762271,-32.28327225930009,-32.28399781380974,-32.28465081286842,-32.28523851202124,-32.28576744125876,-32.28624347757254,-32.286671910254945,-32.28705749966911,-32.28740453014185,-32.28771685756732,-32.287997952250244,-32.28825093746487,-32.288478624158046,-32.2886835421819,-32.28886796840336,-32.28903395200268,-32.289183337242065,-32.289317783957515,-32.28943878600142,-32.28954768784094,-32.289645699496496,-32.2897339099865,-32.28981329942751,-32.28988474992441,-32.28994905537163,-32.29000693027412,-32.29005901768636
18,0,-2.8903717578961645,-5.623731768556681,-8.202457669396608,-10.61090847478825,-12.798063133701206,-14.767312616450294,-16.53792765211748,-18.129758375646492,-19.561227472851638,-20.848842462849408,-22.007303485334386,-23.04971221274762,-23.987776235494405,-24.831983364315956,-25.591745959475524,-26.27552136138744,-26.890914333217765,-27.444765876354825,-27.943231360355664,-28.391849922751973,-28.795606479972257,-29.15898732438801,-29.486030063629574,-29.780368521996564,-30.04527313250639,-30.28368728155699,-30.49826001573951,-30.691375476615086,-30.865179391492674,-31.02160291493876,-31.16238408607177,-31.289087140107974,-31.403119888748773,-31.50574936252944,-31.598115888933876,-31.681245762698694,-31.7560626490874,-31.82339784683739,-31.88399952481245,-31.938541034990024,-31.98762839414986,-32.03180701739371,-32.071567778313174,-32.1073524631407,-32.139558679485475,-32.16854427419576,-32.194631309435024,-32.218109641150356,-32.23924013969416,-32.258257588383586,-32.27537329220407,-32.2907774256425,-32.30464114573709,-32.31711849382222,-32.32834810709884,-32.33845475904779,-32.347550745801854,-32.3557371338805,-32.363104883151294,-32.36973585749501,-32.37570373440435,-32.38107482362275,-32.385908803919314,-32.390259386186216,-32.39417491022644,-32.39769888186263,-32.40087045633521,-32.403724873360524,-32.40629384868331,-32.408605926473825,-32.41068679648528,-32.41255957949559,-32.41424508420487,-32.41576203844322,-32.41712729725774,-32.41835603019081,-32.419461889830565,-32.42045716350634,-32.42135290981455,-32.422159081491934,-32.42288463600158,-32.42353763506026,-32.42412533421307,-32.424654263450606,-32.42513029976438,-32.42555873244679,-32.425944321860946,-32.42629135233369,-32.42660367975916,-32.42688477444209,-32.427137759656716,-32.42736544634988,-32.427570364373736,-32.427754790595195,-32.42792077419452,-32.42807015943391,-32.42820460614935,-32.428325608193255,-32.42843451003277,-32.42853252168834,-32.42862073217834,-32.42870012161934,-32.428771572116254,-32.428835877563465,-32.42889375246595,-32.4289458398782
19,0,-2.9444389791664403,-5.711815258543747,-8.310953594857425,-10.731383942063097,-12.925115907977181,-14.89774821263111,-16.67002777133321,-18.262647552083138,-19.69447878035639,-20.982254967035836,-22.14078560032776,-23.183223451859384,-24.121299240620047,-24.965510929641873,-25.72527519987772,-26.409051170988093,-27.024444311894015,-27.578295891334506,-28.076761374014175,-28.525379928194795,-28.929136478522246,-29.29251731853781,-29.61956005529091,-29.91389851234817,-30.17880312220216,-30.417217270936725,-30.631790004971734,-30.824905465780397,-30.998709380628426,-31.1551329040618,-31.2959140751895,-31.42261712922354,-31.536649877863503,-31.63927935164385,-31.731645878048177,-31.814775751812967,-31.889592638201655,-31.956927835951653,-32.01752951392671,-32.07207102410429,-32.12115838326412,-32.165337006507976,-32.20509776742744,-32.240882452254965,-32.27308866859973,-32.302074263310026,-32.32816129854929,-32.35163963026462,-32.372770128808426,-32.39178757749785,-32.40890328131834,-32.42430741475677,-32.43817113485135,-32.45064848293649,-32.4618780962131,-32.47198474816206,-32.48108073491611,-32.48926712299477,-32.49663487226556,-32.503265846609274,-32.50923372351861,-32.51460481273701,-32.51943879303357,-32.52378937530049,-32.527704899340705,-32.531228870976896,-32.53440044544948,-32.537254862474796,-32.53982383779758,-32.542135915588084,-32.544216785599545,-32.54608956860985,-32.54777507331914,-32.549292027557485,-32.55065728637201,-32.55188601930507,-32.55299187894483,-32.553987152620614,-32.55488289892882,-32.5556890706062,-32.55641462511584,-32.55706762417453,-32.55765532332734,-32.55818425256487,-32.55866028887865,-32.55908872156105,-32.55947431097521,-32.55982134144796,-32.560133668873426,-32.560414763556345,-32.56066774877098,-32.56089543546415,-32.561100353488,-32.56128477970947,-32.561450763308784,-32.56160014854817,-32.56173459526362,-32.56185559730753,-32.56196449914704,-32.562062510802605,-32.56215072129261,-32.562230110733616,-32.56230156123052,-32.56236586667773,-32.56242374158022,-32.56247582899247
20,0,-2.995732273553991,-5.795788574074464,-8.414801458848315,-10.847042842375146,-13.047298958452366,-15.023288074654037,-16.797214234046855,-18.390610081425177,-19.822794675276914,-21.11072660544058,-22.269323684236095,-23.311788923814262,-24.249875569750024,-25.094091361433918,-25.853857084037443,-26.537633519136666,-27.15302678076188,-27.706878374853005,-28.205343846762982,-28.653962388713367,-29.057718930490797,-29.42109976544434,-29.748142499455145,-30.042480955110392,-30.307385564277585,-30.545799712687085,-30.76037244657276,-30.953487907314656,-31.12729182213362,-31.283715345554686,-31.424496516677312,-31.55119957070934,-31.665232319348526,-31.7678617931286,-31.860228319532833,-31.9433581932976,-32.01817507968629,-32.08551027743628,-32.14611195541134,-32.20065346558892,-32.249740824748756,-32.293919447992614,-32.33368020891208,-32.3694648937396,-32.401671110084365,-32.43065670479466,-32.45674374003392,-32.48022207174926,-32.501352570293065,-32.52037001898249,-32.53748572280296,-32.5528898562414,-32.56675357633599,-32.579230924421125,-32.59046053769774,-32.600567189646696,-32.60966317640075,-32.61784956447941,-32.6252173137502,-32.631848288093906,-32.637816165003244,-32.64318725422165,-32.64802123451821,-32.65237181678512,-32.65628734082534,-32.659811312461535,-32.66298288693411,-32.66583730395943,-32.66840627928221,-32.67071835707272,-32.67279922708418,-32.67467201009449,-32.67635751480377,-32.67787446904212,-32.67923972785664,-32.680468460789704,-32.68157432042946,-32.682569594105246,-32.683465340413456,-32.68427151209084,-32.68499706660048,-32.68565006565916,-32.68623776481198,-32.6867666940495,-32.68724273036328,-32.687671163045685,-32.68805675245985,-32.68840378293259,-32.68871611035806,-32.688997205040984,-32.68925019025561,-32.689477876948786,-32.68968279497263,-32.6898672211941,-32.69003320479342,-32.690182590032805,-32.690317036748255,-32.69043803879216,-32.69054694063168,-32.690644952287236,-32.69073316277724,-32.69081255221825,-32.69088400271515,-32.69094830816237,-32.69100618306486,-32.6910582704771
21,0,-3.044522437723423,-5.876023614422554,-8.514395310192176,-10.958274257048657,-13.164991324558455,-15.144302538555687,-16.919851396403406,-18.514006707949488,-19.9465339056569,-21.23461509410912,-22.393274947493953,-23.43576560241245,-24.373862090401172,-25.218081481308168,-25.977848414523834,-26.661625200839104,-27.27701853198021,-27.830870118072788,-28.329335569454585,-28.777954095085263,-29.181710626650915,-29.545091455891292,-29.872134186916167,-30.16647264108395,-30.431377249537316,-30.669791397614844,-30.884364131350413,-31.077479592026226,-31.251283506816865,-31.407707030226124,-31.54848820134398,-31.675191255374152,-31.789224004012656,-31.891853477792495,-31.984220004196654,-32.0673498779614,-32.14216676435009,-32.20950196210008,-32.27010364007514,-32.32464515025273,-32.37373250941256,-32.417911132656414,-32.457671893575885,-32.4934565784034,-32.52566279474817,-32.554648389458464,-32.58073542469773,-32.60421375641307,-32.62534425495687,-32.6443617036463,-32.66147740746677,-32.67688154090521,-32.6907452609998,-32.70322260908493,-32.714452222361544,-32.7245588743105,-32.73365486106456,-32.741841249143214,-32.749208998414005,-32.75583997275771,-32.76180784966705,-32.76717893888546,-32.77201291918202,-32.77636350144893,-32.78027902548914,-32.78380299712534,-32.78697457159791,-32.78982898862323,-32.792397963946016,-32.79471004173652,-32.79679091174798,-32.7986636947583,-32.800349199467576,-32.80186615370593,-32.80323141252044,-32.804460145453504,-32.80556600509326,-32.80656127876905,-32.807457025077255,-32.80826319675464,-32.80898875126429,-32.80964175032296,-32.810229449475784,-32.81075837871331,-32.81123441502709,-32.81166284770949,-32.81204843712365,-32.812395467596396,-32.812707795021865,-32.81298888970479,-32.81324187491942,-32.81346956161259,-32.81367447963644,-32.813858905857906,-32.81402488945723,-32.81417427469661,-32.81430872141206,-32.814429723455966,-32.814538625295484,-32.81463663695104,-32.81472484744105,-32.814804236882054,-32.81487568737895,-32.81493999282617,-32.814997867728664,-32.81504995514091
22,0,-3.091042453358316,-5.952843441154973,-8.610079906635697,-11.065420057323417,-13.278526504091854,-15.261117291368741,-17.038259377025188,-18.633154121261974,-20.066011250066385,-21.35423422261501,-22.512952697133212,-23.55546657070364,-24.49357178622092,-25.337794230663906,-26.09756211557063,-26.781339133705472,-27.396732480767344,-27.9505840354304,-28.44904945631398,-28.89766796150458,-29.30142448121127,-29.664805304106125,-29.991848031914984,-30.286186484517984,-30.55109109223496,-30.789505239975902,-31.00407797356173,-31.19719343417267,-31.370997348935962,-31.52742087233403,-31.66820204344747,-31.794905097475972,-31.90893784611388,-32.011567319893516,-32.10393384629762,-32.187063720062355,-32.26188060645105,-32.329215804201056,-32.38981748217612,-32.4443589923537,-32.49344635151354,-32.53762497475739,-32.577385735676856,-32.61317042050439,-32.64537663684915,-32.67436223155944,-32.70044926679871,-32.723927598514045,-32.74505809705785,-32.764075545747275,-32.781191249567755,-32.79659538300618,-32.810459103100776,-32.82293645118591,-32.83416606446252,-32.84427271641148,-32.85336870316554,-32.86155509124419,-32.86892284051498,-32.87555381485869,-32.88152169176803,-32.88689278098643,-32.891726761282996,-32.896077343549905,-32.89999286759012,-32.90351683922631,-32.90668841369889,-32.90954283072421,-32.912111806047,-32.9144238838375,-32.91650475384897,-32.918377536859275,-32.920063041568554,-32.92157999580691,-32.922945254621425,-32.92417398755449,-32.92527984719425,-32.92627512087003,-32.92717086717823,-32.927977038855616,-32.92870259336526,-32.929355592423946,-32.92994329157676,-32.93047222081429,-32.930948257128065,-32.93137668981046,-32.93176227922463,-32.932109309697374,-32.93242163712284,-32.93270273180576,-32.9329557170204,-32.93318340371357,-32.933388321737425,-32.933572747958884,-32.93373873155821,-32.93388811679759,-32.93402256351304,-32.934143565556944,-32.93425246739646,-32.934350479052014,-32.93443868954203,-32.93451807898303,-32.934589529479936,-32.93465383492715,-32.93471170982964,-32.934763797241885
23,0,-3.1354942159291497,-6.026530519918021,-8.702158714549768,-11.168782405551996,-13.388199621535717,-15.374020362925995,-17.15272096444999,-18.748331826778852,-20.181504373319132,-21.46986070447032,-22.628633185534852,-23.671167869333832,-24.609280605294465,-25.45350551902709,-26.21327408145444,-26.89705120634937,-27.512444513811335,-28.06629601305162,-28.5647613933559,-29.01337987399993,-29.417136380234492,-29.780517196178472,-30.10755992055813,-30.401898371528503,-30.666802978491475,-30.905217125893675,-31.11978985933132,-31.31290531987915,-31.486709234616328,-31.64313275800394,-31.78391392911335,-31.910616983140386,-32.024649731777785,-32.127279205557286,-32.219645731961364,-32.3027756057261,-32.3775924921148,-32.4449276898648,-32.50552936783987,-32.560070878017456,-32.6091582371773,-32.65333686042115,-32.69309762134061,-32.728882306168146,-32.761088522512914,-32.790074117223206,-32.81616115246246,-32.8396394841778,-32.86076998272161,-32.87978743141103,-32.89690313523151,-32.91230726866995,-32.92617098876453,-32.93864833684967,-32.94987795012628,-32.95998460207524,-32.9690805888293,-32.97726697690795,-32.98463472617874,-32.99126570052245,-32.997233577431786,-33.002604666650186,-33.00743864694675,-33.01178922921366,-33.01570475325388,-33.01922872489007,-33.02240029936265,-33.02525471638797,-33.02782369171076,-33.030135769501264,-33.032216639512725,-33.03408942252303,-33.03577492723231,-33.037291881470665,-33.03865714028518,-33.039885873218246,-33.040991732858004,-33.04198700653379,-33.04288275284199,-33.04368892451937,-33.044414479029015,-33.0450674780877,-33.04565517724052,-33.04618410647805,-33.04666014279182,-33.04708857547422,-33.047474164888385,-33.04782119536113,-33.0481335227866,-33.04841461746953,-33.048667602684155,-33.04889528937733,-33.04910020740118,-33.04928463362264,-33.049450617221964,-33.04960000246135,-33.049734449176796,-33.0498554512207,-33.04996435306022,-33.050062364715785,-33.050150575205784,-33.05022996464679,-33.05030141514369,-33.050365720590904,-33.0504235954934,-33.05047568290564
24,0,-3.1780538303479458,-6.097333286188595,-8.790900332110116,-11.268629798670817,-13.494273204324125,-15.483267752885865,-17.263487169607846,-18.85978766466317,-20.2932593319537,-21.581739677878275,-22.74056110979985,-23.783113995643145,-24.72123295926273,-25.565459723229523,-26.32522867571815,-27.009005777635632,-27.624398988529226,-28.178250408015725,-28.676715737651094,-29.12533418970143,-29.52909068090435,-29.892471489327335,-30.219514210084863,-30.513852659365536,-30.77875726556233,-31.017171412626293,-31.231744145918537,-31.42485960640559,-31.598663521118137,-31.75508704449613,-31.895868215601958,-32.02257126962774,-32.13660401826476,-32.23923349204416,-32.33160001844822,-32.41472989221297,-32.489546778601685,-32.5568819763517,-32.61748365432676,-32.672025164504355,-32.721112523664196,-32.76529114690805,-32.80505190782752,-32.840836592655045,-32.873042808999806,-32.9020284037101,-32.92811543894936,-32.9515937706647,-32.972724269208506,-32.99174171789793,-33.00885742171841,-33.02426155515684,-33.03812527525143,-33.050602623336566,-33.06183223661318,-33.07193888856214,-33.0810348753162,-33.08922126339485,-33.09658901266564,-33.10321998700935,-33.109187863918685,-33.11455895313709,-33.11939293343365,-33.12374351570056,-33.12765903974078,-33.131183011376976,-33.13435458584955,-33.13720900287487,-33.13977797819766,-33.14209005598816,-33.144170925999624,-33.14604370900993,-33.14772921371921,-33.149246167957564,-33.15061142677208,-33.151840159705145,-33.1529460193449,-33.15394129302069,-33.154837039328896,-33.15564321100628,-33.15636876551592,-33.1570217645746,-33.15760946372742,-33.15813839296494,-33.15861442927872,-33.159042861961126,-33.15942845137529,-33.15977548184803,-33.1600878092735,-33.160368903956424,-33.160621889171054,-33.160849575864226,-33.16105449388808,-33.16123892010954,-33.16140490370886,-33.16155428894825,-33.161688735663695,-33.1618097377076,-33.16191863954712,-33.16201665120268,-33.16210486169268,-33.16218425113369,-33.16225570163059,-33.16232000707781,-33.1623778819803,-33.16242996939254
25,0,-3.2188758248682006,-6.165471429371195,-8.876543697530986,-11.365201985212284,-13.59698188323438,-15.58908800302551,-17.370781731038306,-18.967742284063526,-20.40149503603173,-21.690089163286743,-22.848954068168183,-23.891522359934186,-24.829646179666973,-25.67387414383816,-26.433643187653292,-27.117420133189835,-27.732813189588803,-28.28666450488227,-28.785129773854873,-29.233748193369845,-29.637504668055048,-30.000885468430386,-30.327928185396438,-30.62226663294241,-30.887171238366772,-31.12558538509579,-31.340158118246713,-31.53327357867589,-31.707077493365546,-31.863501016734865,-32.004282187837596,-32.13098524186237,-32.2450179904991,-32.34764746427845,-32.44001399068254,-32.523143864447306,-32.59796075083603,-32.66529594858605,-32.72589762656113,-32.78043913673872,-32.82952649589856,-32.87370511914242,-32.913465880061885,-32.94925056488941,-32.98145678123418,-33.01044237594447,-33.036529411183736,-33.060007742899074,-33.08113824144288,-33.1001556901323,-33.11727139395278,-33.132675527391214,-33.1465392474858,-33.15901659557093,-33.17024620884755,-33.18035286079651,-33.189448847550565,-33.19763523562922,-33.20500298490001,-33.21163395924372,-33.21760183615305,-33.22297292537146,-33.227806905668025,-33.232157487934934,-33.236073011975144,-33.23959698361134,-33.242768558083924,-33.245622975109235,-33.24819195043202,-33.25050402822254,-33.25258489823399,-33.254457681244304,-33.25614318595358,-33.25766014019194,-33.25902539900645,-33.26025413193951,-33.261359991579276,-33.26235526525505,-33.26325101156326,-33.264057183240645,-33.264782737750295,-33.265435736808975,-33.266023435961785,-33.26655236519932,-33.267028401513095,-33.2674568341955,-33.26784242360966,-33.2681894540824,-33.26850178150787,-33.2687828761908,-33.26903586140543,-33.2692635480986,-33.26946846612245,-33.26965289234391,-33.26981887594323,-33.26996826118262,-33.27010270789807,-33.270223709941966,-33.270332611781484,-33.27043062343705,-33.27051883392705,-33.270598223368054,-33.27066967386496,-33.270733979312176,-33.27079185421467,-33.27084394162691
26,0,-3.258096538021482,-6.231140185144987,-8.95930235012709,-11.458714001671616,-13.696536251337378,-15.691685944340142,-17.474804800405646,-19.072392799466062,-20.506406893813963,-21.79510370422971,-22.95400619995433,-23.99658692537489,-24.93471415798286,-25.7789426452969,-26.538711472503422,-27.22248812563141,-27.837880969154515,-28.39173215594196,-28.89019735445971,-29.338815737649632,-29.74257219442432,-30.10595298627705,-30.432995699309114,-30.727334145088697,-30.992238749740743,-31.230652896141063,-31.445225629156077,-31.638341089530876,-31.81214500419963,-31.96856852756132,-32.10934969866147,-32.23605275268548,-32.35008550132206,-32.45271497510142,-32.54508150150554,-32.62821137527034,-32.70302826165909,-32.77036345940912,-32.83096513738421,-32.8855066475618,-32.93459400672164,-32.9787726299655,-33.01853339088497,-33.05431807571249,-33.08652429205726,-33.11550988676755,-33.14159692200681,-33.16507525372215,-33.186205752265955,-33.20522320095538,-33.22233890477586,-33.23774303821429,-33.25160675830888,-33.264084106394016,-33.27531371967063,-33.28542037161959,-33.29451635837364,-33.3027027464523,-33.31007049572309,-33.3167014700668,-33.322669346976134,-33.32804043619454,-33.3328744164911,-33.33722499875801,-33.34114052279823,-33.344664494434426,-33.347836068907,-33.35069048593232,-33.3532594612551,-33.35557153904561,-33.357652409057074,-33.35952519206738,-33.361210696776666,-33.362727651015014,-33.36409290982953,-33.365321642762595,-33.36642750240236,-33.367422776078136,-33.36831852238634,-33.36912469406373,-33.36985024857337,-33.37050324763205,-33.37109094678487,-33.37161987602239,-33.37209591233618,-33.372524345018576,-33.37290993443274,-33.37325696490548,-33.373569292330956,-33.373850387013874,-33.37410337222851,-33.374331058921676,-33.37453597694552,-33.37472040316699,-33.37488638676631,-33.375035772005695,-33.375170218721145,-33.37529122076505,-33.37540012260457,-33.37549813426013,-33.37558634475013,-33.37566573419114,-33.37573718468804,-33.37580149013526,-33.37585936503775,-33.37591145244999
27,0,-3.295836866004329,-6.294513852037899,-9.039367945140771,-11.54935951307369,-13.79312605765648,-15.791245791117062,-17.575735978747566,-19.173915798915864,-20.608169808846927,-21.89695736093206,-23.0558911784646,-24.09848120100119,-25.03661033881009,-25.880838649247103,-26.640606944854643,-27.324383167996558,-27.939775740323746,-28.493626774657812,-28.992091893237948,-29.440710236512004,-29.844466674096463,-30.20784745701141,-30.53489016599703,-30.829228609993056,-31.094133213879697,-31.332547359960664,-31.547120092846548,-31.74023555317105,-31.914039467821123,-32.070462991176335,-32.21124416227448,-32.337947216298005,-32.45197996493455,-32.55460943871397,-32.64697596511815,-32.730105838883,-32.804922725271766,-32.87225792302181,-32.932859600996906,-32.987401111174506,-33.03648847033435,-33.0806670935782,-33.12042785449768,-33.156212539325196,-33.188418755669964,-33.21740435038026,-33.24349138561952,-33.26696971733486,-33.28810021587866,-33.30711766456808,-33.32423336838856,-33.33963750182699,-33.35350122192159,-33.36597857000672,-33.37720818328333,-33.38731483523229,-33.39641082198635,-33.404597210065006,-33.41196495933579,-33.4185959336795,-33.42456381058884,-33.42993489980725,-33.43476888010382,-33.43911946237071,-33.443034986410936,-33.446558958047135,-33.44973053251971,-33.45258494954503,-33.4551539248678,-33.457466002658315,-33.45954687266977,-33.46141965568009,-33.46310516038937,-33.464622114627716,-33.46598737344224,-33.467216106375304,-33.46832196601506,-33.46931723969084,-33.47021298599904,-33.47101915767643,-33.47174471218607,-33.47239771124475,-33.47298541039757,-33.4735143396351,-33.47399037594888,-33.47441880863128,-33.47480439804544,-33.47515142851819,-33.47546375594366,-33.47574485062658,-33.47599783584121,-33.47622552253438,-33.47643044055823,-33.4766148667797,-33.476780850379015,-33.4769302356184,-33.47706468233385,-33.47718568437776,-33.47729458621727,-33.47739259787283,-33.47748080836284,-33.47756019780384,-33.47763164830074,-33.477695953747954,-33.47775382865045,-33.4778059160627
28,0,-3.332204510175204,-6.355748695112149,-9.116913174939274,-11.637313598434174,-13.88692286950772,-15.887933712629502,-17.67373683252316,-19.272469832525598,-20.70694065767068,-21.995806184842102,-23.15476468505814,-24.197360715984892,-25.135490194385177,-25.97971760919541,-26.73948505338225,-27.423260708519795,-28.038652951922202,-28.592503810465388,-29.090968840043374,-29.539587140056693,-29.943343557304047,-30.30672433093381,-30.633767035793678,-30.928105478004664,-31.193010081139995,-31.431424226914157,-31.645996959679085,-31.839112419957956,-32.012916334591836,-32.169339857941814,-32.31012102903856,-32.43682408306187,-32.5508568316985,-32.653486305478054,-32.74585283188232,-32.82898270564721,-32.903799592036016,-32.97113478978608,-33.03173646776118,-33.08627797793877,-33.13536533709862,-33.17954396034248,-33.21930472126195,-33.25508940608947,-33.28729562243424,-33.31628121714453,-33.34236825238379,-33.36584658409913,-33.386977082642936,-33.40599453133236,-33.42311023515284,-33.43851436859127,-33.45237808868586,-33.464855436770996,-33.47608505004761,-33.48619170199657,-33.49528768875062,-33.50347407682928,-33.51084182610007,-33.51747280044378,-33.523440677353115,-33.52881176657152,-33.53364574686808,-33.53799632913499,-33.54191185317521,-33.545435824811406,-33.54860739928398,-33.5514618163093,-33.55403079163208,-33.55634286942259,-33.55842373943405,-33.56029652244436,-33.56198202715365,-33.563498981391994,-33.56486424020651,-33.566092973139575,-33.56719883277934,-33.56819410645512,-33.56908985276332,-33.56989602444071,-33.57062157895035,-33.57127457800903,-33.57186227716185,-33.572391206399374,-33.57286724271316,-33.573295675395556,-33.57368126480972,-33.57402829528246,-33.574340622707936,-33.574621717390855,-33.57487470260549,-33.57510238929866,-33.575307307322504,-33.57549173354397,-33.575657717143294,-33.575807102382676,-33.575941549098125,-33.57606255114203,-33.57617145298155,-33.57626946463711,-33.57635767512711,-33.57643706456812,-33.57650851506502,-33.57657282051224,-33.57663069541473,-33.57668278282697
29,0,-3.367295829986474,-6.414985360994407,-9.192094213764653,-11.722735089399627,-13.978082306543177,-15.98189998259879,-17.768952988099276,-19.36819747926116,-20.802860345934487,-22.091790271841923,-23.250766462105677,-24.29336507292805,-25.231493278182654,-26.07571906429553,-26.83548533472039,-27.5192602845413,-28.134652142425598,-28.68850280269918,-29.18696773473883,-29.635585988439654,-30.0393423843554,-30.40272314842818,-30.729765849119143,-31.02410428956035,-31.289008891966027,-31.527423037449243,-31.74199577010281,-31.935111230341313,-32.1089151449617,-32.265338668307784,-32.40611983940376,-32.53282289342716,-32.64685564206401,-32.74948511584373,-32.841851642248116,-32.92498151601308,-32.9997984024019,-33.067133600151976,-33.12773527812708,-33.18227678830469,-33.23136414746453,-33.27554277070839,-33.31530353162787,-33.35108821645539,-33.383294432800156,-33.412280027510455,-33.43836706274972,-33.46184539446506,-33.48297589300886,-33.50199334169828,-33.51910904551876,-33.53451317895719,-33.54837689905178,-33.56085424713691,-33.572083860413535,-33.58219051236249,-33.59128649911655,-33.599472887195205,-33.60684063646599,-33.6134716108097,-33.619439487719035,-33.62481057693744,-33.629644557234,-33.63399513950091,-33.63791066354113,-33.64143463517732,-33.6446062096499,-33.64746062667522,-33.65002960199801,-33.65234167978851,-33.65442254979997,-33.65629533281028,-33.65798083751956,-33.659497791757914,-33.66086305057243,-33.662091783505495,-33.66319764314525,-33.66419291682104,-33.66508866312924,-33.66589483480662,-33.66662038931627,-33.66727338837495,-33.66786108752776,-33.6683900167653,-33.66886605307908,-33.669294485761476,-33.669680075175634,-33.67002710564839,-33.670339433073856,-33.670620527756775,-33.670873512971404,-33.67110119966458,-33.671306117688424,-33.67149054390989,-33.67165652750921,-33.6718059127486,-33.67194035946405,-33.67206136150795,-33.67217026334746,-33.67226827500303,-33.67235648549303,-33.67243587493404,-33.67250732543094,-33.67257163087815,-33.67262950578065,-33.67268159319289
30,0,-3.4011973816621555,-6.472350899992218,-9.265052776936411,-11.805768546261932,-14.066745926513505,-16.07328078385909,-17.861515880590062,-19.46122706723379,-20.896055517941704,-22.185035469126998,-23.344022019848037,-24.386619655196494,-25.324744932622618,-26.168968347264066,-26.928733121475585,-27.61250723056092,-28.227898648028525,-28.78174908866618,-29.280213915270764,-29.72883211994759,-30.132588493708916,-30.49596924803613,-30.82301194455405,-31.1173503832585,-31.38225498496405,-31.620669130175582,-31.835241862728797,-32.02835732293277,-32.202161237542605,-32.35858476088622,-32.499365931982084,-32.626068986005876,-32.7401017346431,-32.842731208423054,-32.93509773482757,-33.018227608592596,-33.09304449498146,-33.16037969273156,-33.220981370706674,-33.27552288088428,-33.32461024004413,-33.36878886328798,-33.40854962420746,-33.44433430903498,-33.476540525379754,-33.505526120090046,-33.53161315532931,-33.55509148704465,-33.576221985588454,-33.59523943427788,-33.61235513809835,-33.62775927153678,-33.64162299163137,-33.6541003397165,-33.665329952993126,-33.67543660494208,-33.68453259169614,-33.692718979774796,-33.70008672904559,-33.70671770338929,-33.712685580298626,-33.71805666951703,-33.7228906498136,-33.72724123208051,-33.73115675612072,-33.73468072775692,-33.73785230222949,-33.74070671925481,-33.7432756945776,-33.745587772368104,-33.74766864237956,-33.74954142538988,-33.75122693009915,-33.75274388433751,-33.75410914315202,-33.755337876085086,-33.756443735724844,-33.75743900940063,-33.75833475570883,-33.75914092738621,-33.75986648189586,-33.76051948095454,-33.76110718010736,-33.76163610934489,-33.76211214565867,-33.76254057834107,-33.762926167755225,-33.76327319822798,-33.76358552565345,-33.76386662033637,-33.764119605551,-33.76434729224417,-33.76455221026802,-33.76473663648949,-33.764902620088804,-33.765052005328194,-33.76518645204364,-33.76530745408755,-33.76541635592705,-33.76551436758262,-33.765602578072624,-33.76568196751363,-33.76575341801053,-33.76581772345775,-33.765875598360246,-33.76592768577249
31,0,-3.4339872044851463,-6.527960469792309,-9.335917865683074,-11.886545937431524,-14.153042825459295,-16.162199728502863,-17.951544215713408,-19.55167410540204,-20.98663997730209,-22.275654793409053,-23.434644054825903,-24.47723704597856,-25.41535770857782,-26.259578004126176,-27.01934096208079,-27.703114098135803,-28.318505022557606,-28.872355223563552,-29.370819937587818,-29.81943809091635,-30.22319444189113,-30.58657518637477,-30.91361787875723,-31.20795631577665,-31.47286091681974,-31.711275061782306,-31.92584779424761,-32.11896325442346,-32.2927671690259,-32.44919069236853,-32.589971863464996,-32.716674917489485,-32.830707666127196,-32.93333713990745,-33.02570366631212,-33.10883354007723,-33.183650426466144,-33.250985624216256,-33.31158730219138,-33.36612881236899,-33.41521617152884,-33.45939479477269,-33.49915555569217,-33.53494024051969,-33.56714645686446,-33.596132051574756,-33.62221908681402,-33.64569741852936,-33.666827917073164,-33.68584536576258,-33.70296106958306,-33.71836520302149,-33.73222892311608,-33.74470627120121,-33.755935884477836,-33.76604253642678,-33.77513852318085,-33.783324911259506,-33.79069266053029,-33.797323634874,-33.803291511783335,-33.80866260100174,-33.81349658129831,-33.81784716356522,-33.82176268760543,-33.82528665924163,-33.8284582337142,-33.83131265073952,-33.83388162606231,-33.836193703852814,-33.83827457386427,-33.84014735687458,-33.84183286158386,-33.843349815822215,-33.84471507463673,-33.845943807569796,-33.84704966720955,-33.84804494088534,-33.84894068719354,-33.84974685887092,-33.85047241338057,-33.85112541243925,-33.85171311159206,-33.8522420408296,-33.85271807714338,-33.85314650982578,-33.853532099239935,-33.85387912971269,-33.85419145713816,-33.85447255182108,-33.85472553703571,-33.85495322372888,-33.855158141752725,-33.85534256797419,-33.85550855157351,-33.855657936812904,-33.85579238352835,-33.85591338557225,-33.85602228741176,-33.85612029906733,-33.856208509557334,-33.85628789899834,-33.85635934949524,-33.85642365494245,-33.856481529844956,-33.85653361725719
32,0,-3.4657359027997265,-6.581918779223324,-9.404807253821053,-11.965188074692158,-14.23709100187455,-16.248769140636,-18.03914518998632,-19.639642471121924,-21.074715862874616,-22.36374960460528,-23.522733624069037,-24.56531820327628,-25.503432540896384,-26.347648970010614,-27.10740979671059,-27.791181831842703,-28.406572213449948,-28.96042215646168,-29.458886751624576,-29.90750485171439,-30.311261179479782,-30.67464191411952,-31.001684602448375,-31.296023037854003,-31.56092763828069,-31.799341783020495,-32.01391451541174,-32.207029975566414,-32.380833890164816,-32.53725741350806,-32.67803858460581,-32.80474163863131,-32.91877438726965,-33.02140386105025,-33.11377038745511,-33.19690026122032,-33.271717147609266,-33.3390523453594,-33.399654023334534,-33.45419553351215,-33.503282892672004,-33.54746151591586,-33.587222276835334,-33.62300696166286,-33.65521317800763,-33.68419877271792,-33.710285807957185,-33.73376413967252,-33.75489463821633,-33.773912086905746,-33.791027790726226,-33.806431924164656,-33.82029564425925,-33.83277299234438,-33.844002605621,-33.85410925756996,-33.863205244324014,-33.87139163240267,-33.87875938167346,-33.88539035601716,-33.8913582329265,-33.89672932214491,-33.901563302441474,-33.90591388470838,-33.90982940874859,-33.91335338038479,-33.916524954857366,-33.919379371882684,-33.92194834720547,-33.92426042499598,-33.92634129500744,-33.92821407801775,-33.929899582727025,-33.93141653696538,-33.932781795779896,-33.93401052871296,-33.93511638835272,-33.9361116620285,-33.937007408336704,-33.93781358001409,-33.93853913452374,-33.93919213358242,-33.93977983273523,-33.940308761972766,-33.94078479828654,-33.94121323096895,-33.941598820383106,-33.94194585085585,-33.94225817828132,-33.94253927296425,-33.942792258178876,-33.94301994487204,-33.943224862895896,-33.943409289117355,-33.94357527271668,-33.94372465795607,-33.94385910467152,-33.943980106715415,-33.94408900855493,-33.94418702021049,-33.9442752307005,-33.9443546201415,-33.94442607063841,-33.944490376085625,-33.94454825098812,-33.944600338400356
33,0,-3.4965075614664802,-6.634321318376394,-9.471828761044467,-12.041805846000214,-14.318998524258681,-16.333091138626802,-18.12441550402331,-19.725225387238794,-21.160374613391244,-22.449410568387417,-23.60838110845273,-24.650953424260933,-25.589059713383357,-26.433271534441623,-27.193029922706597,-27.87680073475436,-28.492190527246606,-29.046040195802206,-29.544504666800183,-29.993122712241046,-30.396879016601673,-30.760259741501603,-31.087302425905328,-31.381640859788654,-31.64654545965354,-31.88495960420031,-32.09953233653273,-32.29264779667372,-32.46645171127163,-32.6228752346171,-32.76365640571688,-32.89035945974372,-33.00439220838283,-33.10702168216384,-33.1993882085689,-33.2825180823342,-33.3573349687232,-33.424670166473355,-33.4852718444485,-33.53981335462611,-33.58890071378597,-33.633079337029834,-33.672840097949305,-33.70862478277683,-33.74083099912159,-33.769816593831884,-33.79590362907115,-33.81938196078649,-33.84051245933029,-33.85952990801972,-33.876645611840196,-33.89204974527863,-33.90591346537322,-33.91839081345835,-33.929620426734964,-33.93972707868392,-33.948823065437985,-33.95700945351663,-33.964377202787425,-33.97100817713113,-33.97697605404047,-33.98234714325888,-33.987181123555445,-33.99153170582235,-33.99544722986256,-33.99897120149876,-34.002142775971336,-34.004997192996655,-34.00756616831944,-34.00987824610995,-34.01195911612141,-34.013831899131716,-34.015517403840995,-34.01703435807935,-34.018399616893866,-34.01962834982693,-34.02073420946669,-34.02172948314247,-34.022625229450675,-34.02343140112806,-34.02415695563771,-34.02480995469639,-34.025397653849204,-34.02592658308673,-34.02640261940051,-34.02683105208291,-34.02721664149708,-34.027563671969816,-34.027875999395285,-34.02815709407821,-34.02841007929284,-34.02863776598601,-34.02884268400987,-34.029027110231326,-34.02919309383065,-34.02934247907004,-34.02947692578548,-34.029597927829386,-34.0297068296689,-34.02980484132446,-34.02989305181447,-34.029972441255474,-34.03004389175238,-34.030108197199596,-34.030166072102084,-34.03021815951433
34,0,-3.5263605246161616,-6.685255412012374,-9.537081348737924,-12.116501279414504,-14.398864533600996,-16.415258545590493,-18.20744219508634,-19.808506213525057,-21.24369774519129,-22.532718432005247,-23.69166698968099,-24.734223123483215,-25.672319637745325,-26.51652612063732,-27.276281774024497,-27.960051247942246,-28.575440409113586,-29.129289788923785,-29.627754131544652,-30.076372121452366,-30.48012840245793,-30.843509117833033,-31.17055179848887,-31.464890230962265,-31.729794830328643,-31.968208974715587,-32.18278170700577,-32.375897167141055,-32.54970108174219,-32.70612460509157,-32.846905776194134,-32.973608830222624,-33.08764157886263,-33.1902710526441,-33.28263757904939,-33.365767452814794,-33.440584339203845,-33.50791953695402,-33.56852121492917,-33.6230627251068,-33.67215008426665,-33.716328707510506,-33.75608946842998,-33.7918741532575,-33.82408036960228,-33.85306596431257,-33.879152999551835,-33.902631331267166,-33.92376182981097,-33.942779278500396,-33.959894982320876,-33.975299115759306,-33.9891628358539,-34.001640183939024,-34.01286979721564,-34.0229764491646,-34.03207243591866,-34.04025882399731,-34.047626573268104,-34.05425754761181,-34.06022542452115,-34.06559651373955,-34.07043049403612,-34.07478107630303,-34.07869660034325,-34.08222057197944,-34.085392146452016,-34.088246563477334,-34.09081553880012,-34.09312761659063,-34.09520848660208,-34.097081269612396,-34.09876677432168,-34.10028372856003,-34.101648987374546,-34.10287772030761,-34.10398357994737,-34.10497885362316,-34.105874599931354,-34.106680771608744,-34.10740632611839,-34.10805932517707,-34.10864702432988,-34.109175953567416,-34.10965198988119,-34.11008042256359,-34.110466011977756,-34.1108130424505,-34.11112536987597,-34.11140646455889,-34.111659449773526,-34.11188713646669,-34.11209205449054,-34.11227648071201,-34.11244246431133,-34.11259184955071,-34.11272629626617,-34.11284729831007,-34.11295620014958,-34.11305421180514,-34.11314242229515,-34.11322181173615,-34.11329326223306,-34.11335756768027,-34.11341544258276,-34.11346752999501
35,0,-3.5553480614894135,-6.734801125927939,-9.600656067325936,-12.189368465356162,-14.476780106153479,-16.49535565021067,-18.288303307702105,-19.889559069536382,-21.324757459659523,-22.613744629962085,-23.772662457532732,-24.815198441613287,-25.75328346319088,-26.59748389551417,-27.35723653140496,-28.041004560708746,-28.656393053093783,-29.210242132319102,-29.708706343556436,-30.15732427761814,-30.561080535580594,-30.924461241762774,-31.2515039188987,-31.54584235009592,-31.810746949035828,-32.04916109329961,-32.26373382556547,-32.456849285703484,-32.63065320031172,-32.78707672366673,-32.92785789477282,-33.05456094880328,-33.168593697444315,-33.271223171226296,-33.36358969763183,-33.446719571397345,-33.52153645778645,-33.58887165553665,-33.649473333511814,-33.70401484368944,-33.75310220284929,-33.79728082609316,-33.83704158701263,-33.872826271840154,-33.90503248818492,-33.934018082895214,-33.96010511813447,-33.98358344984981,-34.004713948393615,-34.02373139708304,-34.04084710090353,-34.05625123434196,-34.07011495443654,-34.082592302521675,-34.09382191579829,-34.103928567747246,-34.11302455450131,-34.12121094257996,-34.12857869185075,-34.13520966619446,-34.1411775431038,-34.1465486323222,-34.15138261261877,-34.15573319488567,-34.159648718925894,-34.163172690562085,-34.16634426503467,-34.169198682059985,-34.171767657382766,-34.17407973517328,-34.176160605184734,-34.17803338819504,-34.179718892904326,-34.18123584714267,-34.1826011059572,-34.18382983889026,-34.18493569853002,-34.185930972205796,-34.186826718514006,-34.18763289019139,-34.18835844470103,-34.18901144375972,-34.18959914291253,-34.19012807215006,-34.19060410846384,-34.19103254114624,-34.1914181305604,-34.19176516103314,-34.192077488458615,-34.19235858314154,-34.19261156835617,-34.192839255049336,-34.19304417307318,-34.193228599294656,-34.19339458289397,-34.193543968133355,-34.193678414848804,-34.19379941689271,-34.19390831873223,-34.194006330387786,-34.1940945408778,-34.194173930318804,-34.19424538081571,-34.19430968626292,-34.19436756116541,-34.19441964857766
36,0,-3.58351893845611,-6.783032050283822,-9.662636878754057,-12.260494359371076,-14.552828996926635,-16.573458834389914,-18.367068414546402,-19.968449298761232,-21.403617089608076,-22.69255172876386,-23.851429856668446,-24.893941694057478,-25.832013526056087,-26.67620721977547,-27.435956572649765,-28.119723060931577,-28.735110852473344,-29.288959622006885,-29.78742370017512,-30.236041578694213,-30.63979781420432,-31.00317851164812,-31.330221185544552,-31.624559615621145,-31.889464214215376,-32.12787835839606,-32.34245109065672,-32.53556655080635,-32.70937046542568,-32.86579398878808,-33.00657515989844,-33.13327821393118,-33.247310962573366,-33.34994043635591,-33.442306962761705,-33.52543683652734,-33.6002537229165,-33.66758892066672,-33.72819059864189,-33.78273210881952,-33.83181946797938,-33.875998091223245,-33.915758852142716,-33.95154353697024,-33.98374975331501,-34.0127353480253,-34.038822383264566,-34.062300714979905,-34.08343121352371,-34.10244866221313,-34.11956436603361,-34.13496849947204,-34.14883221956663,-34.16130956765176,-34.17253918092838,-34.182645832877334,-34.191741819631396,-34.19992820771005,-34.20729595698084,-34.21392693132454,-34.21989480823388,-34.22526589745229,-34.230099877748856,-34.234450460015765,-34.238365984055974,-34.24188995569217,-34.24506153016475,-34.247915947190066,-34.250484922512854,-34.25279700030336,-34.25487787031482,-34.256750653325135,-34.258436158034414,-34.25995311227277,-34.26131837108728,-34.26254710402034,-34.2636529636601,-34.264648237335884,-34.265543983644086,-34.26635015532147,-34.267075709831126,-34.2677287088898,-34.268316408042615,-34.26884533728015,-34.269321373593925,-34.26974980627633,-34.27013539569049,-34.270482426163234,-34.2707947535887,-34.27107584827163,-34.27132883348626,-34.27155652017942,-34.27176143820328,-34.271945864424744,-34.27211184802406,-34.27226123326345,-34.2723956799789,-34.2725166820228,-34.272625583862315,-34.272723595517874,-34.27281180600788,-34.272891195448885,-34.27296264594579,-34.27302695139301,-34.2730848262955,-34.27313691370774
37,0,-3.6109179126442243,-6.8300159794363875,-9.723101373408724,-12.329959483579852,-14.627088280375824,-16.649637079249537,-18.443798993353706,-20.045233776637545,-21.480331386311075,-22.769193712423743,-23.928022974777594,-24.970506661295303,-25.908563641327106,-26.75274993996764,-27.5124957648915,-28.19626062741079,-28.81164769215363,-29.36549614591062,-29.86396009076119,-30.31257791470181,-30.71633412864527,-31.079714817933194,-31.406757488924534,-31.701095918058112,-31.96600051639617,-32.20441466053709,-32.41898739281288,-32.612102852983355,-32.785906767617874,-32.94233029098943,-33.08311146210481,-33.20981451614013,-33.32384726478359,-33.426476738566734,-33.51884326497281,-33.60197313873858,-33.67679002512778,-33.74412522287803,-33.804726900853204,-33.85926841103085,-33.9083557701907,-33.95253439343457,-33.99229515435404,-34.028079839181565,-34.06028605552633,-34.089271650236626,-34.11535868547589,-34.13883701719123,-34.15996751573503,-34.17898496442446,-34.19610066824493,-34.21150480168336,-34.22536852177796,-34.23784586986309,-34.249075483139706,-34.259182135088665,-34.26827812184272,-34.276464509921375,-34.28383225919217,-34.29046323353587,-34.296431110445205,-34.30180219966361,-34.30663617996018,-34.31098676222709,-34.314902286267305,-34.3184262579035,-34.32159783237607,-34.32445224940139,-34.32702122472418,-34.329333302514684,-34.331414172526145,-34.33328695553646,-34.33497246024574,-34.33648941448409,-34.33785467329861,-34.339083406231666,-34.34018926587143,-34.341184539547214,-34.34208028585541,-34.3428864575328,-34.34361201204245,-34.34426501110112,-34.34485271025394,-34.34538163949147,-34.34585767580525,-34.346286108487654,-34.34667169790181,-34.34701872837456,-34.347331055800026,-34.34761215048295,-34.34786513569758,-34.34809282239075,-34.3482977404146,-34.34848216663607,-34.348648150235384,-34.34879753547477,-34.34893198219022,-34.34905298423413,-34.34916188607364,-34.3492598977292,-34.3493481082192,-34.34942749766021,-34.34949894815711,-34.34956325360433,-34.349621128506826,-34.34967321591907
38,0,-3.6375861597263857,-6.875815504276437,-9.78212139736577,-12.397838541815906,-14.699628901495636,-16.723952356298213,-18.5185486587404,-20.119961056849203,-21.554946640391115,-22.843716101878137,-24.002487165349958,-25.044938714302088,-25.982979229462472,-26.827157515922277,-27.586899592281515,-28.270662757645994,-28.886049076457915,-29.439897211673575,-29.938361024512776,-30.38697879554421,-30.790734989117315,-31.154115670964888,-31.481158339440817,-31.775496767831246,-32.04040136601125,-32.27881551015893,-32.49338824247123,-32.68650370267213,-32.86030761732601,-33.0167311407085,-33.15751231182961,-33.28421536586781,-33.398248114512654,-33.50087758829644,-33.59324411470281,-33.6763739884687,-33.75119087485797,-33.818526072608236,-33.87912775058343,-33.933669260761064,-33.98275661992092,-34.026935243164786,-34.066696004084264,-34.10248068891178,-34.13468690525656,-34.16367249996685,-34.18975953520611,-34.213237866921446,-34.23436836546526,-34.25338581415468,-34.270501517975156,-34.285905651413586,-34.29976937150818,-34.31224671959331,-34.32347633286993,-34.33358298481888,-34.34267897157294,-34.35086535965159,-34.35823310892239,-34.3648640832661,-34.37083196017544,-34.37620304939384,-34.381037029690404,-34.38538761195731,-34.38930313599753,-34.39282710763372,-34.395998682106296,-34.398853099131614,-34.4014220744544,-34.40373415224491,-34.40581502225637,-34.407687805266676,-34.40937330997596,-34.410890264214316,-34.41225552302883,-34.4134842559619,-34.414590115601655,-34.41558538927744,-34.41648113558564,-34.417287307263024,-34.41801286177267,-34.41866586083135,-34.41925355998416,-34.41978248922169,-34.42025852553547,-34.42068695821787,-34.421072547632036,-34.421419578104775,-34.42173190553025,-34.42201300021317,-34.422265985427806,-34.42249367212097,-34.42269859014482,-34.422883016366285,-34.42304899996561,-34.423198385205,-34.42333283192045,-34.423453833964345,-34.42356273580386,-34.42366074745942,-34.42374895794943,-34.42382834739043,-34.42389979788734,-34.423964103334555,-34.42402197823705,-34.42407406564929
39,0,-3.6635616461296463,-6.920488530256005,-9.839763603116607,-12.464200960891667,-14.770516147820953,-16.796459905777258,-18.59136323976066,-20.19267134026245,-21.627500619166465,-22.916155890847023,-24.074859287770682,-25.117274757864315,-26.055297261371887,-26.89946696646226,-27.659205101983936,-28.342966513936027,-28.95835207526705,-29.512199892805643,-30.01066357661526,-30.459281297156743,-30.86303747188192,-31.226418147142443,-31.553460813549098,-31.847799241418574,-32.112703839547095,-32.35111798375104,-32.56569071612223,-32.7588061763634,-32.93261009104086,-33.08903361443603,-33.2298147855636,-33.35651783960494,-33.470550588251264,-33.57318006203574,-33.6655465884424,-33.74867646220844,-33.82349334859775,-33.89082854634804,-33.951430224323246,-34.00597173450089,-34.055059093660745,-34.09923771690461,-34.13899847782408,-34.17478316265161,-34.206989378996376,-34.23597497370667,-34.26206200894593,-34.28554034066127,-34.306670839205076,-34.3256882878945,-34.34280399171497,-34.35820812515341,-34.372071845248,-34.38454919333313,-34.39577880660975,-34.40588545855871,-34.41498144531276,-34.42316783339142,-34.43053558266221,-34.437166557005916,-34.443134433915255,-34.44850552313366,-34.45333950343022,-34.45769008569713,-34.46160560973735,-34.465129581373546,-34.46830115584612,-34.47115557287144,-34.47372454819422,-34.47603662598473,-34.478117495996194,-34.4799902790065,-34.48167578371578,-34.483192737954134,-34.48455799676864,-34.48578672970171,-34.48689258934147,-34.48788786301726,-34.48878360932546,-34.48958978100285,-34.49031533551249,-34.49096833457117,-34.49155603372399,-34.49208496296151,-34.49256099927529,-34.492989431957696,-34.49337502137186,-34.4937220518446,-34.49403437927007,-34.494315473952994,-34.494568459167624,-34.494796145860796,-34.495001063884644,-34.49518549010611,-34.49535147370543,-34.495500858944816,-34.495635305660265,-34.49575630770417,-34.49586520954369,-34.49596322119925,-34.496051431689246,-34.49613082113025,-34.496202271627155,-34.49626657707437,-34.49632445197687,-34.49637653938911
40,0,-3.6888794541139363,-6.964088732016659,-9.896089934708767,-12.529111368361487,-14.83981005049597,-16.867208398806145,-18.662280683633497,-20.26339623735528,-21.698022288708298,-22.986541266251987,-24.145167433071222,-25.187542960263503,-26.125545990094764,-26.969706601945713,-27.72944063706374,-28.413200256396088,-29.028585057082537,-29.582432561761763,-30.08089612132449,-30.529513794591168,-30.933269952332612,-31.29665062200187,-31.62369328684291,-31.91803171443596,-32.182936312627824,-32.42135045694041,-32.63592318939373,-32.82903864968522,-33.00284256439048,-33.15926608780006,-33.300047258934754,-33.4267503129795,-33.5407830616274,-33.64341253541258,-33.735779061819564,-33.81890893558572,-33.89372582197509,-33.961061019725406,-34.02166269770061,-34.07620420787826,-34.12529156703812,-34.169470190281984,-34.20923095120146,-34.24501563602899,-34.277221852373756,-34.30620744708404,-34.332294482323306,-34.355772814038644,-34.37690331258245,-34.395920761271874,-34.413036465092354,-34.428440598530784,-34.442304318625375,-34.45478166671051,-34.46601127998712,-34.47611793193608,-34.48521391869014,-34.49340030676879,-34.50076805603958,-34.5073990303833,-34.51336690729263,-34.518737996511035,-34.523571976807595,-34.527922559074504,-34.53183808311472,-34.53536205475092,-34.5385336292235,-34.54138804624881,-34.5439570215716,-34.54626909936211,-34.54834996937357,-34.550222752383874,-34.55190825709316,-34.55342521133151,-34.554790470146024,-34.55601920307909,-34.55712506271885,-34.55812033639463,-34.55901608270284,-34.55982225438022,-34.560547808889865,-34.56120080794855,-34.56178850710136,-34.56231743633889,-34.56279347265267,-34.56322190533508,-34.563607494749235,-34.56395452522197,-34.56426685264745,-34.564547947330375,-34.564800932545005,-34.56502861923817,-34.565233537262024,-34.56541796348348,-34.56558394708281,-34.565733332322196,-34.56586777903764,-34.56598878108154,-34.56609768292106,-34.56619569457662,-34.566283905066626,-34.56636329450763,-34.566434745004536,-34.56649905045175,-34.56655692535424,-34.566609012766484
41,0,-3.713572066704308,-7.006665953700789,-9.951158056441407,-12.59263001546384,-14.907565720487472,-16.93623997336858,-18.731330751637348,-20.332158275469705,-21.766531267941563,-23.054891060275672,-24.21343038271,-25.255762216897363,-26.193744416842428,-27.03789549135655,-27.797625303999606,-28.481383110633747,-29.096767156763804,-29.650614357701535,-30.14907779973413,-30.59769542978563,-31.001451572765724,-31.364832237986874,-31.691874901824505,-31.98621332940797,-32.251117927786034,-32.48953207226229,-32.704104804821746,-32.897220265173736,-33.07102417991099,-33.22744770333665,-33.368228874479115,-33.4949319285275,-33.60896467717705,-33.71159415096296,-33.803960677370256,-33.887090551136545,-33.96190743752598,-34.02924263527631,-34.089844313251525,-34.144385823429175,-34.19347318258904,-34.237651805832904,-34.277412566752375,-34.3131972515799,-34.34540346792467,-34.37438906263496,-34.400476097874225,-34.423954429589564,-34.44508492813337,-34.46410237682279,-34.481218080643266,-34.496622214081704,-34.51048593417629,-34.52296328226142,-34.53419289553804,-34.54429954748699,-34.553395534241055,-34.56158192231971,-34.568949671590495,-34.57558064593421,-34.58154852284354,-34.58691961206195,-34.591753592358515,-34.596104174625424,-34.60001969866563,-34.60354367030183,-34.606715244774406,-34.609569661799725,-34.61213863712251,-34.61445071491302,-34.61653158492448,-34.618404367934794,-34.620089872644066,-34.62160682688243,-34.62297208569694,-34.62420081863,-34.62530667826976,-34.62630195194554,-34.62719769825375,-34.628003869931135,-34.628729424440785,-34.62938242349946,-34.629970122652274,-34.63049905188981,-34.630975088203584,-34.63140352088599,-34.63178911030015,-34.63213614077289,-34.63244846819836,-34.63272956288129,-34.63298254809592,-34.63321023478909,-34.63341515281294,-34.6335995790344,-34.63376556263373,-34.63391494787311,-34.63404939458856,-34.634170396632456,-34.634279298471974,-34.63437731012754,-34.63446552061754,-34.634544910058544,-34.63461636055545,-34.634680666002666,-34.63473854090516,-34.6347906283174
42,0,-3.7376696182833684,-7.048266562538821,-10.005021732789949,-12.65481315254521,-14.973833624067986,-17.003590125464676,-18.79853445172342,-20.39897007221361,-21.833036929763026,-23.121213848569187,-24.27965671527548,-25.321941263002174,-26.25990140670595,-27.10404257931241,-27.86376809022717,-28.54752408550728,-29.16290739337179,-29.71675430436624,-30.21521763766563,-30.66383522945944,-31.067591360276893,-31.430972022345898,-31.758014685802138,-32.05235311366519,-32.31725771236013,-32.55567185705754,-32.770244589747755,-32.963360050170486,-33.13716396494388,-33.29358748838722,-33.434368659538045,-33.56107171359027,-33.675104462241535,-33.77773393602819,-33.8701004624358,-33.953230336202225,-34.0280472225917,-34.095382420342055,-34.15598409831728,-34.21052560849493,-34.259612967654796,-34.30379159089866,-34.34355235181813,-34.37933703664566,-34.411543252990434,-34.44052884770072,-34.46661588293998,-34.49009421465532,-34.51122471319913,-34.530242161888545,-34.54735786570903,-34.56276199914746,-34.576625719242045,-34.58910306732718,-34.6003326806038,-34.61043933255276,-34.61953531930681,-34.62772170738547,-34.63508945665626,-34.64172043099997,-34.647688307909306,-34.653059397127706,-34.65789337742427,-34.66224395969118,-34.6661594837314,-34.66968345536759,-34.67285502984017,-34.67570944686548,-34.67827842218827,-34.680590499978784,-34.68267136999024,-34.68454415300055,-34.68622965770984,-34.687746611948185,-34.6891118707627,-34.690340603695766,-34.691446463335524,-34.6924417370113,-34.69333748331951,-34.6941436549969,-34.69486920950654,-34.69552220856522,-34.69610990771803,-34.696638836955564,-34.69711487326935,-34.69754330595175,-34.69792889536591,-34.69827592583865,-34.69858825326413,-34.698869347947046,-34.69912233316168,-34.69935001985485,-34.699554937878695,-34.69973936410016,-34.699905347699485,-34.70005473293887,-34.700189179654316,-34.700310181698214,-34.70041908353773,-34.7005170951933,-34.7006053056833,-34.7006846951243,-34.70075614562121,-34.700820451068424,-34.70087832597092,-34.70093041338316
43,0,-3.7612001156935624,-7.088933762089143,-10.057731166030432,-12.715713363132433,-15.038659799757395,-17.06928742441741,-18.863903118726565,-20.463833047644034,-21.897537011297068,-23.1855065558336,-24.343843422853173,-25.386077297606178,-26.324014316368352,-27.16814531543842,-27.92786649421886,-28.61162070350219,-29.227003300669704,-29.7808499406313,-30.279313176241963,-30.727930735695423,-31.131686857346835,-31.495067517719228,-31.8221101814776,-32.116448609931936,-32.381353209082064,-32.619767354060386,-32.83434008690646,-33.02745554741018,-33.20125946222374,-33.35768298568628,-33.498464156846005,-33.625167210902234,-33.73919995955526,-33.84182943334267,-33.934195959750596,-34.017325833517134,-34.09214271990667,-34.15947791765704,-34.22007959563227,-34.27462110580992,-34.32370846496979,-34.36788708821365,-34.40764784913313,-34.443432533960646,-34.47563875030542,-34.50462434501571,-34.53071138025498,-34.55418971197032,-34.57532021051412,-34.59433765920354,-34.61145336302402,-34.62685749646245,-34.64072121655704,-34.65319856464217,-34.66442817791879,-34.674534829867746,-34.68363081662181,-34.69181720470046,-34.69918495397125,-34.705815928314955,-34.71178380522429,-34.7171548944427,-34.72198887473926,-34.726339457006176,-34.730254981046386,-34.73377895268258,-34.73695052715516,-34.73980494418048,-34.742373919503265,-34.74468599729377,-34.746766867305226,-34.748639650315546,-34.750325155024825,-34.75184210926317,-34.75320736807769,-34.754436101010754,-34.75554196065051,-34.756537234326295,-34.7574329806345,-34.75823915231188,-34.75896470682153,-34.75961770588021,-34.76020540503302,-34.76073433427056,-34.76121037058434,-34.761638803266734,-34.76202439268089,-34.762371423153645,-34.762683750579114,-34.76296484526203,-34.76321783047667,-34.763445517169835,-34.76365043519368,-34.763834861415155,-34.76400084501447,-34.76415023025386,-34.76428467696931,-34.76440567901321,-34.76451458085272,-34.764612592508286,-34.76470080299829,-34.7647801924393,-34.7648516429362,-34.76491594838341,-34.76497382328591,-34.76502591069816
44,0,-3.784189633918261,-7.128707870508853,-10.109333297041285,-12.775379861880293,-15.102086016851912,-17.133353002848658,-18.92743699738604,-20.526735464508867,-21.960015504354168,-23.24775233807505,-24.405973807037473,-25.44815388926849,-26.38606690470774,-27.2301875671776,-27.98990443927076,-28.67365691494826,-29.289038841529216,-29.842885234995055,-30.34134838641199,-30.789965920479414,-31.193722036387076,-31.557102696687217,-31.88414536149542,-32.178483790875774,-32.443388390626986,-32.68180253594811,-32.89637526897553,-33.0894907295704,-33.263294644427994,-33.41971816791114,-33.56049933908023,-33.68720239314061,-33.80123514179542,-33.90386461558358,-33.99623114199181,-34.07936101575848,-34.15417790214805,-34.22151309989844,-34.28211477787367,-34.33665628805132,-34.38574364721119,-34.42992227045505,-34.46968303137453,-34.50546771620205,-34.53767393254682,-34.566659527257116,-34.59274656249637,-34.61622489421171,-34.63735539275552,-34.65637284144494,-34.67348854526542,-34.68889267870385,-34.70275639879844,-34.71523374688357,-34.72646336016019,-34.73657001210914,-34.74566599886321,-34.75385238694186,-34.76122013621265,-34.76785111055636,-34.773818987465695,-34.7791900766841,-34.78402405698067,-34.78837463924757,-34.79229016328779,-34.79581413492399,-34.79898570939656,-34.80184012642188,-34.80440910174467,-34.806721179535174,-34.80880204954663,-34.81067483255694,-34.81236033726622,-34.813877291504575,-34.81524255031909,-34.816471283252156,-34.81757714289191,-34.8185724165677,-34.8194681628759,-34.82027433455328,-34.820999889062925,-34.821652888121605,-34.82224058727442,-34.822769516511954,-34.82324555282573,-34.82367398550813,-34.824059574922295,-34.82440660539505,-34.82471893282051,-34.82500002750344,-34.825253012718065,-34.82548069941123,-34.825685617435084,-34.82587004365655,-34.82603602725587,-34.826185412495256,-34.82631985921071,-34.82644086125461,-34.82654976309412,-34.82664777474968,-34.826735985239694,-34.8268153746807,-34.8268868251776,-34.82695113062481,-34.82700900552731,-34.82706109293955
45,0,-3.8066624897703196,-7.1676265684092915,-10.159872073936956,-12.833858760839522,-15.164149873316378,-17.195799742788587,-18.989123086438987,-20.587649434793285,-22.020439431014424,-23.307917342822236,-24.466014256746256,-25.508137766644303,-26.446026129890328,-27.29013641996348,-28.049849075103353,-28.73359990027963,-29.348981210492603,-29.902827388277558,-30.401290471710013,-30.849907988486187,-31.2536641025371,-31.617044764572107,-31.94408743124658,-32.238425861911985,-32.503330462417985,-32.741744608145865,-32.95631734138043,-33.149432802076426,-33.323236716981754,-33.47966024048678,-33.62044141166563,-33.747144465730244,-33.86117721438685,-33.96380668817574,-34.056173214584256,-34.139303088351035,-34.21411997474065,-34.28145517249104,-34.342056850466285,-34.396598360643935,-34.445685719803805,-34.48986434304767,-34.52962510396714,-34.56540978879467,-34.59761600513943,-34.62660159984973,-34.65268863508899,-34.67616696680433,-34.69729746534813,-34.716314914037554,-34.73343061785803,-34.748834751296464,-34.762698471391055,-34.77517581947619,-34.7864054327528,-34.79651208470176,-34.80560807145582,-34.81379445953448,-34.82116220880526,-34.82779318314897,-34.83376106005831,-34.839132149276715,-34.84396612957328,-34.848316711840184,-34.8522322358804,-34.8557562075166,-34.85892778198917,-34.86178219901449,-34.86435117433728,-34.866663252127786,-34.86874412213925,-34.870616905149554,-34.87230240985883,-34.87381936409719,-34.8751846229117,-34.87641335584477,-34.877519215484526,-34.87851448916031,-34.87941023546851,-34.880216407145895,-34.880941961655545,-34.881594960714224,-34.88218265986704,-34.882711589104574,-34.88318762541835,-34.883616058100756,-34.884001647514914,-34.88434867798766,-34.88466100541313,-34.884942100096055,-34.88519508531068,-34.88542277200385,-34.885627690027704,-34.88581211624916,-34.88597809984849,-34.886127485087876,-34.886261931803325,-34.88638293384722,-34.88649183568674,-34.8865898473423,-34.886678057832306,-34.88675744727331,-34.886828897770215,-34.88689320321743,-34.88695107811992,-34.887003165532164
46,0,-3.828641396489095,-7.205725120167021,-10.209388692502362,-12.891193307836966,-15.224884827936746,-17.2566310315175,-19.04893182328957,-20.646526238752074,-22.078753785380243,-23.365945620450958,-24.523909181966417,-25.565973769431054,-26.503837109513206,-27.34793714193421,-28.10764574480629,-28.791395038053984,-29.406775802300743,-29.960621802384615,-30.459084837126895,-30.907702345998075,-31.311458462603554,-31.674839128385834,-32.001881797819834,-32.2962202301563,-32.56112483157934,-32.799538977780124,-33.01411171124786,-33.20722717205479,-33.38103108701133,-33.53745461053934,-33.67823578172824,-33.80493883579713,-33.9189715844555,-34.0216010582451,-34.11396758465389,-34.19709745842077,-34.27191434481041,-34.33924954256083,-34.399851220536064,-34.45439273071372,-34.503480089873584,-34.54765871311745,-34.58741947403693,-34.623204158864446,-34.655410375209215,-34.68439596991951,-34.71048300515877,-34.73396133687411,-34.755091835417915,-34.77410928410733,-34.79122498792781,-34.80662912136625,-34.82049284146084,-34.832970189545975,-34.84419980282259,-34.854306454771546,-34.8634024415256,-34.871588829604256,-34.87895657887505,-34.885587553218755,-34.891555430128086,-34.89692651934649,-34.90176049964306,-34.90611108190997,-34.91002660595018,-34.91355057758638,-34.91672215205895,-34.91957656908427,-34.92214554440706,-34.924457622197565,-34.926538492209026,-34.92841127521934,-34.93009677992862,-34.93161373416697,-34.93297899298148,-34.93420772591455,-34.935313585554304,-34.93630885923009,-34.9372046055383,-34.93801077721568,-34.93873633172533,-34.939389330784,-34.93997702993682,-34.94050595917435,-34.94098199548813,-34.941410428170535,-34.9417960175847,-34.94214304805744,-34.94245537548291,-34.94273647016583,-34.94298945538046,-34.943217142073635,-34.94342206009748,-34.94360648631895,-34.94377246991827,-34.943921855157654,-34.944056301873104,-34.94417730391701,-34.944286205756526,-34.944384217412086,-34.94447242790209,-34.9445518173431,-34.944623267839994,-34.94468757328721,-34.94474544818971,-34.94479753560195
47,0,-3.8501476017100584,-7.243036571991776,-10.257921811823243,-12.947424100210295,-15.28432015788498,-17.315838878004893,-19.106811836580313,-20.703288691559546,-22.13487323843077,-23.42175076507231,-24.579572682512342,-25.62157654122702,-26.559414827297566,-27.403504897961785,-28.163209702634536,-28.84695762463,-29.462337932484246,-30.016183801330552,-30.5146468103314,-30.96326432221534,-31.367020446409406,-31.730401118195832,-32.05744379137435,-32.35178222580025,-32.61668682831292,-32.855100975055485,-33.069673708782766,-33.26278916971023,-33.43659308472118,-33.5930166082731,-33.73379777947225,-33.860500833545395,-33.97453358220549,-34.077163055995754,-34.16952958240479,-34.25265945617175,-34.32747634256142,-34.394811540311835,-34.45541321828708,-34.509954728464734,-34.5590420876246,-34.60322071086846,-34.642981471787934,-34.67876615661545,-34.71097237296022,-34.73995796767051,-34.76604500290978,-34.789523334625116,-34.81065383316892,-34.82967128185834,-34.84678698567882,-34.862191119117256,-34.87605483921185,-34.888532187296974,-34.89976180057359,-34.90986845252255,-34.91896443927661,-34.92715082735526,-34.934518576626054,-34.94114955096976,-34.94711742787909,-34.9524885170975,-34.95732249739407,-34.961673079660976,-34.965588603701185,-34.969112575337384,-34.972284149809965,-34.97513856683528,-34.977707542158065,-34.98001961994858,-34.98210048996003,-34.983973272970346,-34.985658777679625,-34.98717573191798,-34.98854099073249,-34.98976972366555,-34.99087558330532,-34.9918708569811,-34.992766603289304,-34.993572774966694,-34.99429832947634,-34.994951328535016,-34.99553902768783,-34.99606795692536,-34.996543993239136,-34.99697242592154,-34.997358015335706,-34.997705045808445,-34.998017373233914,-34.99829846791684,-34.99855145313147,-34.99877913982464,-34.99898405784849,-34.999168484069955,-34.99933446766928,-34.99948385290866,-34.99961829962411,-34.999739301668015,-34.99984820350753,-34.99994621516309,-35.0000344256531,-35.0001138150941,-35.000185265591,-35.00024957103822,-35.00030744594071,-35.00035953335295
48,0,-3.871201010907891,-7.27959192957675,-10.305507748025374,-13.002589276675774,-15.342480827718724,-17.373401030026923,-19.162681242025222,-20.757817880498443,-22.18866760313515,-23.47520123446865,-24.632873899454562,-25.67481591650332,-26.61262954281956,-27.456710172382152,-28.216411543737554,-28.900158307496316,-29.515538272473407,-30.06938406720039,-30.567847078028223,-31.01646460579307,-31.420220743409743,-31.78360142377446,-32.11064410180323,-32.404982538780374,-32.66988714256962,-32.90830128992689,-33.12287402394086,-33.315989484998276,-33.48979340006658,-33.646216923643166,-33.7869980948526,-33.913701148929924,-34.02773389759164,-34.130363371382515,-34.222729897791766,-34.305859771558794,-34.38067665794848,-34.448011855698894,-34.50861353367413,-34.563155043851786,-34.61224240301164,-34.65642102625551,-34.69618178717498,-34.731966472002505,-34.76417268834727,-34.79315828305757,-34.819245318296836,-34.84272365001217,-34.86385414855597,-34.88287159724539,-34.89998730106587,-34.9153914345043,-34.9292551545989,-34.941732502684026,-34.952962115960645,-34.9630687679096,-34.97216475466366,-34.980351142742315,-34.9877188920131,-34.99434986635681,-35.00031774326615,-35.00568883248455,-35.01052281278112,-35.01487339504803,-35.018788919088244,-35.022312890724436,-35.02548446519702,-35.028338882222336,-35.030907857545124,-35.03321993533563,-35.035300805347084,-35.0371735883574,-35.03885909306668,-35.040376047305024,-35.04174130611955,-35.04297003905261,-35.04407589869237,-35.045071172368154,-35.045966918676356,-35.04677309035374,-35.04749864486338,-35.04815164392207,-35.04873934307488,-35.04926827231241,-35.04974430862619,-35.05017274130859,-35.05055833072275,-35.0509053611955,-35.051217688620966,-35.05149878330389,-35.05175176851852,-35.051979455211686,-35.052184373235534,-35.05236879945701,-35.05253478305632,-35.05268416829571,-35.05281861501116,-35.05293961705507,-35.05304851889458,-35.05314653055014,-35.05323474104015,-35.053314130481155,-35.05338558097806,-35.05344988642527,-35.05350776132776,-35.05355984874001
49,0,-3.8918202981106265,-7.315420317756604,-10.352180648628204,-13.056724689713064,-15.399387248492788,-17.429276439771332,-19.216412179185753,-20.809927870996017,-22.239933773752156,-23.526091922066296,-24.683608608711705,-25.7254885704924,-26.663278483799374,-27.50735048750815,-28.267048937391742,-28.950794826250313,-29.56617459446361,-30.120020386892712,-30.618483433579296,-31.06710099286199,-31.470857150889316,-31.834237842872934,-32.16128052703942,-32.455618967097145,-32.72052357237338,-32.95893772042558,-33.17351045475517,-33.366625915952135,-33.54042983108052,-33.69685335468225,-33.8376345259019,-33.96433757998322,-34.07837032864643,-34.18099980243783,-34.273366328847246,-34.35649620261431,-34.43131308900401,-34.49864828675442,-34.55924996472965,-34.6137914749073,-34.66287883406716,-34.70705745731102,-34.746818218230494,-34.78260290305801,-34.81480911940279,-34.84379471411308,-34.869881749352345,-34.89336008106768,-34.91449057961148,-34.9335080283009,-34.950623732121386,-34.966027865559816,-34.97989158565441,-34.992368933739534,-35.00359854701615,-35.013705198965106,-35.02280118571917,-35.03098757379782,-35.038355323068615,-35.04498629741232,-35.05095417432166,-35.05632526354006,-35.06115924383663,-35.06550982610354,-35.06942535014375,-35.072949321779944,-35.076120896252526,-35.078975313277844,-35.08154428860063,-35.08385636639114,-35.0859372364026,-35.087810019412906,-35.089495524122185,-35.09101247836054,-35.092377737175056,-35.09360647010812,-35.09471232974788,-35.09570760342366,-35.096603349731865,-35.09740952140925,-35.0981350759189,-35.09878807497758,-35.09937577413039,-35.099904703367926,-35.100380739681704,-35.1008091723641,-35.10119476177827,-35.10154179225101,-35.10185411967648,-35.1021352143594,-35.10238819957404,-35.1026158862672,-35.10282080429105,-35.10300523051252,-35.10317121411184,-35.10332059935122,-35.10345504606668,-35.103576048110575,-35.10368494995009,-35.10378296160565,-35.10387117209566,-35.103950561536664,-35.10402201203357,-35.10408631748078,-35.10414419238327,-35.10419627979552
50,0,-3.912023005428146,-7.350549124261011,-10.397972649673262,-13.109864060514072,-15.45505489472387,-17.483397815238398,-19.267800477958218,-20.859310140253502,-22.288332960568354,-23.574080294264256,-24.73143529850197,-25.773254195398724,-26.71102211686653,-27.555086737774293,-28.314782998002055,-28.998528403355937,-29.613908172196503,-30.16775405778081,-30.66621718496235,-31.11483479603745,-31.518590983439086,-31.88197169090039,-32.20901438282021,-32.50335282661445,-32.768257433634496,-33.006671582477644,-33.221244317156504,-33.41435977850365,-33.58816369369483,-33.74458721732202,-33.88536838855161,-34.01207144263664,-34.126104191301145,-34.228733665092946,-34.32110019150247,-34.404230065269545,-34.47904695165922,-34.546382149409624,-34.60698382738485,-34.661525337562495,-34.71061269672235,-34.75479131996621,-34.79455208088568,-34.830336765713206,-34.862542982057974,-34.89152857676827,-34.91761561200753,-34.94109394372286,-34.96222444226667,-34.98124189095609,-34.99835759477657,-35.013761728215,-35.02762544830959,-35.04010279639473,-35.05133240967134,-35.0614390616203,-35.07053504837435,-35.07872143645301,-35.0860891857238,-35.09272016006751,-35.09868803697685,-35.10405912619525,-35.10889310649182,-35.11324368875873,-35.117159212798946,-35.12068318443514,-35.12385475890772,-35.12670917593304,-35.12927815125582,-35.13159022904633,-35.133671099057786,-35.13554388206809,-35.13722938677738,-35.138746341015725,-35.14011159983025,-35.14134033276331,-35.14244619240307,-35.143441466078855,-35.14433721238706,-35.14514338406444,-35.14586893857408,-35.14652193763277,-35.14710963678558,-35.14763856602311,-35.14811460233689,-35.148543035019294,-35.14892862443345,-35.1492756549062,-35.14958798233167,-35.14986907701459,-35.15012206222922,-35.15034974892239,-35.15055466694624,-35.15073909316771,-35.150905076767025,-35.15105446200641,-35.15118890872186,-35.15130991076577,-35.15141881260528,-35.15151682426084,-35.15160503475085,-35.151684424191856,-35.15175587468876,-35.15182018013597,-35.15187805503846,-35.15193014245071
51,0,-3.9318256327243257,-7.385004129365605,-10.442914017493084,-13.162039118252338,-15.50949373006044,-17.53565859339422,-19.316496614766574,-20.9053791100991,-22.333211178910656,-23.618502541423535,-24.775690737831855,-25.81745126935176,-26.75520019630548,-27.599259441657345,-28.358954658926407,-29.042700184376308,-29.658080255230452,-30.2119263786788,-30.71038965364504,-31.15900734692871,-31.562763577091353,-31.926144305767252,-32.253187007830846,-32.54752545632684,-32.81243006546607,-33.050844215239294,-33.26541695031554,-33.45853241182771,-33.632336327085255,-33.78875985073812,-33.929541021977165,-34.056244076065425,-34.17027682473091,-34.27290629852293,-34.365272824932454,-34.44840269869949,-34.52321958508914,-34.59055478283952,-34.651156460814725,-34.70569797099237,-34.754785330152224,-34.79896395339608,-34.83872471431555,-34.87450939914307,-34.90671561548784,-34.93570121019813,-34.9617882454374,-34.985266577152736,-35.00639707569653,-35.02541452438596,-35.04253022820644,-35.057934361644875,-35.07179808173946,-35.084275429824594,-35.09550504310121,-35.105611695050165,-35.11470768180423,-35.12289406988288,-35.13026181915367,-35.13689279349738,-35.14286067040671,-35.14823175962512,-35.153065739921686,-35.157416322188595,-35.161331846228805,-35.164855817865,-35.168027392337585,-35.170881809362896,-35.173450784685684,-35.1757628624762,-35.17784373248765,-35.179716515497965,-35.181402020207244,-35.1829189744456,-35.18428423326011,-35.18551296619317,-35.18661882583294,-35.18761409950872,-35.188509845816924,-35.18931601749431,-35.190041572003956,-35.190694571062636,-35.19128227021545,-35.19181119945298,-35.192287235766756,-35.19271566844916,-35.193101257863326,-35.193448288336064,-35.19376061576153,-35.19404171044446,-35.19429469565909,-35.19452238235226,-35.19472730037611,-35.194911726597574,-35.1950777101969,-35.19522709543628,-35.19536154215173,-35.19548254419563,-35.195591446035145,-35.19568945769071,-35.19577766818071,-35.195857057621716,-35.19592850811862,-35.19599281356584,-35.19605068846833,-35.19610277588057
52,0,-3.9512437185814275,-7.418809622998822,-10.487033276734458,-13.213279725177564,-15.56270736544487,-17.58588802755531,-19.340463321091118,-20.917111923731063,-22.341470763412413,-23.625821100413482,-24.782813246073204,-25.824574987490386,-26.762360411094612,-27.606450501174795,-28.36616528510185,-29.04992179298279,-29.665307603904488,-30.21915658383812,-30.717621227711945,-31.166239556684058,-31.569996073857318,-31.93337692870684,-32.26041968477517,-32.55475815574137,-32.81966277393787,-33.058076927225784,-33.27264966360043,-33.465765125559535,-33.639569040953745,-33.79599256463874,-33.93677373587919,-34.06347678996245,-34.17750953862332,-34.2801390124123,-34.372505538820064,-34.455635412586176,-34.53045229897535,-34.5977874967255,-34.65838917470061,-34.7129306848782,-34.76201804403803,-34.80619666728188,-34.845957428201345,-34.881742113028864,-34.91394832937364,-34.942933924083924,-34.96902095932319,-34.99249929103853,-35.013629789582325,-35.03264723827175,-35.04976294209223,-35.06516707553067,-35.07903079562526,-35.091508143710385,-35.102737756987004,-35.112844408935956,-35.12194039569002,-35.130126783768674,-35.13749453303946,-35.144125507383166,-35.15009338429251,-35.15546447351092,-35.16029845380748,-35.16464903607438,-35.1685645601146,-35.1720885317508,-35.17526010622338,-35.17811452324869,-35.18068349857148,-35.18299557636199,-35.185076446373444,-35.18694922938376,-35.188634734093036,-35.19015168833138,-35.1915169471459,-35.19274568007897,-35.19385153971873,-35.194846813394506,-35.195742559702715,-35.1965487313801,-35.19727428588974,-35.19792728494843,-35.19851498410124,-35.19904391333877,-35.199519949652554,-35.19994838233495,-35.20033397174911,-35.200681002221856,-35.20099332964733,-35.20127442433025,-35.20152740954488,-35.201755096238045,-35.2019600142619,-35.202144440483366,-35.20231042408268,-35.20245980932208,-35.202594256037514,-35.202715258081426,-35.20282415992094,-35.2029221715765,-35.20301038206651,-35.20308977150751,-35.20316122200442,-35.20322552745163,-35.203283402354124,-35.20333548976637
53,0,-3.970291913552122,-7.451988510655177,-10.530357326032506,-13.263613988819026,-15.614691828440208,-17.601853316403187,-19.340463321091118,-20.917111923731063,-22.341470763412413,-23.625821100413482,-24.782813246073204,-25.824574987490386,-26.762360411094612,-27.606450501174795,-28.36616528510185,-29.04992179298279,-29.665307603904488,-30.21915658383812,-30.717621227711945,-31.166239556684058,-31.569996073857318,-31.93337692870684,-32.26041968477517,-32.55475815574137,-32.81966277393787,-33.058076927225784,-33.27264966360043,-33.465765125559535,-33.639569040953745,-33.79599256463874,-33.93677373587919,-34.06347678996245,-34.17750953862332,-34.2801390124123,-34.372505538820064,-34.455635412586176,-34.53045229897535,-34.5977874967255,-34.65838917470061,-34.7129306848782,-34.76201804403803,-34.80619666728188,-34.845957428201345,-34.881742113028864,-34.91394832937364,-34.942933924083924,-34.96902095932319,-34.99249929103853,-35.013629789582325,-35.03264723827175,-35.04976294209223,-35.06516707553067,-35.07903079562526,-35.091508143710385,-35.102737756987004,-35.112844408935956,-35.12194039569002,-35.130126783768674,-35.13749453303946,-35.144125507383166,-35.15009338429251,-35.15546447351092,-35.16029845380748,-35.16464903607438,-35.1685645601146,-35.1720885317508,-35.17526010622338,-35.17811452324869,-35.18068349857148,-35.18299557636199,-35.185076446373444,-35.18694922938376,-35.188634734093036,-35.19015168833138,-35.1915169471459,-35.19274568007897,-35.19385153971873,-35.194846813394506,-35.195742559702715,-35.1965487313801,-35.19727428588974,-35.19792728494843,-35.19851498410124,-35.19904391333877,-35.199519949652554,-35.19994838233495,-35.20033397174911,-35.200681002221856,-35.20099332964733,-35.20127442433025,-35.20152740954488,-35.201755096238045,-35.2019600142619,-35.202144440483366,-35.20231042408268,-35.20245980932208,-35.202594256037514,-35.202715258081426,-35.20282415992094,-35.2029221715765,-35.20301038206651,-35.20308977150751,-35.20316122200442,-35.20322552745163,-35.203283402354124,-35.20333548976637
54,0,-3.9889840465642745,-7.484562409286858,-10.572911542544206,-13.31306836238572,-15.665433743800367,-17.601853316403187,-19.340463321091118,-20.917111923731063,-22.341470763412413,-23.625821100413482,-24.782813246073204,-25.824574987490386,-26.762360411094612,-27.606450501174795,-28.36616528510185,-29.04992179298279,-29.665307603904488,-30.21915658383812,-30.717621227711945,-31.166239556684058,-31.569996073857318,-31.93337692870684,-32.26041968477517,-32.55475815574137,-32.81966277393787,-33.058076927225784,-33.27264966360043,-33.465765125559535,-33.639569040953745,-33.79599256463874,-33.93677373587919,-34.06347678996245,-34.17750953862332,-34.2801390124123,-34.372505538820064,-34.455635412586176,-34.53045229897535,-34.5977874967255,-34.65838917470061,-34.7129306848782,-34.76201804403803,-34.80619666728188,-34.845957428201345,-34.881742113028864,-34.91394832937364,-34.942933924083924,-34.96902095932319,-34.99249929103853,-35.013629789582325,-35.03264723827175,-35.04976294209223,-35.06516707553067,-35.07903079562526,-35.091508143710385,-35.102737756987004,-35.112844408935956,-35.12194039569002,-35.130126783768674,-35.13749453303946,-35.144125507383166,-35.15009338429251,-35.15546447351092,-35.16029845380748,-35.16464903607438,-35.1685645601146,-35.1720885317508,-35.17526010622338,-35.17811452324869,-35.18068349857148,-35.18299557636199,-35.185076446373444,-35.18694922938376,-35.188634734093036,-35.19015168833138,-35.1915169471459,-35.19274568007897,-35.19385153971873,-35.194846813394506,-35.195742559702715,-35.1965487313801,-35.19727428588974,-35.19792728494843,-35.19851498410124,-35.19904391333877,-35.199519949652554,-35.19994838233495,-35.20033397174911,-35.200681002221856,-35.20099332964733,-35.20127442433025,-35.20152740954488,-35.201755096238045,-35.2019600142619,-35.202144440483366,-35.20231042408268,-35.20245980932208,-35.202594256037514,-35.202715258081426,-35.20282415992094,-35.2029221715765,-35.20301038206651,-35.20308977150751,-35.20316122200442,-35.20322552745163,-35.203283402354124,-35.20333548976637
55,0,-4.007333185232471,-7.516551734191469,-10.614719876385841,-13.361667734275208,-15.699018819086652,-17.601853316403187,-19.340463321091118,-20.917111923731063,-22.341470763412413,-23.625821100413482,-24.782813246073204,-25.824574987490386,-26.762360411094612,-27.606450501174795,-28.36616528510185,-29.04992179298279,-29.665307603904488,-30.21915658383812,-30.717621227711945,-31.166239556684058,-31.569996073857318,-31.93337692870684,-32.26041968477517,-32.55475815574137,-32.81966277393787,-33.058076927225784,-33.27264966360043,-33.465765125559535,-33.639569040953745,-33.79599256463874,-33.93677373587919,-34.06347678996245,-34.17750953862332,-34.2801390124123,-34.372505538820064,-34.455635412586176,-34.53045229897535,-34.5977874967255,-34.65838917470061,-34.7129306848782,-34.76201804403803,-34.80619666728188,-34.845957428201345,-34.881742113028864,-34.91394832937364,-34.942933924083924,-34.96902095932319,-34.99249929103853,-35.013629789582325,-35.03264723827175,-35.04976294209223,-35.06516707553067,-35.07903079562526,-35.091508143710385,-35.102737756987004,-35.112844408935956,-35.12194039569002,-35.130126783768674,-35.13749453303946,-35.144125507383166,-35.15009338429251,-35.15546447351092,-35.16029845380748,-35.16464903607438,-35.1685645601146,-35.1720885317508,-35.17526010622338,-35.17811452324869,-35.18068349857148,-35.18299557636199,-35.185076446373444,-35.18694922938376,-35.188634734093036,-35.19015168833138,-35.1915169471459,-35.19274568007897,-35.19385153971873,-35.194846813394506,-35.195742559702715,-35.1965487313801,-35.19727428588974,-35.19792728494843,-35.19851498410124,-35.19904391333877,-35.199519949652554,-35.19994838233495,-35.20033397174911,-35.200681002221856,-35.20099332964733,-35.20127442433025,-35.20152740954488,-35.201755096238045,-35.2019600142619,-35.202144440483366,-35.20231042408268,-35.20245980932208,-35.202594256037514,-35.202715258081426,-35.20282415992094,-35.2029221715765,-35.20301038206651,-35.20308977150751,-35.20316122200442,-35.20322552745163,-35.203283402354124,-35.20333548976637
56,0,-4.02535169073515,-7.547975777779913,-10.655804935874729,-13.409435507441865,-15.699018819086652,-17.601853316403187,-19.340463321091118,-20.917111923731063,-22.341470763412413,-23.625821100413482,-24.782813246073204,-25.824574987490386,-26.762360411094612,-27.606450501174795,-28.36616528510185,-29.04992179298279,-29.665307603904488,-30.21915658383812,-30.717621227711945,-31.166239556684058,-31.569996073857318,-31.93337692870684,-32.26041968477517,-32.55475815574137,-32.81966277393787,-33.058076927225784,-33.27264966360043,-33.465765125559535,-33.639569040953745,-33.79599256463874,-33.93677373587919,-34.06347678996245,-34.17750953862332,-34.2801390124123,-34.372505538820064,-34.455635412586176,-34.53045229897535,-34.5977874967255,-34.65838917470061,-34.7129306848782,-34.76201804403803,-34.80619666728188,-34.845957428201345,-34.881742113028864,-34.91394832937364,-34.942933924083924,-34.96902095932319,-34.99249929103853,-35.013629789582325,-35.03264723827175,-35.04976294209223,-35.06516707553067,-35.07903079562526,-35.091508143710385,-35.102737756987004,-35.112844408935956,-35.12194039569002,-35.130126783768674,-35.13749453303946,-35.144125507383166,-35.15009338429251,-35.15546447351092,-35.16029845380748,-35.16464903607438,-35.1685645601146,-35.1720885317508,-35.17526010622338,-35.17811452324869,-35.18068349857148,-35.18299557636199,-35.185076446373444,-35.18694922938376,-35.188634734093036,-35.19015168833138,-35.1915169471459,-35.19274568007897,-35.19385153971873,-35.194846813394506,-35.195742559702715,-35.1965487313801,-35.19727428588974,-35.19792728494843,-35.19851498410124,-35.19904391333877,-35.199519949652554,-35.19994838233495,-35.20033397174911,-35.200681002221856,-35.20099332964733,-35.20127442433025,-35.20152740954488,-35.201755096238045,-35.2019600142619,-35.202144440483366,-35.20231042408268,-35.20245980932208,-35.202594256037514,-35.202715258081426,-35.20282415992094,-35.2029221715765,-35.20301038206651,-35.20308977150751,-35.20316122200442,-35.20322552745163,-35.203283402354124,-35.20333548976637
57,0,-4.04305126783455,-7.578852780991607,-10.696188064347687,-13.45639366922478,-15.699018819086652,-17.601853316403187,-19.340463321091118,-20.917111923731063,-22.341470763412413,-23.625821100413482,-24.782813246073204,-25.824574987490386,-26.762360411094612,-27.606450501174795,-28.36616528510185,-29.04992179298279,-29.665307603904488,-30.21915658383812,-30.717621227711945,-31.166239556684058,-31.569996073857318,-31.93337692870684,-32.26041968477517,-32.55475815574137,-32.81966277393787,-33.058076927225784,-33.27264966360043,-33.465765125559535,-33.639569040953745,-33.79599256463874,-33.93677373587919,-34.06347678996245,-34.17750953862332,-34.2801390124123,-34.372505538820064,-34.455635412586176,-34.53045229897535,-34.5977874967255,-34.65838917470061,-34.7129306848782,-34.76201804403803,-34.80619666728188,-34.845957428201345,-34.881742113028864,-34.91394832937364,-34.942933924083924,-34.96902095932319,-34.99249929103853,-35.013629789582325,-35.03264723827175,-35.04976294209223,-35.06516707553067,-35.07903079562526,-35.091508143710385,-35.102737756987004,-35.112844408935956,-35.12194039569002,-35.130126783768674,-35.13749453303946,-35.144125507383166,-35.15009338429251,-35.15546447351092,-35.16029845380748,-35.16464903607438,-35.1685645601146,-35.1720885317508,-35.17526010622338,-35.17811452324869,-35.18068349857148,-35.18299557636199,-35.185076446373444,-35.18694922938376,-35.188634734093036,-35.19015168833138,-35.1915169471459,-35.19274568007897,-35.19385153971873,-35.194846813394506,-35.195742559702715,-35.1965487313801,-35.19727428588974,-35.19792728494843,-35.19851498410124,-35.19904391333877,-35.199519949652554,-35.19994838233495,-35.20033397174911,-35.200681002221856,-35.20099332964733,-35.20127442433025,-35.20152740954488,-35.201755096238045,-35.2019600142619,-35.202144440483366,-35.20231042408268,-35.20245980932208,-35.202594256037514,-35.202715258081426,-35.20282415992094,-35.2029221715765,-35.20301038206651,-35.20308977150751,-35.20316122200442,-35.20322552745163,-35.203283402354124,-35.20333548976637
58,0,-4.060443010546419,-7.609199998021363,-10.735889409213852,-13.502562852091295,-15.699018819086652,-17.601853316403187,-19.340463321091118,-20.917111923731063,-22.341470763412413,-23.625821100413482,-24.782813246073204,-25.824574987490386,-26.762360411094612,-27.606450501174795,-28.36616528510185,-29.04992179298279,-29.665307603904488,-30.21915658383812,-30.717621227711945,-31.166239556684058,-31.569996073857318,-31.93337692870684,-32.26041968477517,-32.55475815574137,-32.81966277393787,-33.058076927225784,-33.27264966360043,-33.465765125559535,-33.639569040953745,-33.79599256463874,-33.93677373587919,-34.06347678996245,-34.17750953862332,-34.2801390124123,-34.372505538820064,-34.455635412586176,-34.53045229897535,-34.5977874967255,-34.65838917470061,-34.7129306848782,-34.76201804403803,-34.80619666728188,-34.845957428201345,-34.881742113028864,-34.91394832937364,-34.942933924083924,-34.96902095932319,-34.99249929103853,-35.013629789582325,-35.03264723827175,-35.04976294209223,-35.06516707553067,-35.07903079562526,-35.091508143710385,-35.102737756987004,-35.112844408935956,-35.12194039569002,-35.130126783768674,-35.13749453303946,-35.144125507383166,-35.15009338429251,-35.15546447351092,-35.16029845380748,-35.16464903607438,-35.1685645601146,-35.1720885317508,-35.17526010622338,-35.17811452324869,-35.18068349857148,-35.18299557636199,-35.185076446373444,-35.18694922938376,-35.188634734093036,-35.19015168833138,-35.1915169471459,-35.19274568007897,-35.19385153971873,-35.194846813394506,-35.195742559702715,-35.1965487313801,-35.19727428588974,-35.19792728494843,-35.19851498410124,-35.19904391333877,-35.199519949652554,-35.19994838233495,-35.20033397174911,-35.200681002221856,-35.20099332964733,-35.20127442433025,-35.20152740954488,-35.201755096238045,-35.2019600142619,-35.202144440483366,-35.20231042408268,-35.20245980932208,-35.202594256037514,-35.202715258081426,-35.20282415992094,-35.2029221715765,-35.20301038206651,-35.20308977150751,-35.20316122200442,-35.20322552745163,-35.203283402354124,-35.20333548976637
59,0,-4.07753744390572,-7.639033754930881,-10.77492798379501,-13.547962385609743,-15.699018819086652,-17.601853316403187,-19.340463321091118,-20.917111923731063,-22.341470763412413,-23.625821100413482,-24.782813246073204,-25.824574987490386,-26.762360411094612,-27.606450501174795,-28.36616528510185,-29.04992179298279,-29.665307603904488,-30.21915658383812,-30.717621227711945,-31.166239556684058,-31.569996073857318,-31.93337692870684,-32.26041968477517,-32.55475815574137,-32.81966277393787,-33.058076927225784,-33.27264966360043,-33.465765125559535,-33.639569040953745,-33.79599256463874,-33.93677373587919,-34.06347678996245,-34.17750953862332,-34.2801390124123,-34.372505538820064,-34.455635412586176,-34.53045229897535,-34.5977874967255,-34.65838917470061,-34.7129306848782,-34.76201804403803,-34.80619666728188,-34.845957428201345,-34.881742113028864,-34.91394832937364,-34.942933924083924,-34.96902095932319,-34.99249929103853,-35.013629789582325,-35.03264723827175,-35.04976294209223,-35.06516707553067,-35.07903079562526,-35.091508143710385,-35.102737756987004,-35.112844408935956,-35.12194039569002,-35.130126783768674,-35.13749453303946,-35.144125507383166,-35.15009338429251,-35.15546447351092,-35.16029845380748,-35.16464903607438,-35.1685645601146,-35.1720885317508,-35.17526010622338,-35.17811452324869,-35.18068349857148,-35.18299557636199,-35.185076446373444,-35.18694922938376,-35.188634734093036,-35.19015168833138,-35.1915169471459,-35.19274568007897,-35.19385153971873,-35.194846813394506,-35.195742559702715,-35.1965487313801,-35.19727428588974,-35.19792728494843,-35.19851498410124,-35.19904391333877,-35.199519949652554,-35.19994838233495,-35.20033397174911,-35.200681002221856,-35.20099332964733,-35.20127442433025,-35.20152740954488,-35.201755096238045,-35.2019600142619,-35.202144440483366,-35.20231042408268,-35.20245980932208,-35.202594256037514,-35.202715258081426,-35.20282415992094,-35.2029221715765,-35.20301038206651,-35.20308977150751,-35.20316122200442,-35.20322552745163,-35.203283402354124,-35.20333548976637
60,0,-4.0943445622221,-7.668369502635826,-10.813321722410084,-13.59261033981997,-15.699018819086652,-17.601853316403187,-19.340463321091118,-20.917111923731063,-22.341470763412413,-23.625821100413482,-24.782813246073204,-25.824574987490386,-26.762360411094612,-27.606450501174795,-28.36616528510185,-29.04992179298279,-29.665307603904488,-30.21915658383812,-30.717621227711945,-31.166239556684058,-31.569996073857318,-31.93337692870684,-32.26041968477517,-32.55475815574137,-32.81966277393787,-33.058076927225784,-33.27264966360043,-33.465765125559535,-33.639569040953745,-33.79599256463874,-33.93677373587919,-34.06347678996245,-34.17750953862332,-34.2801390124123,-34.372505538820064,-34.455635412586176,-34.53045229897535,-34.5977874967255,-34.65838917470061,-34.7129306848782,-34.76201804403803,-34.80619666728188,-34.845957428201345,-34.881742113028864,-34.91394832937364,-34.942933924083924,-34.96902095932319,-34.99249929103853,-35.013629789582325,-35.03264723827175,-35.04976294209223,-35.06516707553067,-35.07903079562526,-35.091508143710385,-35.102737756987004,-35.112844408935956,-35.12194039569002,-35.130126783768674,-35.13749453303946,-35.144125507383166,-35.15009338429251,-35.15546447351092,-35.16029845380748,-35.16464903607438,-35.1685645601146,-35.1720885317508,-35.17526010622338,-35.17811452324869,-35.18068349857148,-35.18299557636199,-35.185076446373444,-35.18694922938376,-35.188634734093036,-35.19015168833138,-35.1915169471459,-35.19274568007897,-35.19385153971873,-35.194846813394506,-35.195742559702715,-35.1965487313801,-35.19727428588974,-35.19792728494843,-35.19851498410124,-35.19904391333877,-35.199519949652554,-35.19994838233495,-35.20033397174911,-35.200681002221856,-35.20099332964733,-35.20127442433025,-35.20152740954488,-35.201755096238045,-35.2019600142619,-35.202144440483366,-35.20231042408268,-35.20245980932208,-35.202594256037514,-35.202715258081426,-35.20282415992094,-35.2029221715765,-35.20301038206651,-35.20308977150751,-35.20316122200442,-35.20322552745163,-35.203283402354124,-35.20333548976637
61,0,-4.110873864173311,-7.6972218646846775,-10.851087529069208,-13.636523560016975,-15.699018819086652,-17.601853316403187,-19.340463321091118,-20.917111923731063,-22.341470763412413,-23.625821100413482,-24.782813246073204,-25.824574987490386,-26.762360411094612,-27.606450501174795,-28.36616528510185,-29.04992179298279,-29.665307603904488,-30.21915658383812,-30.717621227711945,-31.166239556684058,-31.569996073857318,-31.93337692870684,-32.26041968477517,-32.55475815574137,-32.81966277393787,-33.058076927225784,-33.27264966360043,-33.465765125559535,-33.639569040953745,-33.79599256463874,-33.93677373587919,-34.06347678996245,-34.17750953862332,-34.2801390124123,-34.372505538820064,-34.455635412586176,-34.53045229897535,-34.5977874967255,-34.65838917470061,-34.7129306848782,-34.76201804403803,-34.80619666728188,-34.845957428201345,-34.881742113028864,-34.91394832937364,-34.942933924083924,-34.96902095932319,-34.99249929103853,-35.013629789582325,-35.03264723827175,-35.04976294209223,-35.06516707553067,-35.07903079562526,-35.091508143710385,-35.102737756987004,-35.112844408935956,-35.12194039569002,-35.130126783768674,-35.13749453303946,-35.144125507383166,-35.15009338429251,-35.15546447351092,-35.16029845380748,-35.16464903607438,-35.1685645601146,-35.1720885317508,-35.17526010622338,-35.17811452324869,-35.18068349857148,-35.18299557636199,-35.185076446373444,-35.18694922938376,-35.188634734093036,-35.19015168833138,-35.1915169471459,-35.19274568007897,-35.19385153971873,-35.194846813394506,-35.195742559702715,-35.1965487313801,-35.19727428588974,-35.19792728494843,-35.19851498410124,-35.19904391333877,-35.199519949652554,-35.19994838233495,-35.20033397174911,-35.200681002221856,-35.20099332964733,-35.20127442433025,-35.20152740954488,-35.201755096238045,-35.2019600142619,-35.202144440483366,-35.20231042408268,-35.20245980932208,-35.202594256037514,-35.202715258081426,-35.20282415992094,-35.2029221715765,-35.20301038206651,-35.20308977150751,-35.20316122200442,-35.20322552745163,-35.203283402354124,-35.20333548976637
62,0,-4.127134385045092,-7.725604680176419,-10.88824132005492,-13.661963968939094,-15.699018819086652,-17.601853316403187,-19.340463321091118,-20.917111923731063,-22.341470763412413,-23.625821100413482,-24.782813246073204,-25.824574987490386,-26.762360411094612,-27.606450501174795,-28.36616528510185,-29.04992179298279,-29.665307603904488,-30.21915658383812,-30.717621227711945,-31.166239556684058,-31.569996073857318,-31.93337692870684,-32.26041968477517,-32.55475815574137,-32.81966277393787,-33.058076927225784,-33.27264966360043,-33.465765125559535,-33.639569040953745,-33.79599256463874,-33.93677373587919,-34.06347678996245,-34.17750953862332,-34.2801390124123,-34.372505538820064,-34.455635412586176,-34.53045229897535,-34.5977874967255,-34.65838917470061,-34.7129306848782,-34.76201804403803,-34.80619666728188,-34.845957428201345,-34.881742113028864,-34.91394832937364,-34.942933924083924,-34.96902095932319,-34.99249929103853,-35.013629789582325,-35.03264723827175,-35.04976294209223,-35.06516707553067,-35.07903079562526,-35.091508143710385,-35.102737756987004,-35.112844408935956,-35.12194039569002,-35.130126783768674,-35.13749453303946,-35.144125507383166,-35.15009338429251,-35.15546447351092,-35.16029845380748,-35.16464903607438,-35.1685645601146,-35.1720885317508,-35.17526010622338,-35.17811452324869,-35.18068349857148,-35.18299557636199,-35.185076446373444,-35.18694922938376,-35.188634734093036,-35.19015168833138,-35.1915169471459,-35.19274568007897,-35.19385153971873,-35.194846813394506,-35.195742559702715,-35.1965487313801,-35.19727428588974,-35.19792728494843,-35.19851498410124,-35.19904391333877,-35.199519949652554,-35.19994838233495,-35.20033397174911,-35.200681002221856,-35.20099332964733,-35.20127442433025,-35.20152740954488,-35.201755096238045,-35.2019600142619,-35.202144440483366,-35.20231042408268,-35.20245980932208,-35.202594256037514,-35.202715258081426,-35.20282415992094,-35.2029221715765,-35.20301038206651,-35.20308977150751,-35.20316122200442,-35.20322552745163,-35.203283402354124,-35.20333548976637
63,0,-4.143134726391533,-7.753531042098781,-10.924798060580969,-13.661963968939094,-15.699018819086652,-17.601853316403187,-19.340463321091118,-20.917111923731063,-22.341470763412413,-23.625821100413482,-24.782813246073204,-25.824574987490386,-26.762360411094612,-27.606450501174795,-28.36616528510185,-29.04992179298279,-29.665307603904488,-30.21915658383812,-30.717621227711945,-31.166239556684058,-31.569996073857318,-31.93337692870684,-32.26041968477517,-32.55475815574137,-32.81966277393787,-33.058076927225784,-33.27264966360043,-33.465765125559535,-33.639569040953745,-33.79599256463874,-33.93677373587919,-34.06347678996245,-34.17750953862332,-34.2801390124123,-34.372505538820064,-34.455635412586176,-34.53045229897535,-34.5977874967255,-34.65838917470061,-34.7129306848782,-34.76201804403803,-34.80619666728188,-34.845957428201345,-34.881742113028864,-34.91394832937364,-34.942933924083924,-34.96902095932319,-34.99249929103853,-35.013629789582325,-35.03264723827175,-35.04976294209223,-35.06516707553067,-35.07903079562526,-35.091508143710385,-35.102737756987004,-35.112844408935956,-35.12194039569002,-35.130126783768674,-35.13749453303946,-35.144125507383166,-35.15009338429251,-35.15546447351092,-35.16029845380748,-35.16464903607438,-35.1685645601146,-35.1720885317508,-35.17526010622338,-35.17811452324869,-35.18068349857148,-35.18299557636199,-35.185076446373444,-35.18694922938376,-35.188634734093036,-35.19015168833138,-35.1915169471459,-35.19274568007897,-35.19385153971873,-35.194846813394506,-35.195742559702715,-35.1965487313801,-35.19727428588974,-35.19792728494843,-35.19851498410124,-35.19904391333877,-35.199519949652554,-35.19994838233495,-35.20033397174911,-35.200681002221856,-35.20099332964733,-35.20127442433025,-35.20152740954488,-35.201755096238045,-35.2019600142619,-35.202144440483366,-35.20231042408268,-35.20245980932208,-35.202594256037514,-35.202715258081426,-35.20282415992094,-35.2029221715765,-35.20301038206651,-35.20308977150751,-35.20316122200442,-35.20322552745163,-35.203283402354124,-35.20333548976637
64,0,-4.1588830833596715,-7.7810133313055525,-10.960771795630379,-13.661963968939094,-15.699018819086652,-17.601853316403187,-19.340463321091118,-20.917111923731063,-22.341470763412413,-23.625821100413482,-24.782813246073204,-25.824574987490386,-26.762360411094612,-27.606450501174795,-28.36616528510185,-29.04992179298279,-29.665307603904488,-30.21915658383812,-30.717621227711945,-31.166239556684058,-31.569996073857318,-31.93337692870684,-32.26041968477517,-32.55475815574137,-32.81966277393787,-33.058076927225784,-33.27264966360043,-33.465765125559535,-33.639569040953745,-33.79599256463874,-33.93677373587919,-34.06347678996245,-34.17750953862332,-34.2801390124123,-34.372505538820064,-34.455635412586176,-34.53045229897535,-34.5977874967255,-34.65838917470061,-34.7129306848782,-34.76201804403803,-34.80619666728188,-34.845957428201345,-34.881742113028864,-34.91394832937364,-34.942933924083924,-34.96902095932319,-34.99249929103853,-35.013629789582325,-35.03264723827175,-35.04976294209223,-35.06516707553067,-35.07903079562526,-35.091508143710385,-35.102737756987004,-35.112844408935956,-35.12194039569002,-35.130126783768674,-35.13749453303946,-35.144125507383166,-35.15009338429251,-35.15546447351092,-35.16029845380748,-35.16464903607438,-35.1685645601146,-35.1720885317508,-35.17526010622338,-35.17811452324869,-35.18068349857148,-35.18299557636199,-35.185076446373444,-35.18694922938376,-35.188634734093036,-35.19015168833138,-35.1915169471459,-35.19274568007897,-35.19385153971873,-35.194846813394506,-35.195742559702715,-35.1965487313801,-35.19727428588974,-35.19792728494843,-35.19851498410124,-35.19904391333877,-35.199519949652554,-35.19994838233495,-35.20033397174911,-35.200681002221856,-35.20099332964733,-35.20127442433025,-35.20152740954488,-35.201755096238045,-35.2019600142619,-35.202144440483366,-35.20231042408268,-35.20245980932208,-35.202594256037514,-35.202715258081426,-35.20282415992094,-35.2029221715765,-35.20301038206651,-35.20308977150751,-35.20316122200442,-35.20322552745163,-35.203283402354124,-35.20333548976637
65,0,-4.174387269895637,-7.808063246288588,-10.996175674981412,-13.661963968939094,-15.699018819086652,-17.601853316403187,-19.340463321091118,-20.917111923731063,-22.341470763412413,-23.625821100413482,-24.782813246073204,-25.824574987490386,-26.762360411094612,-27.606450501174795,-28.36616528510185,-29.04992179298279,-29.665307603904488,-30.21915658383812,-30.717621227711945,-31.166239556684058,-31.569996073857318,-31.93337692870684,-32.26041968477517,-32.55475815574137,-32.81966277393787,-33.058076927225784,-33.27264966360043,-33.465765125559535,-33.639569040953745,-33.79599256463874,-33.93677373587919,-34.06347678996245,-34.17750953862332,-34.2801390124123,-34.372505538820064,-34.455635412586176,-34.53045229897535,-34.5977874967255,-34.65838917470061,-34.7129306848782,-34.76201804403803,-34.80619666728188,-34.845957428201345,-34.881742113028864,-34.91394832937364,-34.942933924083924,-34.96902095932319,-34.99249929103853,-35.013629789582325,-35.03264723827175,-35.04976294209223,-35.06516707553067,-35.07903079562526,-35.091508143710385,-35.102737756987004,-35.112844408935956,-35.12194039569002,-35.130126783768674,-35.13749453303946,-35.144125507383166,-35.15009338429251,-35.15546447351092,-35.16029845380748,-35.16464903607438,-35.1685645601146,-35.1720885317508,-35.17526010622338,-35.17811452324869,-35.18068349857148,-35.18299557636199,-35.185076446373444,-35.18694922938376,-35.188634734093036,-35.19015168833138,-35.1915169471459,-35.19274568007897,-35.19385153971873,-35.194846813394506,-35.195742559702715,-35.1965487313801,-35.19727428588974,-35.19792728494843,-35.19851498410124,-35.19904391333877,-35.199519949652554,-35.19994838233495,-35.20033397174911,-35.200681002221856,-35.20099332964733,-35.20127442433025,-35.20152740954488,-35.201755096238045,-35.2019600142619,-35.202144440483366,-35.20231042408268,-35.20245980932208,-35.202594256037514,-35.202715258081426,-35.20282415992094,-35.2029221715765,-35.20301038206651,-35.20308977150751,-35.20316122200442,-35.20322552745163,-35.203283402354124,-35.20333548976637
66,0,-4.189654742026425,-7.834691828835767,-11.031021972329249,-13.661963968939094,-15.699018819086652,-17.601853316403187,-19.340463321091118,-20.917111923731063,-22.341470763412413,-23.625821100413482,-24.782813246073204,-25.824574987490386,-26.762360411094612,-27.606450501174795,-28.36616528510185,-29.04992179298279,-29.665307603904488,-30.21915658383812,-30.717621227711945,-31.166239556684058,-31.569996073857318,-31.93337692870684,-32.26041968477517,-32.55475815574137,-32.81966277393787,-33.058076927225784,-33.27264966360043,-33.465765125559535,-33.639569040953745,-33.79599256463874,-33.93677373587919,-34.06347678996245,-34.17750953862332,-34.2801390124123,-34.372505538820064,-34.455635412586176,-34.53045229897535,-34.5977874967255,-34.65838917470061,-34.7129306848782,-34.76201804403803,-34.80619666728188,-34.845957428201345,-34.881742113028864,-34.91394832937364,-34.942933924083924,-34.96902095932319,-34.99249929103853,-35.013629789582325,-35.03264723827175,-35.04976294209223,-35.06516707553067,-35.07903079562526,-35.091508143710385,-35.102737756987004,-35.112844408935956,-35.12194039569002,-35.130126783768674,-35.13749453303946,-35.144125507383166,-35.15009338429251,-35.15546447351092,-35.16029845380748,-35.16464903607438,-35.1685645601146,-35.1720885317508,-35.17526010622338,-35.17811452324869,-35.18068349857148,-35.18299557636199,-35.185076446373444,-35.18694922938376,-35.188634734093036,-35.19015168833138,-35.1915169471459,-35.19274568007897,-35.19385153971873,-35.194846813394506,-35.195742559702715,-35.1965487313801,-35.19727428588974,-35.19792728494843,-35.19851498410124,-35.19904391333877,-35.199519949652554,-35.19994838233495,-35.20033397174911,-35.200681002221856,-35.20099332964733,-35.20127442433025,-35.20152740954488,-35.201755096238045,-35.2019600142619,-35.202144440483366,-35.20231042408268,-35.20245980932208,-35.202594256037514,-35.202715258081426,-35.20282415992094,-35.2029221715765,-35.20301038206651,-35.20308977150751,-35.20316122200442,-35.20322552745163,-35.203283402354124,-35.20333548976637
67,0,-4.204692619390966,-7.860909485597962,-11.065322098299223,-13.661963968939094,-15.699018819086652,-17.601853316403187,-19.340463321091118,-20.917111923731063,-22.341470763412413,-23.625821100413482,-24.782813246073204,-25.824574987490386,-26.762360411094612,-27.606450501174795,-28.36616528510185,-29.04992179298279,-29.665307603904488,-30.21915658383812,-30.717621227711945,-31.166239556684058,-31.569996073857318,-31.93337692870684,-32.26041968477517,-32.55475815574137,-32.81966277393787,-33.058076927225784,-33.27264966360043,-33.465765125559535,-33.639569040953745,-33.79599256463874,-33.93677373587919,-34.06347678996245,-34.17750953862332,-34.2801390124123,-34.372505538820064,-34.455635412586176,-34.53045229897535,-34.5977874967255,-34.65838917470061,-34.7129306848782,-34.76201804403803,-34.80619666728188,-34.845957428201345,-34.881742113028864,-34.91394832937364,-34.942933924083924,-34.96902095932319,-34.99249929103853,-35.013629789582325,-35.03264723827175,-35.04976294209223,-35.06516707553067,-35.07903079562526,-35.091508143710385,-35.102737756987004,-35.112844408935956,-35.12194039569002,-35.130126783768674,-35.13749453303946,-35.144125507383166,-35.15009338429251,-35.15546447351092,-35.16029845380748,-35.16464903607438,-35.1685645601146,-35.1720885317508,-35.17526010622338,-35.17811452324869,-35.18068349857148,-35.18299557636199,-35.185076446373444,-35.18694922938376,-35.188634734093036,-35.19015168833138,-35.1915169471459,-35.19274568007897,-35.19385153971873,-35.194846813394506,-35.195742559702715,-35.1965487313801,-35.19727428588974,-35.19792728494843,-35.19851498410124,-35.19904391333877,-35.199519949652554,-35.19994838233495,-35.20033397174911,-35.200681002221856,-35.20099332964733,-35.20127442433025,-35.20152740954488,-35.201755096238045,-35.2019600142619,-35.202144440483366,-35.20231042408268,-35.20245980932208,-35.202594256037514,-35.202715258081426,-35.20282415992094,-35.2029221715765,-35.20301038206651,-35.20308977150751,-35.20316122200442,-35.20322552745163,-35.203283402354124,-35.20333548976637
68,0,-4.219507705176107,-7.886726005513604,-11.099086607019176,-13.661963968939094,-15.699018819086652,-17.601853316403187,-19.340463321091118,-20.917111923731063,-22.341470763412413,-23.625821100413482,-24.782813246073204,-25.824574987490386,-26.762360411094612,-27.606450501174795,-28.36616528510185,-29.04992179298279,-29.665307603904488,-30.21915658383812,-30.717621227711945,-31.166239556684058,-31.569996073857318,-31.93337692870684,-32.26041968477517,-32.55475815574137,-32.81966277393787,-33.058076927225784,-33.27264966360043,-33.465765125559535,-33.639569040953745,-33.79599256463874,-33.93677373587919,-34.06347678996245,-34.17750953862332,-34.2801390124123,-34.372505538820064,-34.455635412586176,-34.53045229897535,-34.5977874967255,-34.65838917470061,-34.7129306848782,-34.76201804403803,-34.80619666728188,-34.845957428201345,-34.881742113028864,-34.91394832937364,-34.942933924083924,-34.96902095932319,-34.99249929103853,-35.013629789582325,-35.03264723827175,-35.04976294209223,-35.06516707553067,-35.07903079562526,-35.091508143710385,-35.102737756987004,-35.112844408935956,-35.12194039569002,-35.130126783768674,-35.13749453303946,-35.144125507383166,-35.15009338429251,-35.15546447351092,-35.16029845380748,-35.16464903607438,-35.1685645601146,-35.1720885317508,-35.17526010622338,-35.17811452324869,-35.18068349857148,-35.18299557636199,-35.185076446373444,-35.18694922938376,-35.188634734093036,-35.19015168833138,-35.1915169471459,-35.19274568007897,-35.19385153971873,-35.194846813394506,-35.195742559702715,-35.1965487313801,-35.19727428588974,-35.19792728494843,-35.19851498410124,-35.19904391333877,-35.199519949652554,-35.19994838233495,-35.20033397174911,-35.200681002221856,-35.20099332964733,-35.20127442433025,-35.20152740954488,-35.201755096238045,-35.2019600142619,-35.202144440483366,-35.20231042408268,-35.20245980932208,-35.202594256037514,-35.202715258081426,-35.20282415992094,-35.2029221715765,-35.20301038206651,-35.20308977150751,-35.20316122200442,-35.20322552745163,-35.203283402354124,-35.20333548976637
69,0,-4.23410650459726,-7.912150572955447,-11.132325195768619,-13.661963968939094,-15.699018819086652,-17.601853316403187,-19.340463321091118,-20.917111923731063,-22.341470763412413,-23.625821100413482,-24.782813246073204,-25.824574987490386,-26.762360411094612,-27.606450501174795,-28.36616528510185,-29.04992179298279,-29.665307603904488,-30.21915658383812,-30.717621227711945,-31.166239556684058,-31.569996073857318,-31.93337692870684,-32.26041968477517,-32.55475815574137,-32.81966277393787,-33.058076927225784,-33.27264966360043,-33.465765125559535,-33.639569040953745,-33.79599256463874,-33.93677373587919,-34.06347678996245,-34.17750953862332,-34.2801390124123,-34.372505538820064,-34.455635412586176,-34.53045229897535,-34.5977874967255,-34.65838917470061,-34.7129306848782,-34.76201804403803,-34.80619666728188,-34.845957428201345,-34.881742113028864,-34.91394832937364,-34.942933924083924,-34.96902095932319,-34.99249929103853,-35.013629789582325,-35.03264723827175,-35.04976294209223,-35.06516707553067,-35.07903079562526,-35.091508143710385,-35.102737756987004,-35.112844408935956,-35.12194039569002,-35.130126783768674,-35.13749453303946,-35.144125507383166,-35.15009338429251,-35.15546447351092,-35.16029845380748,-35.16464903607438,-35.1685645601146,-35.1720885317508,-35.17526010622338,-35.17811452324869,-35.18068349857148,-35.18299557636199,-35.185076446373444,-35.18694922938376,-35.188634734093036,-35.19015168833138,-35.1915169471459,-35.19274568007897,-35.19385153971873,-35.194846813394506,-35.195742559702715,-35.1965487313801,-35.19727428588974,-35.19792728494843,-35.19851498410124,-35.19904391333877,-35.199519949652554,-35.19994838233495,-35.20033397174911,-35.200681002221856,-35.20099332964733,-35.20127442433025,-35.20152740954488,-35.201755096238045,-35.2019600142619,-35.202144440483366,-35.20231042408268,-35.20245980932208,-35.202594256037514,-35.202715258081426,-35.20282415992094,-35.2029221715765,-35.20301038206651,-35.20308977150751,-35.20316122200442,-35.20322552745163,-35.203283402354124,-35.20333548976637
70,0,-4.248495242049359,-7.937191776366638,-11.165046697042722,-13.661963968939094,-15.699018819086652,-17.601853316403187,-19.340463321091118,-20.917111923731063,-22.341470763412413,-23.625821100413482,-24.782813246073204,-25.824574987490386,-26.762360411094612,-27.606450501174795,-28.36616528510185,-29.04992179298279,-29.665307603904488,-30.21915658383812,-30.717621227711945,-31.166239556684058,-31.569996073857318,-31.93337692870684,-32.26041968477517,-32.55475815574137,-32.81966277393787,-33.058076927225784,-33.27264966360043,-33.465765125559535,-33.639569040953745,-33.79599256463874,-33.93677373587919,-34.06347678996245,-34.17750953862332,-34.2801390124123,-34.372505538820064,-34.455635412586176,-34.53045229897535,-34.5977874967255,-34.65838917470061,-34.7129306848782,-34.76201804403803,-34.80619666728188,-34.845957428201345,-34.881742113028864,-34.91394832937364,-34.942933924083924,-34.96902095932319,-34.99249929103853,-35.013629789582325,-35.03264723827175,-35.04976294209223,-35.06516707553067,-35.07903079562526,-35.091508143710385,-35.102737756987004,-35.112844408935956,-35.12194039569002,-35.130126783768674,-35.13749453303946,-35.144125507383166,-35.15009338429251,-35.15546447351092,-35.16029845380748,-35.16464903607438,-35.1685645601146,-35.1720885317508,-35.17526010622338,-35.17811452324869,-35.18068349857148,-35.18299557636199,-35.185076446373444,-35.18694922938376,-35.188634734093036,-35.19015168833138,-35.1915169471459,-35.19274568007897,-35.19385153971873,-35.194846813394506,-35.195742559702715,-35.1965487313801,-35.19727428588974,-35.19792728494843,-35.19851498410124,-35.19904391333877,-35.199519949652554,-35.19994838233495,-35.20033397174911,-35.200681002221856,-35.20099332964733,-35.20127442433025,-35.20152740954488,-35.201755096238045,-35.2019600142619,-35.202144440483366,-35.20231042408268,-35.20245980932208,-35.202594256037514,-35.202715258081426,-35.20282415992094,-35.2029221715765,-35.20301038206651,-35.20308977150751,-35.20316122200442,-35.20322552745163,-35.203283402354124,-35.20333548976637
71,0,-4.2626798770413155,-7.961857612037074,-11.197259062150405,-13.661963968939094,-15.699018819086652,-17.601853316403187,-19.340463321091118,-20.917111923731063,-22.341470763412413,-23.625821100413482,-24.782813246073204,-25.824574987490386,-26.762360411094612,-27.606450501174795,-28.36616528510185,-29.04992179298279,-29.665307603904488,-30.21915658383812,-30.717621227711945,-31.166239556684058,-31.569996073857318,-31.93337692870684,-32.26041968477517,-32.55475815574137,-32.81966277393787,-33.058076927225784,-33.27264966360043,-33.465765125559535,-33.639569040953745,-33.79599256463874,-33.93677373587919,-34.06347678996245,-34.17750953862332,-34.2801390124123,-34.372505538820064,-34.455635412586176,-34.53045229897535,-34.5977874967255,-34.65838917470061,-34.7129306848782,-34.76201804403803,-34.80619666728188,-34.845957428201345,-34.881742113028864,-34.91394832937364,-34.942933924083924,-34.96902095932319,-34.99249929103853,-35.013629789582325,-35.03264723827175,-35.04976294209223,-35.06516707553067,-35.07903079562526,-35.091508143710385,-35.102737756987004,-35.112844408935956,-35.12194039569002,-35.130126783768674,-35.13749453303946,-35.144125507383166,-35.15009338429251,-35.15546447351092,-35.16029845380748,-35.16464903607438,-35.1685645601146,-35.1720885317508,-35.17526010622338,-35.17811452324869,-35.18068349857148,-35.18299557636199,-35.185076446373444,-35.18694922938376,-35.188634734093036,-35.19015168833138,-35.1915169471459,-35.19274568007897,-35.19385153971873,-35.194846813394506,-35.195742559702715,-35.1965487313801,-35.19727428588974,-35.19792728494843,-35.19851498410124,-35.19904391333877,-35.199519949652554,-35.19994838233495,-35.20033397174911,-35.200681002221856,-35.20099332964733,-35.20127442433025,-35.20152740954488,-35.201755096238045,-35.2019600142619,-35.202144440483366,-35.20231042408268,-35.20245980932208,-35.202594256037514,-35.202715258081426,-35.20282415992094,-35.2029221715765,-35.20301038206651,-35.20308977150751,-35.20316122200442,-35.20322552745163,-35.203283402354124,-35.20333548976637
72,0,-4.276666119016055,-7.986155482529465,-11.22896933519466,-13.661963968939094,-15.699018819086652,-17.601853316403187,-19.340463321091118,-20.917111923731063,-22.341470763412413,-23.625821100413482,-24.782813246073204,-25.824574987490386,-26.762360411094612,-27.606450501174795,-28.36616528510185,-29.04992179298279,-29.665307603904488,-30.21915658383812,-30.717621227711945,-31.166239556684058,-31.569996073857318,-31.93337692870684,-32.26041968477517,-32.55475815574137,-32.81966277393787,-33.058076927225784,-33.27264966360043,-33.465765125559535,-33.639569040953745,-33.79599256463874,-33.93677373587919,-34.06347678996245,-34.17750953862332,-34.2801390124123,-34.372505538820064,-34.455635412586176,-34.53045229897535,-34.5977874967255,-34.65838917470061,-34.7129306848782,-34.76201804403803,-34.80619666728188,-34.845957428201345,-34.881742113028864,-34.91394832937364,-34.942933924083924,-34.96902095932319,-34.99249929103853,-35.013629789582325,-35.03264723827175,-35.04976294209223,-35.06516707553067,-35.07903079562526,-35.091508143710385,-35.102737756987004,-35.112844408935956,-35.12194039569002,-35.130126783768674,-35.13749453303946,-35.144125507383166,-35.15009338429251,-35.15546447351092,-35.16029845380748,-35.16464903607438,-35.1685645601146,-35.1720885317508,-35.17526010622338,-35.17811452324869,-35.18068349857148,-35.18299557636199,-35.185076446373444,-35.18694922938376,-35.188634734093036,-35.19015168833138,-35.1915169471459,-35.19274568007897,-35.19385153971873,-35.194846813394506,-35.195742559702715,-35.1965487313801,-35.19727428588974,-35.19792728494843,-35.19851498410124,-35.19904391333877,-35.199519949652554,-35.19994838233495,-35.20033397174911,-35.200681002221856,-35.20099332964733,-35.20127442433025,-35.20152740954488,-35.201755096238045,-35.2019600142619,-35.202144440483366,-35.20231042408268,-35.20245980932208,-35.202594256037514,-35.202715258081426,-35.20282415992094,-35.2029221715765,-35.20301038206651,-35.20308977150751,-35.20316122200442,-35.20322552745163,-35.203283402354124,-35.20333548976637
73,0,-4.290459441148391,-8.010092189088416,-11.26018361594231,-13.661963968939094,-15.699018819086652,-17.601853316403187,-19.340463321091118,-20.917111923731063,-22.341470763412413,-23.625821100413482,-24.782813246073204,-25.824574987490386,-26.762360411094612,-27.606450501174795,-28.36616528510185,-29.04992179298279,-29.665307603904488,-30.21915658383812,-30.717621227711945,-31.166239556684058,-31.569996073857318,-31.93337692870684,-32.26041968477517,-32.55475815574137,-32.81966277393787,-33.058076927225784,-33.27264966360043,-33.465765125559535,-33.639569040953745,-33.79599256463874,-33.93677373587919,-34.06347678996245,-34.17750953862332,-34.2801390124123,-34.372505538820064,-34.455635412586176,-34.53045229897535,-34.5977874967255,-34.65838917470061,-34.7129306848782,-34.76201804403803,-34.80619666728188,-34.845957428201345,-34.881742113028864,-34.91394832937364,-34.942933924083924,-34.96902095932319,-34.99249929103853,-35.013629789582325,-35.03264723827175,-35.04976294209223,-35.06516707553067,-35.07903079562526,-35.091508143710385,-35.102737756987004,-35.112844408935956,-35.12194039569002,-35.130126783768674,-35.13749453303946,-35.144125507383166,-35.15009338429251,-35.15546447351092,-35.16029845380748,-35.16464903607438,-35.1685645601146,-35.1720885317508,-35.17526010622338,-35.17811452324869,-35.18068349857148,-35.18299557636199,-35.185076446373444,-35.18694922938376,-35.188634734093036,-35.19015168833138,-35.1915169471459,-35.19274568007897,-35.19385153971873,-35.194846813394506,-35.195742559702715,-35.1965487313801,-35.19727428588974,-35.19792728494843,-35.19851498410124,-35.19904391333877,-35.199519949652554,-35.19994838233495,-35.20033397174911,-35.200681002221856,-35.20099332964733,-35.20127442433025,-35.20152740954488,-35.201755096238045,-35.2019600142619,-35.202144440483366,-35.20231042408268,-35.20245980932208,-35.202594256037514,-35.202715258081426,-35.20282415992094,-35.2029221715765,-35.20301038206651,-35.20308977150751,-35.20316122200442,-35.20322552745163,-35.203283402354124,-35.20333548976637
74,0,-4.30406509320417,-8.033673917142922,-11.290907009655996,-13.661963968939094,-15.699018819086652,-17.601853316403187,-19.340463321091118,-20.917111923731063,-22.341470763412413,-23.625821100413482,-24.782813246073204,-25.824574987490386,-26.762360411094612,-27.606450501174795,-28.36616528510185,-29.04992179298279,-29.665307603904488,-30.21915658383812,-30.717621227711945,-31.166239556684058,-31.569996073857318,-31.93337692870684,-32.26041968477517,-32.55475815574137,-32.81966277393787,-33.058076927225784,-33.27264966360043,-33.465765125559535,-33.639569040953745,-33.79599256463874,-33.93677373587919,-34.06347678996245,-34.17750953862332,-34.2801390124123,-34.372505538820064,-34.455635412586176,-34.53045229897535,-34.5977874967255,-34.65838917470061,-34.7129306848782,-34.76201804403803,-34.80619666728188,-34.845957428201345,-34.881742113028864,-34.91394832937364,-34.942933924083924,-34.96902095932319,-34.99249929103853,-35.013629789582325,-35.03264723827175,-35.04976294209223,-35.06516707553067,-35.07903079562526,-35.091508143710385,-35.102737756987004,-35.112844408935956,-35.12194039569002,-35.130126783768674,-35.13749453303946,-35.144125507383166,-35.15009338429251,-35.15546447351092,-35.16029845380748,-35.16464903607438,-35.1685645601146,-35.1720885317508,-35.17526010622338,-35.17811452324869,-35.18068349857148,-35.18299557636199,-35.185076446373444,-35.18694922938376,-35.188634734093036,-35.19015168833138,-35.1915169471459,-35.19274568007897,-35.19385153971873,-35.194846813394506,-35.195742559702715,-35.1965487313801,-35.19727428588974,-35.19792728494843,-35.19851498410124,-35.19904391333877,-35.199519949652554,-35.19994838233495,-35.20033397174911,-35.200681002221856,-35.20099332964733,-35.20127442433025,-35.20152740954488,-35.201755096238045,-35.2019600142619,-35.202144440483366,-35.20231042408268,-35.20245980932208,-35.202594256037514,-35.202715258081426,-35.20282415992094,-35.2029221715765,-35.20301038206651,-35.20308977150751,-35.20316122200442,-35.20322552745163,-35.203283402354124,-35.20333548976637
75,0,-4.31748811353631,-8.056906213725876,-11.321143561400941,-13.661963968939094,-15.699018819086652,-17.601853316403187,-19.340463321091118,-20.917111923731063,-22.341470763412413,-23.625821100413482,-24.782813246073204,-25.824574987490386,-26.762360411094612,-27.606450501174795,-28.36616528510185,-29.04992179298279,-29.665307603904488,-30.21915658383812,-30.717621227711945,-31.166239556684058,-31.569996073857318,-31.93337692870684,-32.26041968477517,-32.55475815574137,-32.81966277393787,-33.058076927225784,-33.27264966360043,-33.465765125559535,-33.639569040953745,-33.79599256463874,-33.93677373587919,-34.06347678996245,-34.17750953862332,-34.2801390124123,-34.372505538820064,-34.455635412586176,-34.53045229897535,-34.5977874967255,-34.65838917470061,-34.7129306848782,-34.76201804403803,-34.80619666728188,-34.845957428201345,-34.881742113028864,-34.91394832937364,-34.942933924083924,-34.96902095932319,-34.99249929103853,-35.013629789582325,-35.03264723827175,-35.04976294209223,-35.06516707553067,-35.07903079562526,-35.091508143710385,-35.102737756987004,-35.112844408935956,-35.12194039569002,-35.130126783768674,-35.13749453303946,-35.144125507383166,-35.15009338429251,-35.15546447351092,-35.16029845380748,-35.16464903607438,-35.1685645601146,-35.1720885317508,-35.17526010622338,-35.17811452324869,-35.18068349857148,-35.18299557636199,-35.185076446373444,-35.18694922938376,-35.188634734093036,-35.19015168833138,-35.1915169471459,-35.19274568007897,-35.19385153971873,-35.194846813394506,-35.195742559702715,-35.1965487313801,-35.19727428588974,-35.19792728494843,-35.19851498410124,-35.19904391333877,-35.199519949652554,-35.19994838233495,-35.20033397174911,-35.200681002221856,-35.20099332964733,-35.20127442433025,-35.20152740954488,-35.201755096238045,-35.2019600142619,-35.202144440483366,-35.20231042408268,-35.20245980932208,-35.202594256037514,-35.202715258081426,-35.20282415992094,-35.2029221715765,-35.20301038206651,-35.20308977150751,-35.20316122200442,-35.20322552745163,-35.203283402354124,-35.20333548976637
76,0,-4.330733340286331,-8.079793955259994,-11.350896171607504,-13.661963968939094,-15.699018819086652,-17.601853316403187,-19.340463321091118,-20.917111923731063,-22.341470763412413,-23.625821100413482,-24.782813246073204,-25.824574987490386,-26.762360411094612,-27.606450501174795,-28.36616528510185,-29.04992179298279,-29.665307603904488,-30.21915658383812,-30.717621227711945,-31.166239556684058,-31.569996073857318,-31.93337692870684,-32.26041968477517,-32.55475815574137,-32.81966277393787,-33.058076927225784,-33.27264966360043,-33.465765125559535,-33.639569040953745,-33.79599256463874,-33.93677373587919,-34.06347678996245,-34.17750953862332,-34.2801390124123,-34.372505538820064,-34.455635412586176,-34.53045229897535,-34.5977874967255,-34.65838917470061,-34.7129306848782,-34.76201804403803,-34.80619666728188,-34.845957428201345,-34.881742113028864,-34.91394832937364,-34.942933924083924,-34.96902095932319,-34.99249929103853,-35.013629789582325,-35.03264723827175,-35.04976294209223,-35.06516707553067,-35.07903079562526,-35.091508143710385,-35.102737756987004,-35.112844408935956,-35.12194039569002,-35.130126783768674,-35.13749453303946,-35.144125507383166,-35.15009338429251,-35.15546447351092,-35.16029845380748,-35.16464903607438,-35.1685645601146,-35.1720885317508,-35.17526010622338,-35.17811452324869,-35.18068349857148,-35.18299557636199,-35.185076446373444,-35.18694922938376,-35.188634734093036,-35.19015168833138,-35.1915169471459,-35.19274568007897,-35.19385153971873,-35.194846813394506,-35.195742559702715,-35.1965487313801,-35.19727428588974,-35.19792728494843,-35.19851498410124,-35.19904391333877,-35.199519949652554,-35.19994838233495,-35.20033397174911,-35.200681002221856,-35.20099332964733,-35.20127442433025,-35.20152740954488,-35.201755096238045,-35.2019600142619,-35.202144440483366,-35.20231042408268,-35.20245980932208,-35.202594256037514,-35.202715258081426,-35.20282415992094,-35.2029221715765,-35.20301038206651,-35.20308977150751,-35.20316122200442,-35.20322552745163,-35.203283402354124,-35.20333548976637
77,0,-4.343805421853684,-8.102341303664403,-11.38016648870471,-13.661963968939094,-15.699018819086652,-17.601853316403187,-19.340463321091118,-20.917111923731063,-22.341470763412413,-23.625821100413482,-24.782813246073204,-25.824574987490386,-26.762360411094612,-27.606450501174795,-28.36616528510185,-29.04992179298279,-29.665307603904488,-30.21915658383812,-30.717621227711945,-31.166239556684058,-31.569996073857318,-31.93337692870684,-32.26041968477517,-32.55475815574137,-32.81966277393787,-33.058076927225784,-33.27264966360043,-33.465765125559535,-33.639569040953745,-33.79599256463874,-33.93677373587919,-34.06347678996245,-34.17750953862332,-34.2801390124123,-34.372505538820064,-34.455635412586176,-34.53045229897535,-34.5977874967255,-34.65838917470061,-34.7129306848782,-34.76201804403803,-34.80619666728188,-34.845957428201345,-34.881742113028864,-34.91394832937364,-34.942933924083924,-34.96902095932319,-34.99249929103853,-35.013629789582325,-35.03264723827175,-35.04976294209223,-35.06516707553067,-35.07903079562526,-35.091508143710385,-35.102737756987004,-35.112844408935956,-35.12194039569002,-35.130126783768674,-35.13749453303946,-35.144125507383166,-35.15009338429251,-35.15546447351092,-35.16029845380748,-35.16464903607438,-35.1685645601146,-35.1720885317508,-35.17526010622338,-35.17811452324869,-35.18068349857148,-35.18299557636199,-35.185076446373444,-35.18694922938376,-35.188634734093036,-35.19015168833138,-35.1915169471459,-35.19274568007897,-35.19385153971873,-35.194846813394506,-35.195742559702715,-35.1965487313801,-35.19727428588974,-35.19792728494843,-35.19851498410124,-35.19904391333877,-35.199519949652554,-35.19994838233495,-35.20033397174911,-35.200681002221856,-35.20099332964733,-35.20127442433025,-35.20152740954488,-35.201755096238045,-35.2019600142619,-35.202144440483366,-35.20231042408268,-35.20245980932208,-35.202594256037514,-35.202715258081426,-35.20282415992094,-35.2029221715765,-35.20301038206651,-35.20308977150751,-35.20316122200442,-35.20322552745163,-35.203283402354124,-35.20333548976637
78,0,-4.356708826689592,-8.12455164807228,-11.40895477334921,-13.661963968939094,-15.699018819086652,-17.601853316403187,-19.340463321091118,-20.917111923731063,-22.341470763412413,-23.625821100413482,-24.782813246073204,-25.824574987490386,-26.762360411094612,-27.606450501174795,-28.36616528510185,-29.04992179298279,-29.665307603904488,-30.21915658383812,-30.717621227711945,-31.166239556684058,-31.569996073857318,-31.93337692870684,-32.26041968477517,-32.55475815574137,-32.81966277393787,-33.058076927225784,-33.27264966360043,-33.465765125559535,-33.639569040953745,-33.79599256463874,-33.93677373587919,-34.06347678996245,-34.17750953862332,-34.2801390124123,-34.372505538820064,-34.455635412586176,-34.53045229897535,-34.5977874967255,-34.65838917470061,-34.7129306848782,-34.76201804403803,-34.80619666728188,-34.845957428201345,-34.881742113028864,-34.91394832937364,-34.942933924083924,-34.96902095932319,-34.99249929103853,-35.013629789582325,-35.03264723827175,-35.04976294209223,-35.06516707553067,-35.07903079562526,-35.091508143710385,-35.102737756987004,-35.112844408935956,-35.12194039569002,-35.130126783768674,-35.13749453303946,-35.144125507383166,-35.15009338429251,-35.15546447351092,-35.16029845380748,-35.16464903607438,-35.1685645601146,-35.1720885317508,-35.17526010622338,-35.17811452324869,-35.18068349857148,-35.18299557636199,-35.185076446373444,-35.18694922938376,-35.188634734093036,-35.19015168833138,-35.1915169471459,-35.19274568007897,-35.19385153971873,-35.194846813394506,-35.195742559702715,-35.1965487313801,-35.19727428588974,-35.19792728494843,-35.19851498410124,-35.19904391333877,-35.199519949652554,-35.19994838233495,-35.20033397174911,-35.200681002221856,-35.20099332964733,-35.20127442433025,-35.20152740954488,-35.201755096238045,-35.2019600142619,-35.202144440483366,-35.20231042408268,-35.20245980932208,-35.202594256037514,-35.202715258081426,-35.20282415992094,-35.2029221715765,-35.20301038206651,-35.20308977150751,-35.20316122200442,-35.20322552745163,-35.203283402354124,-35.20333548976637
79,0,-4.3694478524670215,-8.146427528548038,-11.437259727028447,-13.661963968939094,-15.699018819086652,-17.601853316403187,-19.340463321091118,-20.917111923731063,-22.341470763412413,-23.625821100413482,-24.782813246073204,-25.824574987490386,-26.762360411094612,-27.606450501174795,-28.36616528510185,-29.04992179298279,-29.665307603904488,-30.21915658383812,-30.717621227711945,-31.166239556684058,-31.569996073857318,-31.93337692870684,-32.26041968477517,-32.55475815574137,-32.81966277393787,-33.058076927225784,-33.27264966360043,-33.465765125559535,-33.639569040953745,-33.79599256463874,-33.93677373587919,-34.06347678996245,-34.17750953862332,-34.2801390124123,-34.372505538820064,-34.455635412586176,-34.53045229897535,-34.5977874967255,-34.65838917470061,-34.7129306848782,-34.76201804403803,-34.80619666728188,-34.845957428201345,-34.881742113028864,-34.91394832937364,-34.942933924083924,-34.96902095932319,-34.99249929103853,-35.013629789582325,-35.03264723827175,-35.04976294209223,-35.06516707553067,-35.07903079562526,-35.091508143710385,-35.102737756987004,-35.112844408935956,-35.12194039569002,-35.130126783768674,-35.13749453303946,-35.144125507383166,-35.15009338429251,-35.15546447351092,-35.16029845380748,-35.16464903607438,-35.1685645601146,-35.1720885317508,-35.17526010622338,-35.17811452324869,-35.18068349857148,-35.18299557636199,-35.185076446373444,-35.18694922938376,-35.188634734093036,-35.19015168833138,-35.1915169471459,-35.19274568007897,-35.19385153971873,-35.194846813394506,-35.195742559702715,-35.1965487313801,-35.19727428588974,-35.19792728494843,-35.19851498410124,-35.19904391333877,-35.199519949652554,-35.19994838233495,-35.20033397174911,-35.200681002221856,-35.20099332964733,-35.20127442433025,-35.20152740954488,-35.201755096238045,-35.2019600142619,-35.202144440483366,-35.20231042408268,-35.20245980932208,-35.202594256037514,-35.202715258081426,-35.20282415992094,-35.2029221715765,-35.20301038206651,-35.20308977150751,-35.20316122200442,-35.20322552745163,-35.203283402354124,-35.20333548976637
80,0,-4.382026634673881,-8.167970536950193,-11.465078275425842,-13.661963968939094,-15.699018819086652,-17.601853316403187,-19.340463321091118,-20.917111923731063,-22.341470763412413,-23.625821100413482,-24.782813246073204,-25.824574987490386,-26.762360411094612,-27.606450501174795,-28.36616528510185,-29.04992179298279,-29.665307603904488,-30.21915658383812,-30.717621227711945,-31.166239556684058,-31.569996073857318,-31.93337692870684,-32.26041968477517,-32.55475815574137,-32.81966277393787,-33.058076927225784,-33.27264966360043,-33.465765125559535,-33.639569040953745,-33.79599256463874,-33.93677373587919,-34.06347678996245,-34.17750953862332,-34.2801390124123,-34.372505538820064,-34.455635412586176,-34.53045229897535,-34.5977874967255,-34.65838917470061,-34.7129306848782,-34.76201804403803,-34.80619666728188,-34.845957428201345,-34.881742113028864,-34.91394832937364,-34.942933924083924,-34.96902095932319,-34.99249929103853,-35.013629789582325,-35.03264723827175,-35.04976294209223,-35.06516707553067,-35.07903079562526,-35.091508143710385,-35.102737756987004,-35.112844408935956,-35.12194039569002,-35.130126783768674,-35.13749453303946,-35.144125507383166,-35.15009338429251,-35.15546447351092,-35.16029845380748,-35.16464903607438,-35.1685645601146,-35.1720885317508,-35.17526010622338,-35.17811452324869,-35.18068349857148,-35.18299557636199,-35.185076446373444,-35.18694922938376,-35.188634734093036,-35.19015168833138,-35.1915169471459,-35.19274568007897,-35.19385153971873,-35.194846813394506,-35.195742559702715,-35.1965487313801,-35.19727428588974,-35.19792728494843,-35.19851498410124,-35.19904391333877,-35.199519949652554,-35.19994838233495,-35.20033397174911,-35.200681002221856,-35.20099332964733,-35.20127442433025,-35.20152740954488,-35.201755096238045,-35.2019600142619,-35.202144440483366,-35.20231042408268,-35.20245980932208,-35.202594256037514,-35.202715258081426,-35.20282415992094,-35.2029221715765,-35.20301038206651,-35.20308977150751,-35.20316122200442,-35.20322552745163,-35.203283402354124,-35.20333548976637
81,0,-4.394449154672439,-8.189181188350684,-11.492405293616603,-13.661963968939094,-15.699018819086652,-17.601853316403187,-19.340463321091118,-20.917111923731063,-22.341470763412413,-23.625821100413482,-24.782813246073204,-25.824574987490386,-26.762360411094612,-27.606450501174795,-28.36616528510185,-29.04992179298279,-29.665307603904488,-30.21915658383812,-30.717621227711945,-31.166239556684058,-31.569996073857318,-31.93337692870684,-32.26041968477517,-32.55475815574137,-32.81966277393787,-33.058076927225784,-33.27264966360043,-33.465765125559535,-33.639569040953745,-33.79599256463874,-33.93677373587919,-34.06347678996245,-34.17750953862332,-34.2801390124123,-34.372505538820064,-34.455635412586176,-34.53045229897535,-34.5977874967255,-34.65838917470061,-34.7129306848782,-34.76201804403803,-34.80619666728188,-34.845957428201345,-34.881742113028864,-34.91394832937364,-34.942933924083924,-34.96902095932319,-34.99249929103853,-35.013629789582325,-35.03264723827175,-35.04976294209223,-35.06516707553067,-35.07903079562526,-35.091508143710385,-35.102737756987004,-35.112844408935956,-35.12194039569002,-35.130126783768674,-35.13749453303946,-35.144125507383166,-35.15009338429251,-35.15546447351092,-35.16029845380748,-35.16464903607438,-35.1685645601146,-35.1720885317508,-35.17526010622338,-35.17811452324869,-35.18068349857148,-35.18299557636199,-35.185076446373444,-35.18694922938376,-35.188634734093036,-35.19015168833138,-35.1915169471459,-35.19274568007897,-35.19385153971873,-35.194846813394506,-35.195742559702715,-35.1965487313801,-35.19727428588974,-35.19792728494843,-35.19851498410124,-35.19904391333877,-35.199519949652554,-35.19994838233495,-35.20033397174911,-35.200681002221856,-35.20099332964733,-35.20127442433025,-35.20152740954488,-35.201755096238045,-35.2019600142619,-35.202144440483366,-35.20231042408268,-35.20245980932208,-35.202594256037514,-35.202715258081426,-35.20282415992094,-35.2029221715765,-35.20301038206651,-35.20308977150751,-35.20316122200442,-35.20322552745163,-35.203283402354124,-35.20333548976637
82,0,-4.406719247264253,-8.210058753960213,-11.519233255488597,-13.661963968939094,-15.699018819086652,-17.601853316403187,-19.340463321091118,-20.917111923731063,-22.341470763412413,-23.625821100413482,-24.782813246073204,-25.824574987490386,-26.762360411094612,-27.606450501174795,-28.36616528510185,-29.04992179298279,-29.665307603904488,-30.21915658383812,-30.717621227711945,-31.166239556684058,-31.569996073857318,-31.93337692870684,-32.26041968477517,-32.55475815574137,-32.81966277393787,-33.058076927225784,-33.27264966360043,-33.465765125559535,-33.639569040953745,-33.79599256463874,-33.93677373587919,-34.06347678996245,-34.17750953862332,-34.2801390124123,-34.372505538820064,-34.455635412586176,-34.53045229897535,-34.5977874967255,-34.65838917470061,-34.7129306848782,-34.76201804403803,-34.80619666728188,-34.845957428201345,-34.881742113028864,-34.91394832937364,-34.942933924083924,-34.96902095932319,-34.99249929103853,-35.013629789582325,-35.03264723827175,-35.04976294209223,-35.06516707553067,-35.07903079562526,-35.091508143710385,-35.102737756987004,-35.112844408935956,-35.12194039569002,-35.130126783768674,-35.13749453303946,-35.144125507383166,-35.15009338429251,-35.15546447351092,-35.16029845380748,-35.16464903607438,-35.1685645601146,-35.1720885317508,-35.17526010622338,-35.17811452324869,-35.18068349857148,-35.18299557636199,-35.185076446373444,-35.18694922938376,-35.188634734093036,-35.19015168833138,-35.1915169471459,-35.19274568007897,-35.19385153971873,-35.194846813394506,-35.195742559702715,-35.1965487313801,-35.19727428588974,-35.19792728494843,-35.19851498410124,-35.19904391333877,-35.199519949652554,-35.19994838233495,-35.20033397174911,-35.200681002221856,-35.20099332964733,-35.20127442433025,-35.20152740954488,-35.201755096238045,-35.2019600142619,-35.202144440483366,-35.20231042408268,-35.20245980932208,-35.202594256037514,-35.202715258081426,-35.20282415992094,-35.2029221715765,-35.20301038206651,-35.20308977150751,-35.20316122200442,-35.20322552745163,-35.203283402354124,-35.20333548976637
83,0,-4.418840607796598,-8.23060104296205,-11.54555178309755,-13.661963968939094,-15.699018819086652,-17.601853316403187,-19.340463321091118,-20.917111923731063,-22.341470763412413,-23.625821100413482,-24.782813246073204,-25.824574987490386,-26.762360411094612,-27.606450501174795,-28.36616528510185,-29.04992179298279,-29.665307603904488,-30.21915658383812,-30.717621227711945,-31.166239556684058,-31.569996073857318,-31.93337692870684,-32.26041968477517,-32.55475815574137,-32.81966277393787,-33.058076927225784,-33.27264966360043,-33.465765125559535,-33.639569040953745,-33.79599256463874,-33.93677373587919,-34.06347678996245,-34.17750953862332,-34.2801390124123,-34.372505538820064,-34.455635412586176,-34.53045229897535,-34.5977874967255,-34.65838917470061,-34.7129306848782,-34.76201804403803,-34.80619666728188,-34.845957428201345,-34.881742113028864,-34.91394832937364,-34.942933924083924,-34.96902095932319,-34.99249929103853,-35.013629789582325,-35.03264723827175,-35.04976294209223,-35.06516707553067,-35.07903079562526,-35.091508143710385,-35.102737756987004,-35.112844408935956,-35.12194039569002,-35.130126783768674,-35.13749453303946,-35.144125507383166,-35.15009338429251,-35.15546447351092,-35.16029845380748,-35.16464903607438,-35.1685645601146,-35.1720885317508,-35.17526010622338,-35.17811452324869,-35.18068349857148,-35.18299557636199,-35.185076446373444,-35.18694922938376,-35.188634734093036,-35.19015168833138,-35.1915169471459,-35.19274568007897,-35.19385153971873,-35.194846813394506,-35.195742559702715,-35.1965487313801,-35.19727428588974,-35.19792728494843,-35.19851498410124,-35.19904391333877,-35.199519949652554,-35.19994838233495,-35.20033397174911,-35.200681002221856,-35.20099332964733,-35.20127442433025,-35.20152740954488,-35.201755096238045,-35.2019600142619,-35.202144440483366,-35.20231042408268,-35.20245980932208,-35.202594256037514,-35.202715258081426,-35.20282415992094,-35.2029221715765,-35.20301038206651,-35.20308977150751,-35.20316122200442,-35.20322552745163,-35.203283402354124,-35.20333548976637
84,0,-4.430816798843313,-8.250804115454377,-11.57134706194162,-13.661963968939094,-15.699018819086652,-17.601853316403187,-19.340463321091118,-20.917111923731063,-22.341470763412413,-23.625821100413482,-24.782813246073204,-25.824574987490386,-26.762360411094612,-27.606450501174795,-28.36616528510185,-29.04992179298279,-29.665307603904488,-30.21915658383812,-30.717621227711945,-31.166239556684058,-31.569996073857318,-31.93337692870684,-32.26041968477517,-32.55475815574137,-32.81966277393787,-33.058076927225784,-33.27264966360043,-33.465765125559535,-33.639569040953745,-33.79599256463874,-33.93677373587919,-34.06347678996245,-34.17750953862332,-34.2801390124123,-34.372505538820064,-34.455635412586176,-34.53045229897535,-34.5977874967255,-34.65838917470061,-34.7129306848782,-34.76201804403803,-34.80619666728188,-34.845957428201345,-34.881742113028864,-34.91394832937364,-34.942933924083924,-34.96902095932319,-34.99249929103853,-35.013629789582325,-35.03264723827175,-35.04976294209223,-35.06516707553067,-35.07903079562526,-35.091508143710385,-35.102737756987004,-35.112844408935956,-35.12194039569002,-35.130126783768674,-35.13749453303946,-35.144125507383166,-35.15009338429251,-35.15546447351092,-35.16029845380748,-35.16464903607438,-35.1685645601146,-35.1720885317508,-35.17526010622338,-35.17811452324869,-35.18068349857148,-35.18299557636199,-35.185076446373444,-35.18694922938376,-35.188634734093036,-35.19015168833138,-35.1915169471459,-35.19274568007897,-35.19385153971873,-35.194846813394506,-35.195742559702715,-35.1965487313801,-35.19727428588974,-35.19792728494843,-35.19851498410124,-35.19904391333877,-35.199519949652554,-35.19994838233495,-35.20033397174911,-35.200681002221856,-35.20099332964733,-35.20127442433025,-35.20152740954488,-35.201755096238045,-35.2019600142619,-35.202144440483366,-35.20231042408268,-35.20245980932208,-35.202594256037514,-35.202715258081426,-35.20282415992094,-35.2029221715765,-35.20301038206651,-35.20308977150751,-35.20316122200442,-35.20322552745163,-35.203283402354124,-35.20333548976637
85,0,-4.442651256490317,-8.270661900924061,-11.596601073732579,-13.661963968939094,-15.699018819086652,-17.601853316403187,-19.340463321091118,-20.917111923731063,-22.341470763412413,-23.625821100413482,-24.782813246073204,-25.824574987490386,-26.762360411094612,-27.606450501174795,-28.36616528510185,-29.04992179298279,-29.665307603904488,-30.21915658383812,-30.717621227711945,-31.166239556684058,-31.569996073857318,-31.93337692870684,-32.26041968477517,-32.55475815574137,-32.81966277393787,-33.058076927225784,-33.27264966360043,-33.465765125559535,-33.639569040953745,-33.79599256463874,-33.93677373587919,-34.06347678996245,-34.17750953862332,-34.2801390124123,-34.372505538820064,-34.455635412586176,-34.53045229897535,-34.5977874967255,-34.65838917470061,-34.7129306848782,-34.76201804403803,-34.80619666728188,-34.845957428201345,-34.881742113028864,-34.91394832937364,-34.942933924083924,-34.96902095932319,-34.99249929103853,-35.013629789582325,-35.03264723827175,-35.04976294209223,-35.06516707553067,-35.07903079562526,-35.091508143710385,-35.102737756987004,-35.112844408935956,-35.12194039569002,-35.130126783768674,-35.13749453303946,-35.144125507383166,-35.15009338429251,-35.15546447351092,-35.16029845380748,-35.16464903607438,-35.1685645601146,-35.1720885317508,-35.17526010622338,-35.17811452324869,-35.18068349857148,-35.18299557636199,-35.185076446373444,-35.18694922938376,-35.188634734093036,-35.19015168833138,-35.1915169471459,-35.19274568007897,-35.19385153971873,-35.194846813394506,-35.195742559702715,-35.1965487313801,-35.19727428588974,-35.19792728494843,-35.19851498410124,-35.19904391333877,-35.199519949652554,-35.19994838233495,-35.20033397174911,-35.200681002221856,-35.20099332964733,-35.20127442433025,-35.20152740954488,-35.201755096238045,-35.2019600142619,-35.202144440483366,-35.20231042408268,-35.20245980932208,-35.202594256037514,-35.202715258081426,-35.20282415992094,-35.2029221715765,-35.20301038206651,-35.20308977150751,-35.20316122200442,-35.20322552745163,-35.203283402354124,-35.20333548976637
86,0,-4.454347296253507,-8.290165684801867,-11.621290576453573,-13.661963968939094,-15.699018819086652,-17.601853316403187,-19.340463321091118,-20.917111923731063,-22.341470763412413,-23.625821100413482,-24.782813246073204,-25.824574987490386,-26.762360411094612,-27.606450501174795,-28.36616528510185,-29.04992179298279,-29.665307603904488,-30.21915658383812,-30.717621227711945,-31.166239556684058,-31.569996073857318,-31.93337692870684,-32.26041968477517,-32.55475815574137,-32.81966277393787,-33.058076927225784,-33.27264966360043,-33.465765125559535,-33.639569040953745,-33.79599256463874,-33.93677373587919,-34.06347678996245,-34.17750953862332,-34.2801390124123,-34.372505538820064,-34.455635412586176,-34.53045229897535,-34.5977874967255,-34.65838917470061,-34.7129306848782,-34.76201804403803,-34.80619666728188,-34.845957428201345,-34.881742113028864,-34.91394832937364,-34.942933924083924,-34.96902095932319,-34.99249929103853,-35.013629789582325,-35.03264723827175,-35.04976294209223,-35.06516707553067,-35.07903079562526,-35.091508143710385,-35.102737756987004,-35.112844408935956,-35.12194039569002,-35.130126783768674,-35.13749453303946,-35.144125507383166,-35.15009338429251,-35.15546447351092,-35.16029845380748,-35.16464903607438,-35.1685645601146,-35.1720885317508,-35.17526010622338,-35.17811452324869,-35.18068349857148,-35.18299557636199,-35.185076446373444,-35.18694922938376,-35.188634734093036,-35.19015168833138,-35.1915169471459,-35.19274568007897,-35.19385153971873,-35.194846813394506,-35.195742559702715,-35.1965487313801,-35.19727428588974,-35.19792728494843,-35.19851498410124,-35.19904391333877,-35.199519949652554,-35.19994838233495,-35.20033397174911,-35.200681002221856,-35.20099332964733,-35.20127442433025,-35.20152740954488,-35.201755096238045,-35.2019600142619,-35.202144440483366,-35.20231042408268,-35.20245980932208,-35.202594256037514,-35.202715258081426,-35.20282415992094,-35.2029221715765,-35.20301038206651,-35.20308977150751,-35.20316122200442,-35.20322552745163,-35.203283402354124,-35.20333548976637
87,0,-4.465908118654584,-8.309303407096643,-11.645385727795482,-13.661963968939094,-15.699018819086652,-17.601853316403187,-19.340463321091118,-20.917111923731063,-22.341470763412413,-23.625821100413482,-24.782813246073204,-25.824574987490386,-26.762360411094612,-27.606450501174795,-28.36616528510185,-29.04992179298279,-29.665307603904488,-30.21915658383812,-30.717621227711945,-31.166239556684058,-31.569996073857318,-31.93337692870684,-32.26041968477517,-32.55475815574137,-32.81966277393787,-33.058076927225784,-33.27264966360043,-33.465765125559535,-33.639569040953745,-33.79599256463874,-33.93677373587919,-34.06347678996245,-34.17750953862332,-34.2801390124123,-34.372505538820064,-34.455635412586176,-34.53045229897535,-34.5977874967255,-34.65838917470061,-34.7129306848782,-34.76201804403803,-34.80619666728188,-34.845957428201345,-34.881742113028864,-34.91394832937364,-34.942933924083924,-34.96902095932319,-34.99249929103853,-35.013629789582325,-35.03264723827175,-35.04976294209223,-35.06516707553067,-35.07903079562526,-35.091508143710385,-35.102737756987004,-35.112844408935956,-35.12194039569002,-35.130126783768674,-35.13749453303946,-35.144125507383166,-35.15009338429251,-35.15546447351092,-35.16029845380748,-35.16464903607438,-35.1685645601146,-35.1720885317508,-35.17526010622338,-35.17811452324869,-35.18068349857148,-35.18299557636199,-35.185076446373444,-35.18694922938376,-35.188634734093036,-35.19015168833138,-35.1915169471459,-35.19274568007897,-35.19385153971873,-35.194846813394506,-35.195742559702715,-35.1965487313801,-35.19727428588974,-35.19792728494843,-35.19851498410124,-35.19904391333877,-35.199519949652554,-35.19994838233495,-35.20033397174911,-35.200681002221856,-35.20099332964733,-35.20127442433025,-35.20152740954488,-35.201755096238045,-35.2019600142619,-35.202144440483366,-35.20231042408268,-35.20245980932208,-35.202594256037514,-35.202715258081426,-35.20282415992094,-35.2029221715765,-35.20301038206651,-35.20308977150751,-35.20316122200442,-35.20322552745163,-35.203283402354124,-35.20333548976637
88,0,-4.477336814478207,-8.328058687353469,-11.64798507137855,-13.661963968939094,-15.699018819086652,-17.601853316403187,-19.340463321091118,-20.917111923731063,-22.341470763412413,-23.625821100413482,-24.782813246073204,-25.824574987490386,-26.762360411094612,-27.606450501174795,-28.36616528510185,-29.04992179298279,-29.665307603904488,-30.21915658383812,-30.717621227711945,-31.166239556684058,-31.569996073857318,-31.93337692870684,-32.26041968477517,-32.55475815574137,-32.81966277393787,-33.058076927225784,-33.27264966360043,-33.465765125559535,-33.639569040953745,-33.79599256463874,-33.93677373587919,-34.06347678996245,-34.17750953862332,-34.2801390124123,-34.372505538820064,-34.455635412586176,-34.53045229897535,-34.5977874967255,-34.65838917470061,-34.7129306848782,-34.76201804403803,-34.80619666728188,-34.845957428201345,-34.881742113028864,-34.91394832937364,-34.942933924083924,-34.96902095932319,-34.99249929103853,-35.013629789582325,-35.03264723827175,-35.04976294209223,-35.06516707553067,-35.07903079562526,-35.091508143710385,-35.102737756987004,-35.112844408935956,-35.12194039569002,-35.130126783768674,-35.13749453303946,-35.144125507383166,-35.15009338429251,-35.15546447351092,-35.16029845380748,-35.16464903607438,-35.1685645601146,-35.1720885317508,-35.17526010622338,-35.17811452324869,-35.18068349857148,-35.18299557636199,-35.185076446373444,-35.18694922938376,-35.188634734093036,-35.19015168833138,-35.1915169471459,-35.19274568007897,-35.19385153971873,-35.194846813394506,-35.195742559702715,-35.1965487313801,-35.19727428588974,-35.19792728494843,-35.19851498410124,-35.19904391333877,-35.199519949652554,-35.19994838233495,-35.20033397174911,-35.200681002221856,-35.20099332964733,-35.20127442433025,-35.20152740954488,-35.201755096238045,-35.2019600142619,-35.202144440483366,-35.20231042408268,-35.20245980932208,-35.202594256037514,-35.202715258081426,-35.20282415992094,-35.2029221715765,-35.20301038206651,-35.20308977150751,-35.20316122200442,-35.20322552745163,-35.203283402354124,-35.20333548976637
89,0,-4.48863636973214,-8.346409441053082,-11.64798507137855,-13.661963968939094,-15.699018819086652,-17.601853316403187,-19.340463321091118,-20.917111923731063,-22.341470763412413,-23.625821100413482,-24.782813246073204,-25.824574987490386,-26.762360411094612,-27.606450501174795,-28.36616528510185,-29.04992179298279,-29.665307603904488,-30.21915658383812,-30.717621227711945,-31.166239556684058,-31.569996073857318,-31.93337692870684,-32.26041968477517,-32.55475815574137,-32.81966277393787,-33.058076927225784,-33.27264966360043,-33.465765125559535,-33.639569040953745,-33.79599256463874,-33.93677373587919,-34.06347678996245,-34.17750953862332,-34.2801390124123,-34.372505538820064,-34.455635412586176,-34.53045229897535,-34.5977874967255,-34.65838917470061,-34.7129306848782,-34.76201804403803,-34.80619666728188,-34.845957428201345,-34.881742113028864,-34.91394832937364,-34.942933924083924,-34.96902095932319,-34.99249929103853,-35.013629789582325,-35.03264723827175,-35.04976294209223,-35.06516707553067,-35.07903079562526,-35.091508143710385,-35.102737756987004,-35.112844408935956,-35.12194039569002,-35.130126783768674,-35.13749453303946,-35.144125507383166,-35.15009338429251,-35.15546447351092,-35.16029845380748,-35.16464903607438,-35.1685645601146,-35.1720885317508,-35.17526010622338,-35.17811452324869,-35.18068349857148,-35.18299557636199,-35.185076446373444,-35.18694922938376,-35.188634734093036,-35.19015168833138,-35.1915169471459,-35.19274568007897,-35.19385153971873,-35.194846813394506,-35.195742559702715,-35.1965487313801,-35.19727428588974,-35.19792728494843,-35.19851498410124,-35.19904391333877,-35.199519949652554,-35.19994838233495,-35.20033397174911,-35.200681002221856,-35.20099332964733,-35.20127442433025,-35.20152740954488,-35.201755096238045,-35.2019600142619,-35.202144440483366,-35.20231042408268,-35.20245980932208,-35.202594256037514,-35.202715258081426,-35.20282415992094,-35.2029221715765,-35.20301038206651,-35.20308977150751,-35.20316122200442,-35.20322552745163,-35.203283402354124,-35.20333548976637
90,0,-4.499809670330265,-8.364325868719028,-11.64798507137855,-13.661963968939094,-15.699018819086652,-17.601853316403187,-19.340463321091118,-20.917111923731063,-22.341470763412413,-23.625821100413482,-24.782813246073204,-25.824574987490386,-26.762360411094612,-27.606450501174795,-28.36616528510185,-29.04992179298279,-29.665307603904488,-30.21915658383812,-30.717621227711945,-31.166239556684058,-31.569996073857318,-31.93337692870684,-32.26041968477517,-32.55475815574137,-32.81966277393787,-33.058076927225784,-33.27264966360043,-33.465765125559535,-33.639569040953745,-33.79599256463874,-33.93677373587919,-34.06347678996245,-34.17750953862332,-34.2801390124123,-34.372505538820064,-34.455635412586176,-34.53045229897535,-34.5977874967255,-34.65838917470061,-34.7129306848782,-34.76201804403803,-34.80619666728188,-34.845957428201345,-34.881742113028864,-34.91394832937364,-34.942933924083924,-34.96902095932319,-34.99249929103853,-35.013629789582325,-35.03264723827175,-35.04976294209223,-35.06516707553067,-35.07903079562526,-35.091508143710385,-35.102737756987004,-35.112844408935956,-35.12194039569002,-35.130126783768674,-35.13749453303946,-35.144125507383166,-35.15009338429251,-35.15546447351092,-35.16029845380748,-35.16464903607438,-35.1685645601146,-35.1720885317508,-35.17526010622338,-35.17811452324869,-35.18068349857148,-35.18299557636199,-35.185076446373444,-35.18694922938376,-35.188634734093036,-35.19015168833138,-35.1915169471459,-35.19274568007897,-35.19385153971873,-35.194846813394506,-35.195742559702715,-35.1965487313801,-35.19727428588974,-35.19792728494843,-35.19851498410124,-35.19904391333877,-35.199519949652554,-35.19994838233495,-35.20033397174911,-35.200681002221856,-35.20099332964733,-35.20127442433025,-35.20152740954488,-35.201755096238045,-35.2019600142619,-35.202144440483366,-35.20231042408268,-35.20245980932208,-35.202594256037514,-35.202715258081426,-35.20282415992094,-35.2029221715765,-35.20301038206651,-35.20308977150751,-35.20316122200442,-35.20322552745163,-35.203283402354124,-35.20333548976637
91,0,-4.51085950651685,-8.381767450358748,-11.64798507137855,-13.661963968939094,-15.699018819086652,-17.601853316403187,-19.340463321091118,-20.917111923731063,-22.341470763412413,-23.625821100413482,-24.782813246073204,-25.824574987490386,-26.762360411094612,-27.606450501174795,-28.36616528510185,-29.04992179298279,-29.665307603904488,-30.21915658383812,-30.717621227711945,-31.166239556684058,-31.569996073857318,-31.93337692870684,-32.26041968477517,-32.55475815574137,-32.81966277393787,-33.058076927225784,-33.27264966360043,-33.465765125559535,-33.639569040953745,-33.79599256463874,-33.93677373587919,-34.06347678996245,-34.17750953862332,-34.2801390124123,-34.372505538820064,-34.455635412586176,-34.53045229897535,-34.5977874967255,-34.65838917470061,-34.7129306848782,-34.76201804403803,-34.80619666728188,-34.845957428201345,-34.881742113028864,-34.91394832937364,-34.942933924083924,-34.96902095932319,-34.99249929103853,-35.013629789582325,-35.03264723827175,-35.04976294209223,-35.06516707553067,-35.07903079562526,-35.091508143710385,-35.102737756987004,-35.112844408935956,-35.12194039569002,-35.130126783768674,-35.13749453303946,-35.144125507383166,-35.15009338429251,-35.15546447351092,-35.16029845380748,-35.16464903607438,-35.1685645601146,-35.1720885317508,-35.17526010622338,-35.17811452324869,-35.18068349857148,-35.18299557636199,-35.185076446373444,-35.18694922938376,-35.188634734093036,-35.19015168833138,-35.1915169471459,-35.19274568007897,-35.19385153971873,-35.194846813394506,-35.195742559702715,-35.1965487313801,-35.19727428588974,-35.19792728494843,-35.19851498410124,-35.19904391333877,-35.199519949652554,-35.19994838233495,-35.20033397174911,-35.200681002221856,-35.20099332964733,-35.20127442433025,-35.20152740954488,-35.201755096238045,-35.2019600142619,-35.202144440483366,-35.20231042408268,-35.20245980932208,-35.202594256037514,-35.202715258081426,-35.20282415992094,-35.2029221715765,-35.20301038206651,-35.20308977150751,-35.20316122200442,-35.20322552745163,-35.203283402354124,-35.20333548976637
92,0,-4.5217885770490405,-8.398678302574119,-11.64798507137855,-13.661963968939094,-15.699018819086652,-17.601853316403187,-19.340463321091118,-20.917111923731063,-22.341470763412413,-23.625821100413482,-24.782813246073204,-25.824574987490386,-26.762360411094612,-27.606450501174795,-28.36616528510185,-29.04992179298279,-29.665307603904488,-30.21915658383812,-30.717621227711945,-31.166239556684058,-31.569996073857318,-31.93337692870684,-32.26041968477517,-32.55475815574137,-32.81966277393787,-33.058076927225784,-33.27264966360043,-33.465765125559535,-33.639569040953745,-33.79599256463874,-33.93677373587919,-34.06347678996245,-34.17750953862332,-34.2801390124123,-34.372505538820064,-34.455635412586176,-34.53045229897535,-34.5977874967255,-34.65838917470061,-34.7129306848782,-34.76201804403803,-34.80619666728188,-34.845957428201345,-34.881742113028864,-34.91394832937364,-34.942933924083924,-34.96902095932319,-34.99249929103853,-35.013629789582325,-35.03264723827175,-35.04976294209223,-35.06516707553067,-35.07903079562526,-35.091508143710385,-35.102737756987004,-35.112844408935956,-35.12194039569002,-35.130126783768674,-35.13749453303946,-35.144125507383166,-35.15009338429251,-35.15546447351092,-35.16029845380748,-35.16464903607438,-35.1685645601146,-35.1720885317508,-35.17526010622338,-35.17811452324869,-35.18068349857148,-35.18299557636199,-35.185076446373444,-35.18694922938376,-35.188634734093036,-35.19015168833138,-35.1915169471459,-35.19274568007897,-35.19385153971873,-35.194846813394506,-35.195742559702715,-35.1965487313801,-35.19727428588974,-35.19792728494843,-35.19851498410124,-35.19904391333877,-35.199519949652554,-35.19994838233495,-35.20033397174911,-35.200681002221856,-35.20099332964733,-35.20127442433025,-35.20152740954488,-35.201755096238045,-35.2019600142619,-35.202144440483366,-35.20231042408268,-35.20245980932208,-35.202594256037514,-35.202715258081426,-35.20282415992094,-35.2029221715765,-35.20301038206651,-35.20308977150751,-35.20316122200442,-35.20322552745163,-35.203283402354124,-35.20333548976637
93,0,-4.532599493153256,-8.414979718985133,-11.64798507137855,-13.661963968939094,-15.699018819086652,-17.601853316403187,-19.340463321091118,-20.917111923731063,-22.341470763412413,-23.625821100413482,-24.782813246073204,-25.824574987490386,-26.762360411094612,-27.606450501174795,-28.36616528510185,-29.04992179298279,-29.665307603904488,-30.21915658383812,-30.717621227711945,-31.166239556684058,-31.569996073857318,-31.93337692870684,-32.26041968477517,-32.55475815574137,-32.81966277393787,-33.058076927225784,-33.27264966360043,-33.465765125559535,-33.639569040953745,-33.79599256463874,-33.93677373587919,-34.06347678996245,-34.17750953862332,-34.2801390124123,-34.372505538820064,-34.455635412586176,-34.53045229897535,-34.5977874967255,-34.65838917470061,-34.7129306848782,-34.76201804403803,-34.80619666728188,-34.845957428201345,-34.881742113028864,-34.91394832937364,-34.942933924083924,-34.96902095932319,-34.99249929103853,-35.013629789582325,-35.03264723827175,-35.04976294209223,-35.06516707553067,-35.07903079562526,-35.091508143710385,-35.102737756987004,-35.112844408935956,-35.12194039569002,-35.130126783768674,-35.13749453303946,-35.144125507383166,-35.15009338429251,-35.15546447351092,-35.16029845380748,-35.16464903607438,-35.1685645601146,-35.1720885317508,-35.17526010622338,-35.17811452324869,-35.18068349857148,-35.18299557636199,-35.185076446373444,-35.18694922938376,-35.188634734093036,-35.19015168833138,-35.1915169471459,-35.19274568007897,-35.19385153971873,-35.194846813394506,-35.195742559702715,-35.1965487313801,-35.19727428588974,-35.19792728494843,-35.19851498410124,-35.19904391333877,-35.199519949652554,-35.19994838233495,-35.20033397174911,-35.200681002221856,-35.20099332964733,-35.20127442433025,-35.20152740954488,-35.201755096238045,-35.2019600142619,-35.202144440483366,-35.20231042408268,-35.20245980932208,-35.202594256037514,-35.202715258081426,-35.20282415992094,-35.2029221715765,-35.20301038206651,-35.20308977150751,-35.20316122200442,-35.20322552745163,-35.203283402354124,-35.20333548976637
94,0,-4.543294782270004,-8.43055760250676,-11.64798507137855,-13.661963968939094,-15.699018819086652,-17.601853316403187,-19.340463321091118,-20.917111923731063,-22.341470763412413,-23.625821100413482,-24.782813246073204,-25.824574987490386,-26.762360411094612,-27.606450501174795,-28.36616528510185,-29.04992179298279,-29.665307603904488,-30.21915658383812,-30.717621227711945,-31.166239556684058,-31.569996073857318,-31.93337692870684,-32.26041968477517,-32.55475815574137,-32.81966277393787,-33.058076927225784,-33.27264966360043,-33.465765125559535,-33.639569040953745,-33.79599256463874,-33.93677373587919,-34.06347678996245,-34.17750953862332,-34.2801390124123,-34.372505538820064,-34.455635412586176,-34.53045229897535,-34.5977874967255,-34.65838917470061,-34.7129306848782,-34.76201804403803,-34.80619666728188,-34.845957428201345,-34.881742113028864,-34.91394832937364,-34.942933924083924,-34.96902095932319,-34.99249929103853,-35.013629789582325,-35.03264723827175,-35.04976294209223,-35.06516707553067,-35.07903079562526,-35.091508143710385,-35.102737756987004,-35.112844408935956,-35.12194039569002,-35.130126783768674,-35.13749453303946,-35.144125507383166,-35.15009338429251,-35.15546447351092,-35.16029845380748,-35.16464903607438,-35.1685645601146,-35.1720885317508,-35.17526010622338,-35.17811452324869,-35.18068349857148,-35.18299557636199,-35.185076446373444,-35.18694922938376,-35.188634734093036,-35.19015168833138,-35.1915169471459,-35.19274568007897,-35.19385153971873,-35.194846813394506,-35.195742559702715,-35.1965487313801,-35.19727428588974,-35.19792728494843,-35.19851498410124,-35.19904391333877,-35.199519949652554,-35.19994838233495,-35.20033397174911,-35.200681002221856,-35.20099332964733,-35.20127442433025,-35.20152740954488,-35.201755096238045,-35.2019600142619,-35.202144440483366,-35.20231042408268,-35.20245980932208,-35.202594256037514,-35.202715258081426,-35.20282415992094,-35.2029221715765,-35.20301038206651,-35.20308977150751,-35.20316122200442,-35.20322552745163,-35.203283402354124,-35.20333548976637
95,0,-4.553876891600541,-8.445240016942353,-11.64798507137855,-13.661963968939094,-15.699018819086652,-17.601853316403187,-19.340463321091118,-20.917111923731063,-22.341470763412413,-23.625821100413482,-24.782813246073204,-25.824574987490386,-26.762360411094612,-27.606450501174795,-28.36616528510185,-29.04992179298279,-29.665307603904488,-30.21915658383812,-30.717621227711945,-31.166239556684058,-31.569996073857318,-31.93337692870684,-32.26041968477517,-32.55475815574137,-32.81966277393787,-33.058076927225784,-33.27264966360043,-33.465765125559535,-33.639569040953745,-33.79599256463874,-33.93677373587919,-34.06347678996245,-34.17750953862332,-34.2801390124123,-34.372505538820064,-34.455635412586176,-34.53045229897535,-34.5977874967255,-34.65838917470061,-34.7129306848782,-34.76201804403803,-34.80619666728188,-34.845957428201345,-34.881742113028864,-34.91394832937364,-34.942933924083924,-34.96902095932319,-34.99249929103853,-35.013629789582325,-35.03264723827175,-35.04976294209223,-35.06516707553067,-35.07903079562526,-35.091508143710385,-35.102737756987004,-35.112844408935956,-35.12194039569002,-35.130126783768674,-35.13749453303946,-35.144125507383166,-35.15009338429251,-35.15546447351092,-35.16029845380748,-35.16464903607438,-35.1685645601146,-35.1720885317508,-35.17526010622338,-35.17811452324869,-35.18068349857148,-35.18299557636199,-35.185076446373444,-35.18694922938376,-35.188634734093036,-35.19015168833138,-35.1915169471459,-35.19274568007897,-35.19385153971873,-35.194846813394506,-35.195742559702715,-35.1965487313801,-35.19727428588974,-35.19792728494843,-35.19851498410124,-35.19904391333877,-35.199519949652554,-35.19994838233495,-35.20033397174911,-35.200681002221856,-35.20099332964733,-35.20127442433025,-35.20152740954488,-35.201755096238045,-35.2019600142619,-35.202144440483366,-35.20231042408268,-35.20245980932208,-35.202594256037514,-35.202715258081426,-35.20282415992094,-35.2029221715765,-35.20301038206651,-35.20308977150751,-35.20316122200442,-35.20322552745163,-35.203283402354124,-35.20333548976637
96,0,-4.564348191467836,-8.458754019434116,-11.64798507137855,-13.661963968939094,-15.699018819086652,-17.601853316403187,-19.340463321091118,-20.917111923731063,-22.341470763412413,-23.625821100413482,-24.782813246073204,-25.824574987490386,-26.762360411094612,-27.606450501174795,-28.36616528510185,-29.04992179298279,-29.665307603904488,-30.21915658383812,-30.717621227711945,-31.166239556684058,-31.569996073857318,-31.93337692870684,-32.26041968477517,-32.55475815574137,-32.81966277393787,-33.058076927225784,-33.27264966360043,-33.465765125559535,-33.639569040953745,-33.79599256463874,-33.93677373587919,-34.06347678996245,-34.17750953862332,-34.2801390124123,-34.372505538820064,-34.455635412586176,-34.53045229897535,-34.5977874967255,-34.65838917470061,-34.7129306848782,-34.76201804403803,-34.80619666728188,-34.845957428201345,-34.881742113028864,-34.91394832937364,-34.942933924083924,-34.96902095932319,-34.99249929103853,-35.013629789582325,-35.03264723827175,-35.04976294209223,-35.06516707553067,-35.07903079562526,-35.091508143710385,-35.102737756987004,-35.112844408935956,-35.12194039569002,-35.130126783768674,-35.13749453303946,-35.144125507383166,-35.15009338429251,-35.15546447351092,-35.16029845380748,-35.16464903607438,-35.1685645601146,-35.1720885317508,-35.17526010622338,-35.17811452324869,-35.18068349857148,-35.18299557636199,-35.185076446373444,-35.18694922938376,-35.188634734093036,-35.19015168833138,-35.1915169471459,-35.19274568007897,-35.19385153971873,-35.194846813394506,-35.195742559702715,-35.1965487313801,-35.19727428588974,-35.19792728494843,-35.19851498410124,-35.19904391333877,-35.199519949652554,-35.19994838233495,-35.20033397174911,-35.200681002221856,-35.20099332964733,-35.20127442433025,-35.20152740954488,-35.201755096238045,-35.2019600142619,-35.202144440483366,-35.20231042408268,-35.20245980932208,-35.202594256037514,-35.202715258081426,-35.20282415992094,-35.2029221715765,-35.20301038206651,-35.20308977150751,-35.20316122200442,-35.20322552745163,-35.203283402354124,-35.20333548976637
97,0,-4.574710978503383,-8.470634263416166,-11.64798507137855,-13.661963968939094,-15.699018819086652,-17.601853316403187,-19.340463321091118,-20.917111923731063,-22.341470763412413,-23.625821100413482,-24.782813246073204,-25.824574987490386,-26.762360411094612,-27.606450501174795,-28.36616528510185,-29.04992179298279,-29.665307603904488,-30.21915658383812,-30.717621227711945,-31.166239556684058,-31.569996073857318,-31.93337692870684,-32.26041968477517,-32.55475815574137,-32.81966277393787,-33.058076927225784,-33.27264966360043,-33.465765125559535,-33.639569040953745,-33.79599256463874,-33.93677373587919,-34.06347678996245,-34.17750953862332,-34.2801390124123,-34.372505538820064,-34.455635412586176,-34.53045229897535,-34.5977874967255,-34.65838917470061,-34.7129306848782,-34.76201804403803,-34.80619666728188,-34.845957428201345,-34.881742113028864,-34.91394832937364,-34.942933924083924,-34.96902095932319,-34.99249929103853,-35.013629789582325,-35.03264723827175,-35.04976294209223,-35.06516707553067,-35.07903079562526,-35.091508143710385,-35.102737756987004,-35.112844408935956,-35.12194039569002,-35.130126783768674,-35.13749453303946,-35.144125507383166,-35.15009338429251,-35.15546447351092,-35.16029845380748,-35.16464903607438,-35.1685645601146,-35.1720885317508,-35.17526010622338,-35.17811452324869,-35.18068349857148,-35.18299557636199,-35.185076446373444,-35.18694922938376,-35.188634734093036,-35.19015168833138,-35.1915169471459,-35.19274568007897,-35.19385153971873,-35.194846813394506,-35.195742559702715,-35.1965487313801,-35.19727428588974,-35.19792728494843,-35.19851498410124,-35.19904391333877,-35.199519949652554,-35.19994838233495,-35.20033397174911,-35.200681002221856,-35.20099332964733,-35.20127442433025,-35.20152740954488,-35.201755096238045,-35.2019600142619,-35.202144440483366,-35.20231042408268,-35.20245980932208,-35.202594256037514,-35.202715258081426,-35.20282415992094,-35.2029221715765,-35.20301038206651,-35.20308977150751,-35.20316122200442,-35.20322552745163,-35.203283402354124,-35.20333548976637
98,0,-4.584967478670572,-8.480002295254593,-11.64798507137855,-13.661963968939094,-15.699018819086652,-17.601853316403187,-19.340463321091118,-20.917111923731063,-22.341470763412413,-23.625821100413482,-24.782813246073204,-25.824574987490386,-26.762360411094612,-27.606450501174795,-28.36616528510185,-29.04992179298279,-29.665307603904488,-30.21915658383812,-30.717621227711945,-31.166239556684058,-31.569996073857318,-31.93337692870684,-32.26041968477517,-32.55475815574137,-32.81966277393787,-33.058076927225784,-33.27264966360043,-33.465765125559535,-33.639569040953745,-33.79599256463874,-33.93677373587919,-34.06347678996245,-34.17750953862332,-34.2801390124123,-34.372505538820064,-34.455635412586176,-34.53045229897535,-34.5977874967255,-34.65838917470061,-34.7129306848782,-34.76201804403803,-34.80619666728188,-34.845957428201345,-34.881742113028864,-34.91394832937364,-34.942933924083924,-34.96902095932319,-34.99249929103853,-35.013629789582325,-35.03264723827175,-35.04976294209223,-35.06516707553067,-35.07903079562526,-35.091508143710385,-35.102737756987004,-35.112844408935956,-35.12194039569002,-35.130126783768674,-35.13749453303946,-35.144125507383166,-35.15009338429251,-35.15546447351092,-35.16029845380748,-35.16464903607438,-35.1685645601146,-35.1720885317508,-35.17526010622338,-35.17811452324869,-35.18068349857148,-35.18299557636199,-35.185076446373444,-35.18694922938376,-35.188634734093036,-35.19015168833138,-35.1915169471459,-35.19274568007897,-35.19385153971873,-35.194846813394506,-35.195742559702715,-35.1965487313801,-35.19727428588974,-35.19792728494843,-35.19851498410124,-35.19904391333877,-35.199519949652554,-35.19994838233495,-35.20033397174911,-35.200681002221856,-35.20099332964733,-35.20127442433025,-35.20152740954488,-35.201755096238045,-35.2019600142619,-35.202144440483366,-35.20231042408268,-35.20245980932208,-35.202594256037514,-35.202715258081426,-35.20282415992094,-35.2029221715765,-35.20301038206651,-35.20308977150751,-35.20316122200442,-35.20322552745163,-35.203283402354124,-35.20333548976637
99,0,-4.59511985013459,-8.484920536891323,-11.64798507137855,-13.661963968939094,-15.699018819086652,-17.601853316403187,-19.340463321091118,-20.917111923731063,-22.341470763412413,-23.625821100413482,-24.782813246073204,-25.824574987490386,-26.762360411094612,-27.606450501174795,-28.36616528510185,-29.04992179298279,-29.665307603904488,-30.21915658383812,-30.717621227711945,-31.166239556684058,-31.569996073857318,-31.93337692870684,-32.26041968477517,-32.55475815574137,-32.81966277393787,-33.058076927225784,-33.27264966360043,-33.465765125559535,-33.639569040953745,-33.79599256463874,-33.93677373587919,-34.06347678996245,-34.17750953862332,-34.2801390124123,-34.372505538820064,-34.455635412586176,-34.53045229897535,-34.5977874967255,-34.65838917470061,-34.7129306848782,-34.76201804403803,-34.80619666728188,-34.845957428201345,-34.881742113028864,-34.91394832937364,-34.942933924083924,-34.96902095932319,-34.99249929103853,-35.013629789582325,-35.03264723827175,-35.04976294209223,-35.06516707553067,-35.07903079562526,-35.091508143710385,-35.102737756987004,-35.112844408935956,-35.12194039569002,-35.130126783768674,-35.13749453303946,-35.144125507383166,-35.15009338429251,-35.15546447351092,-35.16029845380748,-35.16464903607438,-35.1685645601146,-35.1720885317508,-35.17526010622338,-35.17811452324869,-35.18068349857148,-35.18299557636199,-35.185076446373444,-35.18694922938376,-35.188634734093036,-35.19015168833138,-35.1915169471459,-35.19274568007897,-35.19385153971873,-35.194846813394506,-35.195742559702715,-35.1965487313801,-35.19727428588974,-35.19792728494843,-35.19851498410124,-35.19904391333877,-35.199519949652554,-35.19994838233495,-35.20033397174911,-35.200681002221856,-35.20099332964733,-35.20127442433025,-35.20152740954488,-35.201755096238045,-35.2019600142619,-35.202144440483366,-35.20231042408268,-35.20245980932208,-35.202594256037514,-35.202715258081426,-35.20282415992094,-35.2029221715765,-35.20301038206651,-35.20308977150751,-35.20316122200442,-35.20322552745163,-35.203283402354124,-35.20333548976637
100,0,-4.605170185988092,-8.479797219367633,-11.64798507137855,-13.661963968939094,-15.699018819086652,-17.601853316403187,-19.340463321091118,-20.917111923731063,-22.341470763412413,-23.625821100413482,-24.782813246073204,-25.824574987490386,-26.762360411094612,-27.606450501174795,-28.36616528510185,-29.04992179298279,-29.665307603904488,-30.21915658383812,-30.717621227711945,-31.166239556684058,-31.569996073857318,-31.93337692870684,-32.26041968477517,-32.55475815574137,-32.81966277393787,-33.058076927225784,-33.27264966360043,-33.465765125559535,-33.639569040953745,-33.79599256463874,-33.93677373587919,-34.06347678996245,-34.17750953862332,-34.2801390124123,-34.372505538820064,-34.455635412586176,-34.53045229897535,-34.5977874967255,-34.65838917470061,-34.7129306848782,-34.76201804403803,-34.80619666728188,-34.845957428201345,-34.881742113028864,-34.91394832937364,-34.942933924083924,-34.96902095932319,-34.99249929103853,-35.013629789582325,-35.03264723827175,-35.04976294209223,-35.06516707553067,-35.07903079562526,-35.091508143710385,-35.102737756987004,-35.112844408935956,-35.12194039569002,-35.130126783768674,-35.13749453303946,-35.144125507383166,-35.15009338429251,-35.15546447351092,-35.16029845380748,-35.16464903607438,-35.1685645601146,-35.1720885317508,-35.17526010622338,-35.17811452324869,-35.18068349857148,-35.18299557636199,-35.185076446373444,-35.18694922938376,-35.188634734093036,-35.19015168833138,-35.1915169471459,-35.19274568007897,-35.19385153971873,-35.194846813394506,-35.195742559702715,-35.1965487313801,-35.19727428588974,-35.19792728494843,-35.19851498410124,-35.19904391333877,-35.199519949652554,-35.19994838233495,-35.20033397174911,-35.200681002221856,-35.20099332964733,-35.20127442433025,-35.20152740954488,-35.201755096238045,-35.2019600142619,-35.202144440483366,-35.20231042408268,-35.20245980932208,-35.202594256037514,-35.202715258081426,-35.20282415992094,-35.2029221715765,-35.20301038206651,-35.20308977150751,-35.20316122200442,-35.20322552745163,-35.203283402354124,-35.20333548976637
